trial,blend_rate,borrow_penalty,cov_lookback_days,rebalance_freq,spread_penalty,vol_cap,vol_floor,vol_lookback_days,vol_target,Month_0,Month_1,Month_2,Month_3,Month_4,Month_5,Month_6,Month_7,Month_8,Month_9,Month_10,Month_11,Month_12,Month_13,Month_14,Month_15,Month_16,Month_17,Month_18,Month_19,Month_20,Month_21,Month_22,Month_23,Month_24,Month_25,Month_26,Month_27,Month_28,Month_29,Month_30,Month_31,Month_32,Month_33,Month_34,Month_35,Mean_Sharpe,Var_Sharpe,Std_Sharpe,Min_Sharpe,Max_Sharpe,Objective_Value,Duration_s
482,0.25655263102117765,1.5002803142321415,21,52,1.545249776813726,0.8582259537461853,0.14408373061715593,8,0.2942366754406362,-0.649073,-3.805980,0.587296,1.509498,2.837334,1.679528,0.850704,2.403921,2.723701,-2.069846,2.392458,-2.489760,0.301694,-1.242962,3.875360,-1.987904,5.377735,2.363599,-0.820513,-0.518922,-3.393640,0.973538,-2.386565,3.214800,1.149599,2.084278,3.953105,3.073607,2.502315,-3.975393,0.557602,3.046953,6.030792,0.233723,-3.116453,3.901433,0.865766,6.852999,2.617823,-3.975393,6.030792,0.330720,0.2
152,0.1745784799934472,1.5108671404976877,21,47,1.5376744504923152,0.7618332047270985,0.2496730880952506,5,0.11482360890614794,-0.620028,-3.800929,0.570680,1.487486,2.842658,1.630233,0.855615,2.388219,2.721623,-2.079625,2.387928,-2.497191,0.286759,-1.223768,3.880080,-1.988681,5.385236,2.370845,-0.825485,-0.500626,-3.394286,0.964152,-2.360920,3.213339,1.122576,2.078725,3.940878,3.081458,2.518802,-3.971162,0.577762,3.048604,6.008679,0.209197,-3.109473,3.895180,0.863737,6.833969,2.614186,-3.971162,6.008679,0.330404,0.2
487,0.24997543849980414,1.4486319930093285,10,50,1.5140447908641832,0.8432462621651245,0.15892138812819673,9,0.29149570238189276,-0.633642,-3.894020,0.658810,1.496051,2.949769,1.948829,0.820779,2.519519,2.655613,-1.960291,2.337470,-2.504486,0.444487,-1.345690,3.878907,-1.908221,5.334873,2.399723,-0.763687,-0.772990,-3.466452,1.054248,-2.514301,3.336885,1.308851,2.151438,3.978482,2.985739,2.186798,-4.045474,0.249792,3.124576,6.025705,0.226604,-3.041206,3.844109,0.862989,6.934368,2.633319,-4.045474,6.025705,0.327719,0.2
121,0.19456701380879726,1.4799380829989777,21,47,1.5841847012168633,0.8103762604460154,0.2608188114890499,11,0.13305211565435573,-0.696646,-3.814158,0.604767,1.542048,2.812358,1.758879,0.820350,2.433193,2.726451,-2.071065,2.390416,-2.461460,0.328919,-1.292335,3.851820,-1.980882,5.366040,2.337370,-0.835112,-0.539538,-3.402540,0.969080,-2.429103,3.225190,1.213361,2.085993,3.973741,3.039127,2.456401,-3.990372,0.501348,3.033552,6.046407,0.264946,-3.132406,3.929034,0.862922,6.880160,2.623006,-3.990372,6.046407,0.328982,0.2
192,0.7039627174167805,1.480291688133398,22,53,1.53794046799385,0.7386994134580995,0.33161450743388377,32,0.11473331143172558,-0.700427,-3.817098,0.594465,1.525494,2.820574,1.722645,0.837478,2.430670,2.709749,-2.051668,2.400234,-2.475192,0.348820,-1.269155,3.864515,-1.969361,5.315164,2.338865,-0.829247,-0.537677,-3.439125,0.995851,-2.458428,3.220999,1.213793,2.072403,3.960849,3.037743,2.469678,-3.986020,0.540336,3.038879,6.036958,0.256182,-3.114913,3.944495,0.862459,6.868228,2.620730,-3.986020,6.036958,0.329091,0.2
322,0.20212779000220743,1.5334787694086593,22,54,1.556591756701851,0.7905449452988603,0.1509647270440144,33,0.28122016287730545,-0.564192,-3.819385,0.545457,1.424622,2.859970,1.476395,0.898925,2.360500,2.738307,-2.081996,2.395956,-2.531669,0.269397,-1.205955,3.887771,-1.991841,5.414004,2.450670,-0.837778,-0.423226,-3.412848,0.974465,-2.310656,3.186983,1.089015,2.056201,3.928789,3.089069,2.580578,-3.972257,0.565115,3.011837,6.008530,0.174813,-3.114795,3.911802,0.862016,6.841789,2.615681,-3.972257,6.008530,0.329557,0.2
120,0.19860921994743952,1.4614026639503581,21,49,1.6008051871140683,0.8061178563367153,0.2902934581375745,11,0.11599500965525827,-0.741612,-3.818283,0.623049,1.574754,2.794139,1.838174,0.793639,2.459492,2.725258,-2.065862,2.390779,-2.438832,0.355623,-1.329438,3.836137,-1.972869,5.342894,2.308291,-0.840539,-0.567059,-3.408433,0.971238,-2.474111,3.233744,1.266432,2.088103,3.990586,3.012859,2.415519,-4.000095,0.466511,3.031481,6.058714,0.294766,-3.141045,3.948944,0.861749,6.899861,2.626759,-4.000095,6.058714,0.328065,0.2
283,0.5819076933837417,1.4971697617447677,21,48,1.5263373761033072,0.6947574838248548,0.32596113808777455,34,0.24617110764422961,-0.651833,-3.795247,0.580816,1.516281,2.827707,1.694582,0.847041,2.405692,2.709201,-2.077587,2.386546,-2.473366,0.311302,-1.240104,3.873770,-1.972095,5.339454,2.321014,-0.835659,-0.530554,-3.405686,0.961215,-2.406538,3.230674,1.163927,2.074915,3.942976,3.057136,2.478684,-3.978611,0.572814,3.060866,5.994600,0.224479,-3.099428,3.906405,0.861539,6.823411,2.612166,-3.978611,5.994600,0.329818,0.2
316,0.22546710918936227,1.5350270168464422,21,49,1.5283637674058943,0.7390861673978556,0.32612459271963723,35,0.12823293372421607,-0.560736,-3.796365,0.551425,1.450680,2.853906,1.533273,0.885862,2.362088,2.725460,-2.095670,2.384123,-2.511546,0.259843,-1.198011,3.892173,-1.984902,5.394674,2.388624,-0.842915,-0.455788,-3.384607,0.949102,-2.311652,3.207282,1.081218,2.061668,3.919033,3.086574,2.550840,-3.969824,0.596583,3.047817,5.973002,0.172258,-3.097546,3.884043,0.861166,6.800502,2.607777,-3.969824,5.973002,0.330230,0.2
143,0.11635002694008267,1.4746191704797023,24,50,1.5463925750685366,0.8139210358468325,0.2411367956522147,8,0.12516675066755112,-0.724403,-3.837808,0.638366,1.552479,2.803917,1.703932,0.818612,2.428182,2.757034,-2.032192,2.415255,-2.457130,0.375377,-1.276127,3.844708,-1.938854,5.314705,2.367637,-0.851084,-0.584759,-3.437477,0.999820,-2.480384,3.193732,1.193082,2.062310,3.976686,3.030331,2.470367,-4.000294,0.476616,3.060083,6.077228,0.251711,-3.103127,3.910831,0.861093,6.885653,2.624053,-4.000294,6.077228,0.328154,0.2
276,0.9562043108253714,1.4858265547263336,21,51,1.51950010862151,0.7173257075205411,0.33152262621927514,33,0.12298498540655689,-0.677923,-3.792248,0.592691,1.541103,2.818528,1.745907,0.828999,2.419003,2.702807,-2.073013,2.388223,-2.455970,0.331110,-1.254251,3.870591,-1.960370,5.305705,2.287264,-0.841331,-0.553754,-3.412260,0.961859,-2.441408,3.242846,1.196520,2.072853,3.946349,3.040009,2.450494,-3.985135,0.562797,3.069007,5.989643,0.240720,-3.092103,3.913351,0.860517,6.820062,2.611525,-3.985135,5.989643,0.329507,0.2
92,0.19651908147345976,1.5692159750719852,21,48,1.536928577309316,0.8569153974319258,0.2633420711686972,11,0.1388664935217364,-0.522537,-3.820359,0.575775,1.434438,2.848500,1.480889,0.867769,2.382620,2.739240,-2.099168,2.384503,-2.535998,0.242037,-1.225521,3.894331,-1.972800,5.406603,2.415045,-0.870846,-0.398521,-3.336025,0.957643,-2.287740,3.176104,1.090198,2.038575,3.918071,3.052542,2.561750,-3.980786,0.579947,3.031819,5.997692,0.182756,-3.124638,3.894525,0.860512,6.806235,2.608876,-3.980786,5.997692,0.329840,0.2
193,0.698558418304892,1.5010992898257545,24,53,1.544706155845526,0.7400500401314787,0.33530651476488643,34,0.10723204213136044,-0.656425,-3.834501,0.605444,1.499143,2.823292,1.583360,0.856414,2.390863,2.764372,-2.048684,2.410146,-2.485233,0.334394,-1.237391,3.857683,-1.951252,5.360765,2.415874,-0.851549,-0.533602,-3.429270,0.987491,-2.407901,3.179482,1.122853,2.056034,3.956841,3.061650,2.523570,-3.989114,0.507808,3.052843,6.054144,0.202914,-3.099094,3.892129,0.860430,6.863728,2.619872,-3.989114,6.054144,0.328425,0.2
278,0.4583739374003154,1.4881848850657553,20,55,1.533967187445709,0.7184621325622629,0.33335722879982266,35,0.10582237463381534,-0.654949,-3.812653,0.585529,1.529357,2.800917,1.727092,0.823063,2.421839,2.724235,-2.061314,2.395500,-2.486682,0.362318,-1.252486,3.850765,-1.997061,5.318514,2.293351,-0.833219,-0.546363,-3.457284,0.996690,-2.445112,3.238724,1.186829,2.065190,3.944401,3.078240,2.462008,-3.964423,0.545720,3.069301,6.014039,0.233583,-3.102579,3.920680,0.860382,6.853014,2.617826,-3.964423,6.014039,0.328663,0.2
329,0.7635178936139837,1.4645744828799385,21,51,1.5133800569945097,0.8166170049494398,0.16002179061655564,6,0.24721308973254288,-0.728287,-3.790567,0.618054,1.586313,2.804145,1.840613,0.796074,2.444472,2.695815,-2.060731,2.393555,-2.429037,0.365844,-1.282929,3.864367,-1.944324,5.255675,2.238829,-0.845151,-0.595130,-3.420147,0.968474,-2.501513,3.259345,1.253663,2.072990,3.957290,3.013620,2.405040,-3.995712,0.538743,3.079501,5.994814,0.275885,-3.085376,3.924923,0.860254,6.827003,2.612854,-3.995712,5.994814,0.329239,0.2
220,0.9355874044333983,1.4653568889233484,24,50,1.538186383378121,0.7755192948106219,0.35250338918909585,36,0.1428909422866056,-0.746841,-3.835162,0.646346,1.570892,2.795162,1.747091,0.806917,2.440436,2.748908,-2.028611,2.414874,-2.444224,0.390847,-1.285585,3.840492,-1.930563,5.287999,2.339008,-0.853905,-0.605892,-3.443729,1.001053,-2.509738,3.202305,1.217650,2.061954,3.979372,3.016718,2.446934,-4.003496,0.475755,3.067931,6.074027,0.263808,-3.098851,3.917460,0.860204,6.883637,2.623669,-4.003496,6.074027,0.327863,0.3
221,0.9343269574674526,1.4514243137914749,24,50,1.5379958817684671,0.7760914669204851,0.36505154120033806,37,0.14417756004521062,-0.780889,-3.834659,0.659321,1.595577,2.784668,1.810339,0.788943,2.460088,2.746353,-2.021524,2.415405,-2.429205,0.413270,-1.309151,3.830166,-1.924087,5.260435,2.313773,-0.851150,-0.633628,-3.447725,1.005306,-2.547536,3.207658,1.253826,2.063295,3.993150,3.000016,2.415678,-4.006961,0.461105,3.076330,6.076035,0.284249,-3.101451,3.932503,0.859987,6.892871,2.625428,-4.006961,6.076035,0.327561,0.3
173,0.15725003544215355,1.469744261998341,22,54,1.5947659927590792,0.7493049350135539,0.2593863625616083,5,0.16458655462348473,-0.721203,-3.829457,0.603263,1.536426,2.804516,1.749720,0.818295,2.445956,2.724908,-2.059345,2.398571,-2.459327,0.358870,-1.312644,3.843455,-1.972893,5.335654,2.347089,-0.845149,-0.530111,-3.440760,0.987111,-2.464036,3.221848,1.252403,2.072941,3.979527,3.014599,2.450465,-3.999862,0.473278,3.012219,6.055490,0.274746,-3.137001,3.967338,0.859914,6.900185,2.626820,-3.999862,6.055490,0.327359,0.2
203,0.7519923642674772,1.4390556500958815,21,49,1.617648931103628,0.7266883435766149,0.31894733370988687,35,0.12696025282505324,-0.794763,-3.820415,0.639198,1.609769,2.771072,1.935879,0.764615,2.492463,2.723876,-2.061523,2.387643,-2.411741,0.389009,-1.377686,3.812371,-1.963332,5.310099,2.272116,-0.843317,-0.602672,-3.415176,0.971516,-2.529438,3.240980,1.329439,2.088823,4.015308,2.980843,2.360866,-4.008034,0.430343,3.035626,6.060467,0.324167,-3.152790,3.980237,0.859607,6.920323,2.630651,-4.008034,6.060467,0.326766,0.2
254,0.9640237727711103,1.5469312798118973,22,49,1.5686892613070669,0.7422368925386038,0.34351277484880655,33,0.11715593553538751,-0.546567,-3.828015,0.549251,1.414590,2.852210,1.451589,0.892730,2.368611,2.742832,-2.090789,2.391951,-2.536414,0.261689,-1.221090,3.882816,-1.985415,5.420407,2.456360,-0.856713,-0.396186,-3.397585,0.969853,-2.299068,3.177430,1.096507,2.044351,3.927774,3.069470,2.579374,-3.978356,0.553458,3.001877,6.009146,0.173072,-3.126619,3.921278,0.859606,6.840649,2.615463,-3.978356,6.009146,0.328663,0.2
198,0.804716987253716,1.4981074356613608,22,52,1.595607115445413,0.7213295149178603,0.3404816074293163,35,0.12134625780210523,-0.646243,-3.826306,0.570682,1.479905,2.827281,1.614803,0.857476,2.404059,2.735535,-2.076633,2.394796,-2.489648,0.315298,-1.269150,3.857799,-1.985183,5.385766,2.402126,-0.846691,-0.473418,-3.432193,0.973947,-2.384819,3.207099,1.178319,2.065677,3.958933,3.047882,2.510970,-3.989316,0.500344,3.003258,6.031897,0.224092,-3.131354,3.946703,0.859547,6.877075,2.622418,-3.989316,6.031897,0.327769,0.2
326,0.7721251196455373,1.4679643244739875,22,47,1.5195673456412107,0.8094037953600961,0.31099564416872394,35,0.28722729228191946,-0.722418,-3.806784,0.606604,1.556340,2.811480,1.773725,0.813635,2.438875,2.700336,-2.049524,2.403173,-2.447171,0.374656,-1.280273,3.866513,-1.947302,5.254610,2.283421,-0.846018,-0.563451,-3.450438,0.989458,-2.499885,3.244015,1.252726,2.061417,3.956100,3.011786,2.434296,-3.997644,0.528908,3.055656,6.008032,0.268352,-3.090949,3.949261,0.859487,6.844201,2.616142,-3.997644,6.008032,0.328532,0.2
80,0.13099772944767343,1.601424749372917,10,48,1.5518704033417727,0.7633754425985233,0.31414481192954563,8,0.11220062164431646,-0.342279,-3.939814,0.602477,1.285584,2.972938,1.481368,0.888905,2.447836,2.705020,-2.025248,2.319934,-2.650546,0.274030,-1.276253,3.912079,-1.931528,5.517442,2.614910,-0.836401,-0.484909,-3.334057,1.037724,-2.221482,3.212225,1.118474,2.089524,3.914133,3.005334,2.389811,-4.032408,0.294494,3.051788,6.053905,0.114535,-3.112300,3.814310,0.859210,6.895965,2.626017,-4.032408,6.053905,0.327191,0.2
83,0.12154556109398437,1.6016219317891647,10,52,1.5379811882146834,0.7677318333398656,0.3295602982074232,10,0.11731181776172142,-0.341835,-3.935870,0.602243,1.289018,2.974095,1.485191,0.895145,2.447154,2.700512,-2.023920,2.320332,-2.647334,0.277221,-1.270146,3.916211,-1.926230,5.501448,2.601590,-0.837606,-0.489896,-3.335175,1.037124,-2.227971,3.216741,1.118912,2.086597,3.910326,3.003447,2.385672,-4.032433,0.304699,3.059735,6.043398,0.113157,-3.103610,3.811444,0.859150,6.883533,2.623649,-4.032433,6.043398,0.327464,0.2
216,0.9568621395708378,1.4660700703797667,23,45,1.5719159098146072,0.792914388172891,0.3363951949272217,37,0.13905232921725547,-0.733452,-3.827880,0.601992,1.543245,2.795708,1.767718,0.810602,2.444624,2.718346,-2.040231,2.409793,-2.453087,0.361594,-1.302623,3.844713,-1.950106,5.312601,2.342410,-0.845538,-0.585819,-3.450013,1.003060,-2.472324,3.216856,1.236629,2.075184,3.978674,3.019168,2.432146,-4.003121,0.468632,3.028867,6.053664,0.289640,-3.127197,3.955698,0.858894,6.890029,2.624886,-4.003121,6.053664,0.327212,0.3
346,0.9176561444994241,1.5143803707476127,24,51,1.5321262270144183,0.782629662539489,0.1605327602387837,35,0.2801041925280586,-0.615454,-3.825912,0.589776,1.477548,2.835244,1.518588,0.869714,2.365578,2.766539,-2.058709,2.409874,-2.490477,0.318184,-1.213351,3.870874,-1.947042,5.358627,2.421836,-0.862004,-0.508356,-3.428137,0.975502,-2.375853,3.181835,1.091592,2.043655,3.938627,3.070884,2.545934,-3.988271,0.521460,3.057416,6.020522,0.174542,-3.079660,3.878906,0.858612,6.832438,2.613893,-3.988271,6.020522,0.328480,0.3
415,0.18668523119018568,1.404506329116926,10,28,1.5553651792348389,0.6508258839592755,0.3290019531370893,35,0.2654835193128455,-0.726794,-3.922952,0.694621,1.543320,2.878476,2.145413,0.779485,2.613033,2.654842,-1.917874,2.324695,-2.543954,0.511848,-1.437593,3.837462,-1.938656,5.298393,2.359127,-0.756115,-0.861115,-3.470533,1.090985,-2.626987,3.287937,1.382796,2.175854,3.983706,2.959151,2.104554,-4.062065,0.229065,3.128450,6.097434,0.298126,-3.112279,3.902213,0.858446,7.031813,2.651757,-4.062065,6.097434,0.323727,0.2
463,0.4541956632011608,1.4863882205088186,23,51,1.5339679376731643,0.7074082766546977,0.18046893665291625,5,0.12129985235652808,-0.682417,-3.815525,0.575872,1.509368,2.813010,1.685189,0.841053,2.414317,2.710200,-2.048392,2.406383,-2.472030,0.335296,-1.255232,3.863740,-1.949683,5.313540,2.351231,-0.843628,-0.563315,-3.448509,0.996052,-2.433787,3.213946,1.179487,2.067166,3.953756,3.043821,2.466113,-3.990904,0.526154,3.043827,6.017153,0.247865,-3.106210,3.934510,0.858317,6.848533,2.616970,-3.990904,6.017153,0.327981,0.2
249,0.9957825766474943,1.5630642521117062,22,50,1.5685226845838844,0.7532210883715816,0.32878395707081365,34,0.11423516211371562,-0.527076,-3.836481,0.558140,1.406916,2.847548,1.427360,0.884360,2.377818,2.745956,-2.095131,2.390416,-2.544593,0.254212,-1.232532,3.883380,-1.975996,5.418153,2.459542,-0.873811,-0.370308,-3.377134,0.970335,-2.290455,3.166092,1.102376,2.030752,3.924387,3.050094,2.580017,-3.983891,0.550048,2.997222,6.011316,0.174404,-3.135160,3.926856,0.858198,6.835399,2.614460,-3.983891,6.011316,0.328251,0.2
158,0.14925331684741988,1.5226392614720248,20,53,1.5960322834729677,0.7433217170806228,0.2514371999923225,10,0.14317262419306026,-0.556694,-3.821723,0.545161,1.448047,2.824454,1.534823,0.868108,2.368834,2.759587,-2.093732,2.389596,-2.522165,0.301283,-1.227808,3.854062,-2.025271,5.426622,2.399201,-0.847620,-0.447438,-3.441771,0.970269,-2.319116,3.212381,1.104299,2.056416,3.931658,3.110894,2.546296,-3.960870,0.514602,3.025805,6.002191,0.174643,-3.119090,3.908607,0.858182,6.856170,2.618429,-3.960870,6.002191,0.327747,0.2
353,0.7985379846781482,1.555238117002617,20,50,1.5645437967115587,0.7727547868263284,0.15528591546038792,34,0.28692763363833196,-0.514692,-3.830380,0.556600,1.429131,2.827486,1.480847,0.865497,2.376395,2.757749,-2.094331,2.388735,-2.547600,0.282838,-1.222638,3.867516,-2.010911,5.414536,2.404633,-0.863672,-0.409419,-3.405048,0.979099,-2.300993,3.190569,1.091067,2.035580,3.916880,3.093969,2.560746,-3.961129,0.546944,3.032455,6.001655,0.169168,-3.124091,3.904365,0.858043,6.834759,2.614337,-3.961129,6.001655,0.328207,0.2
214,0.9360782599376689,1.506804198476497,23,47,1.5763904475111123,0.7809603437251765,0.32232140135466203,37,0.1393651520434327,-0.625960,-3.823959,0.554812,1.463244,2.828481,1.572713,0.864818,2.384287,2.735346,-2.065169,2.405063,-2.495687,0.298419,-1.243806,3.866126,-1.968301,5.383370,2.422227,-0.848990,-0.502429,-3.436156,0.983627,-2.358017,3.195816,1.129086,2.064341,3.949673,3.066430,2.518618,-3.989210,0.502371,3.014112,6.020176,0.216736,-3.119933,3.926863,0.858032,6.857994,2.618777,-3.989210,6.020176,0.327646,0.3
349,0.9476664342469556,1.5250339993509339,13,51,1.594610564642161,0.7712649602060798,0.31916861307655536,35,0.2807868993370873,-0.506323,-3.849706,0.512787,1.338638,2.849109,1.576282,0.967090,2.383702,2.667549,-2.066692,2.330224,-2.535320,0.310036,-1.245260,3.835451,-1.963924,5.458386,2.506791,-0.815676,-0.538810,-3.401738,1.003851,-2.239298,3.193551,1.092006,2.159605,3.900391,2.994985,2.464804,-3.991321,0.425794,3.089499,6.031308,0.108599,-3.114670,3.956345,0.858001,6.847099,2.616696,-3.991321,6.031308,0.327895,0.2
244,0.9878401974073993,1.5876867425319512,21,53,1.5616743423672979,0.747806362284064,0.33245001105402394,33,0.10925691977636134,-0.501169,-3.836516,0.580543,1.417209,2.836204,1.446267,0.862314,2.396765,2.746854,-2.110601,2.377569,-2.547262,0.228876,-1.249562,3.883383,-1.969836,5.430609,2.433897,-0.892011,-0.359559,-3.313546,0.954106,-2.268091,3.157284,1.098302,2.026953,3.921158,3.028124,2.563106,-3.986880,0.563269,3.012875,6.010665,0.181967,-3.150954,3.910009,0.857842,6.817233,2.610983,-3.986880,6.010665,0.328551,0.2
171,0.11764163336107226,1.5004868887344651,23,52,1.5321578670695568,0.7163615178904886,0.24865068680850172,6,0.12271623321641076,-0.644369,-3.812823,0.559915,1.482832,2.824833,1.617813,0.858918,2.392509,2.715380,-2.056866,2.405210,-2.485453,0.314268,-1.233623,3.872626,-1.954012,5.332753,2.375119,-0.846175,-0.535164,-3.443976,0.988827,-2.395663,3.208110,1.142830,2.061839,3.942107,3.059139,2.495152,-3.986633,0.539035,3.040777,6.001826,0.222240,-3.100622,3.923611,0.857841,6.833648,2.614125,-3.986633,6.001826,0.328156,0.2
248,0.976519208164693,1.573143259273889,22,50,1.5648835443267242,0.7695446648152633,0.3288366584016926,34,0.11750015465638916,-0.515325,-3.841341,0.564480,1.402933,2.845483,1.413575,0.879130,2.383637,2.747111,-2.096547,2.389989,-2.550328,0.249857,-1.238119,3.885051,-1.969709,5.414487,2.460468,-0.883217,-0.355698,-3.363894,0.971966,-2.286399,3.158941,1.105316,2.022403,3.921720,3.038816,2.580692,-3.986815,0.550952,2.996045,6.012907,0.175857,-3.139393,3.929184,0.857617,6.831194,2.613655,-3.986815,6.012907,0.328129,0.2
395,0.9512696410754808,1.5487469142685224,21,51,1.5148716196921255,0.769969877822425,0.34214487916241215,21,0.2894813282946624,-0.537809,-3.795344,0.557113,1.448872,2.849652,1.509902,0.873517,2.364410,2.723887,-2.103589,2.383009,-2.507206,0.258856,-1.202963,3.897805,-1.964356,5.363619,2.367136,-0.870710,-0.435418,-3.372969,0.940441,-2.311337,3.209846,1.092505,2.040231,3.906589,3.060557,2.542604,-3.979643,0.595004,3.053400,5.945750,0.166617,-3.086733,3.887418,0.857518,6.770581,2.602034,-3.979643,5.945750,0.329557,0.2
223,0.9402182093273733,1.4768512726622505,25,50,1.5414427416344625,0.7788610049658574,0.35176708053659506,35,0.146627493652531,-0.687417,-3.807892,0.612019,1.549042,2.801415,1.679765,0.816456,2.431289,2.672931,-2.042296,2.429818,-2.469475,0.365007,-1.270259,3.864335,-1.907201,5.348936,2.345066,-0.840091,-0.571545,-3.436485,0.988237,-2.487765,3.183957,1.207957,2.047809,3.971380,3.050050,2.476963,-3.995169,0.440045,3.049262,6.062389,0.219741,-3.114847,3.875125,0.857182,6.864818,2.620080,-3.995169,6.062389,0.327159,0.3
209,0.9937178010942417,1.5588906896714612,22,50,1.5901738414944753,0.7631784761506744,0.30810914921470434,33,0.13185453181467033,-0.527816,-3.837466,0.554141,1.405458,2.845971,1.422924,0.883751,2.373737,2.752701,-2.100362,2.389879,-2.538831,0.254517,-1.239604,3.877694,-1.980054,5.430974,2.467413,-0.877705,-0.365481,-3.383031,0.963151,-2.283304,3.169368,1.105736,2.032148,3.928477,3.049997,2.580551,-3.987214,0.526873,2.987437,6.010285,0.172508,-3.137759,3.930611,0.857158,6.842740,2.615863,-3.987214,6.010285,0.327677,0.2
319,0.6809740938495576,1.5246712461255936,14,49,1.5814067577834203,0.7340595177190795,0.33710770780687827,34,0.1204191310423493,-0.534041,-3.871474,0.558603,1.400765,2.841399,1.590105,0.934594,2.384857,2.695368,-2.043836,2.337016,-2.555248,0.286050,-1.232331,3.851904,-1.991475,5.483964,2.461225,-0.817838,-0.521040,-3.406047,0.981528,-2.232357,3.218442,1.056503,2.128772,3.910250,2.983277,2.431831,-3.985028,0.429820,3.080527,6.021543,0.103429,-3.135676,4.005512,0.856969,6.872576,2.621560,-3.985028,6.021543,0.326893,0.2
320,0.2501012307236982,1.4623822462975704,21,46,1.6590587187001873,0.7205649383994185,0.31356053040875836,37,0.11076377656009415,-0.730139,-3.827852,0.614365,1.561022,2.781933,1.806763,0.790464,2.457458,2.742059,-2.086782,2.383919,-2.429266,0.348529,-1.357844,3.817219,-1.977509,5.380285,2.330076,-0.866214,-0.533627,-3.411047,0.949364,-2.448146,3.232620,1.279957,2.081903,3.998156,2.995127,2.414389,-4.012431,0.407550,2.999946,6.055743,0.287290,-3.159379,3.968421,0.856787,6.915560,2.629745,-4.012431,6.055743,0.325806,0.3
330,0.7916712827744108,1.48978446809365,21,51,1.4958634370567776,0.8139895952831353,0.41962458873253894,6,0.2723401731867687,-0.654864,-3.777456,0.587361,1.542632,2.823481,1.719419,0.824043,2.401541,2.698816,-2.081247,2.390319,-2.441462,0.334505,-1.239393,3.883892,-1.940328,5.261601,2.254763,-0.863805,-0.547655,-3.419361,0.945482,-2.440375,3.261939,1.195943,2.053972,3.926403,3.029338,2.447046,-3.993157,0.565190,3.084074,5.937030,0.223645,-3.057748,3.905308,0.856692,6.773319,2.602560,-3.993157,5.937030,0.329173,0.2
341,0.764842719332407,1.4894668752557116,15,51,1.556867764793446,0.7853436255566917,0.4574179720025712,5,0.2688620882600804,-0.619817,-3.827413,0.601177,1.469944,2.868802,1.758767,0.819138,2.453964,2.734898,-2.017109,2.361381,-2.524377,0.335128,-1.276395,3.843032,-1.994777,5.348331,2.390652,-0.849224,-0.542735,-3.410162,1.003820,-2.385022,3.203806,1.119730,2.136331,3.928952,3.008568,2.335195,-3.995194,0.321638,3.130762,6.073047,0.158632,-3.102354,3.976308,0.856595,6.886757,2.624263,-3.995194,6.073047,0.326414,0.2
333,0.778995293484925,1.4806159442714344,20,56,1.5100180938836265,0.8208761392147421,0.3822245124094532,7,0.2752145205052373,-0.661512,-3.798799,0.592783,1.553992,2.796541,1.754298,0.802329,2.420845,2.715032,-2.062954,2.398994,-2.459881,0.383452,-1.254246,3.858278,-1.971048,5.253629,2.236951,-0.856443,-0.563223,-3.469060,0.984757,-2.476296,3.264525,1.216177,2.048961,3.932792,3.054499,2.433516,-3.977021,0.538552,3.088099,5.970441,0.235905,-3.069456,3.920868,0.856563,6.815235,2.610601,-3.977021,5.970441,0.328110,0.2
473,0.2642597078081124,1.4993003805513478,20,53,1.5104564360037385,0.8229283726139419,0.1445424353383966,32,0.13183278509288657,-0.612614,-3.796911,0.572925,1.516879,2.812903,1.666213,0.827755,2.393461,2.722764,-2.073477,2.397084,-2.480017,0.355077,-1.226191,3.868536,-1.979866,5.285790,2.273748,-0.857560,-0.526075,-3.461899,0.976974,-2.423800,3.254471,1.168101,2.044034,3.919240,3.075678,2.473967,-3.970505,0.553970,3.082426,5.955646,0.204422,-3.065984,3.907050,0.856506,6.799962,2.607674,-3.970505,5.955646,0.328456,0.2
163,0.15022923559781123,1.5553251926509226,23,48,1.5391177085540242,0.7383433413073712,0.25363763124289224,11,0.1396133952283972,-0.540679,-3.827726,0.544135,1.412337,2.841289,1.443418,0.885179,2.367923,2.734456,-2.077683,2.400088,-2.534747,0.255368,-1.212680,3.887227,-1.956857,5.390137,2.448715,-0.868915,-0.433910,-3.395793,0.981980,-2.298680,3.167799,1.072982,2.036816,3.920191,3.065361,2.562235,-3.983286,0.557965,3.018617,5.996869,0.178162,-3.118124,3.912030,0.856450,6.816517,2.610846,-3.983286,5.996869,0.328035,0.2
306,0.7189790594207817,1.4225402229779813,14,47,1.5334818828261187,0.8445090255291821,0.3275941536044625,35,0.13010931535511072,-0.796520,-3.859950,0.680105,1.596253,2.768862,2.070064,0.794167,2.538908,2.656419,-1.973152,2.345345,-2.461154,0.449711,-1.384452,3.803026,-1.942040,5.246867,2.244870,-0.799012,-0.746817,-3.439723,1.028355,-2.533612,3.271448,1.301835,2.145130,3.973221,2.879634,2.184071,-4.018842,0.393200,3.150513,6.056786,0.259396,-3.141298,4.087076,0.856353,6.928868,2.632274,-4.018842,6.056786,0.325328,0.2
425,0.9969500519919996,1.5410561945703996,14,46,1.579243234395676,0.7822723621394824,0.33119510811272,32,0.2152620559972753,-0.508212,-3.877284,0.562253,1.388560,2.842460,1.552903,0.932513,2.384891,2.700193,-2.047911,2.337331,-2.565877,0.275546,-1.234133,3.857023,-1.985606,5.487314,2.471406,-0.830101,-0.494097,-3.388388,0.981536,-2.215005,3.207339,1.050659,2.116727,3.904212,2.973698,2.443476,-3.988043,0.429342,3.076996,6.020977,0.098761,-3.139709,4.004626,0.856288,6.865193,2.620151,-3.988043,6.020977,0.326809,0.2
374,0.971873492936602,1.4799211690924472,23,48,1.6056134674905762,0.7723630390698157,0.3416676241987314,32,0.28081153085629,-0.691949,-3.831602,0.583125,1.510648,2.801226,1.687516,0.825394,2.423463,2.734194,-2.059068,2.405502,-2.461979,0.337734,-1.298781,3.842709,-1.958315,5.354699,2.380913,-0.859997,-0.540440,-3.446157,0.985607,-2.421012,3.209916,1.208951,2.068260,3.973481,3.025968,2.460481,-4.005597,0.445981,3.007358,6.041761,0.262854,-3.133773,3.955792,0.856246,6.887301,2.624367,-4.005597,6.041761,0.326268,0.2
268,0.9963684076752647,1.5516630460337257,23,47,1.5358951559454102,0.741674292624256,0.33310291979397805,33,0.13455161368132296,-0.543468,-3.823791,0.541669,1.415280,2.842260,1.448356,0.885785,2.364438,2.732734,-2.077719,2.400503,-2.530112,0.258311,-1.208948,3.888365,-1.955961,5.383545,2.441937,-0.868291,-0.440187,-3.401809,0.979744,-2.302334,3.173240,1.073207,2.037330,3.918667,3.067459,2.559919,-3.983208,0.559083,3.022074,5.989441,0.176212,-3.111691,3.910322,0.856177,6.811514,2.609888,-3.983208,5.989441,0.328051,0.2
243,0.6673587350538956,1.5774232200154203,20,53,1.5368108975212147,0.7550005819061262,0.3324308635521182,32,0.11589069869158188,-0.489372,-3.835292,0.568381,1.423176,2.822796,1.456699,0.855065,2.388971,2.751978,-2.096886,2.386443,-2.557621,0.276242,-1.226611,3.875160,-1.991252,5.386577,2.388572,-0.885658,-0.385770,-3.379490,0.981918,-2.301703,3.180007,1.097553,2.014634,3.904694,3.067389,2.555947,-3.965888,0.568477,3.041134,5.991557,0.168468,-3.124125,3.907178,0.856093,6.810442,2.609682,-3.965888,5.991557,0.328045,0.2
457,0.6322361316135723,1.5542785399088497,21,48,1.6265379837045775,0.6928037170505683,0.33212953004713575,36,0.2846351429128217,-0.530061,-3.828000,0.554292,1.420923,2.834587,1.465582,0.874276,2.373924,2.760280,-2.122572,2.375557,-2.518820,0.238418,-1.255995,3.862697,-1.994213,5.474419,2.451275,-0.881676,-0.379825,-3.359569,0.930402,-2.258744,3.181503,1.100626,2.049367,3.937859,3.052223,2.561636,-3.988509,0.503052,2.989363,6.003547,0.172248,-3.149626,3.916026,0.856013,6.845863,2.616460,-3.988509,6.003547,0.327165,0.3
233,0.932463974504095,1.482308117496803,25,52,1.5631782764036823,0.7807896836628921,0.3457521726718824,35,0.13410404489644412,-0.670588,-3.811472,0.604823,1.534650,2.802971,1.645509,0.821460,2.422900,2.682398,-2.051031,2.428010,-2.473121,0.354812,-1.272856,3.861567,-1.911916,5.371942,2.365824,-0.847021,-0.549595,-3.434138,0.980195,-2.463901,3.179966,1.198127,2.045256,3.971188,3.051982,2.489090,-3.997262,0.423191,3.036389,6.060570,0.210097,-3.120850,3.877085,0.856007,6.868254,2.620735,-3.997262,6.060570,0.326629,0.3
286,0.6720078278676387,1.4586063119743402,25,47,1.5376756078652973,0.6995007931527447,0.3313983679409834,31,0.10340508726327452,-0.733156,-3.806265,0.626490,1.582549,2.783725,1.764204,0.794697,2.457716,2.662696,-2.035668,2.428337,-2.447563,0.393436,-1.295875,3.851203,-1.895996,5.310245,2.301888,-0.842004,-0.609164,-3.445934,0.991543,-2.540377,3.195204,1.257345,2.049768,3.983584,3.024934,2.433062,-4.000568,0.429249,3.059413,6.063604,0.244046,-3.115668,3.892131,0.855912,6.871872,2.621426,-4.000568,6.063604,0.326506,0.2
178,0.12262279900397721,1.636782869211931,10,53,1.5500383358138645,0.7480155432138844,0.12267737385852595,11,0.1754503231763674,-0.298388,-3.956924,0.621587,1.266250,2.960694,1.423395,0.880218,2.469485,2.710584,-2.037276,2.315271,-2.669435,0.255009,-1.306205,3.912557,-1.909745,5.513872,2.620587,-0.876960,-0.426590,-3.289991,1.037497,-2.201461,3.184211,1.134630,2.057588,3.905665,2.961729,2.392891,-4.043056,0.291857,3.042358,6.058908,0.113928,-3.133979,3.828042,0.855800,6.886064,2.624131,-4.043056,6.058908,0.326127,0.2
378,0.5705237849469595,1.553983354358081,13,50,1.5248149423972268,0.735945746481971,0.4415715196614169,34,0.1069235994771178,-0.469678,-3.843558,0.520584,1.334040,2.849441,1.545614,0.959574,2.391702,2.649037,-2.067351,2.327759,-2.543032,0.305795,-1.227165,3.855602,-1.930262,5.393373,2.460491,-0.838400,-0.521611,-3.375709,1.005862,-2.247711,3.189963,1.089925,2.130098,3.874020,2.967003,2.458055,-3.992357,0.486096,3.120109,5.992369,0.096962,-3.092496,3.949058,0.855645,6.786360,2.605064,-3.992357,5.992369,0.328454,0.2
433,0.4876558909455707,1.6034432391845985,22,52,1.5516259904425238,0.7638092095255905,0.32709173810900627,34,0.13140548821408643,-0.480619,-3.855717,0.581762,1.389581,2.837432,1.373390,0.865347,2.402705,2.747964,-2.101637,2.386879,-2.568082,0.236165,-1.254250,3.888630,-1.950648,5.403297,2.460923,-0.911180,-0.312834,-3.324509,0.976686,-2.275484,3.136694,1.113770,1.997554,3.913183,3.004191,2.580891,-3.994210,0.559755,2.993415,6.016870,0.178821,-3.153501,3.937347,0.855572,6.818054,2.611140,-3.994210,6.016870,0.327662,0.2
211,0.9459058388600018,1.5073711538872396,22,49,1.5010261675782792,0.7758521665823251,0.25196032777521854,34,0.1282573824289275,-0.610380,-3.791083,0.559056,1.484266,2.841365,1.585556,0.861032,2.374164,2.707773,-2.079385,2.397297,-2.473633,0.321187,-1.213967,3.892744,-1.946600,5.282821,2.324623,-0.866691,-0.487210,-3.445150,0.959364,-2.400938,3.239098,1.159351,2.036821,3.914020,3.043421,2.504460,-3.989531,0.571190,3.056841,5.936113,0.189133,-3.059325,3.919592,0.855483,6.777046,2.603276,-3.989531,5.936113,0.328618,0.2
323,0.21299849443522162,1.5102095838081486,23,55,1.6145160313151594,0.7926238536388504,0.11548185269489572,36,0.2914745402335078,-0.609622,-3.829327,0.548019,1.450041,2.826012,1.537239,0.864661,2.376624,2.749899,-2.078872,2.402530,-2.492814,0.290086,-1.256904,3.858081,-1.972271,5.410675,2.444050,-0.864472,-0.474566,-3.435590,0.969389,-2.332052,3.194368,1.128958,2.059447,3.952369,3.060714,2.526794,-3.996600,0.463097,2.993172,6.016529,0.207989,-3.128538,3.934201,0.855370,6.865801,2.620267,-3.996600,6.016529,0.326444,0.3
217,0.952407573424822,1.4717842614705132,23,46,1.6219352692102678,0.793587171259644,0.34198911569290724,39,0.13980669420894717,-0.709977,-3.835145,0.592054,1.524128,2.792624,1.717644,0.811786,2.434277,2.737316,-2.059055,2.405905,-2.450478,0.349071,-1.319195,3.834396,-1.955556,5.349701,2.372098,-0.866612,-0.547106,-3.448556,0.983973,-2.436324,3.214069,1.234960,2.068162,3.981545,3.011657,2.443837,-4.012734,0.418798,3.001157,6.048361,0.277011,-3.139311,3.965958,0.855290,6.898520,2.626503,-4.012734,6.048361,0.325638,0.3
194,0.9545160210428383,1.4809287312667272,25,53,1.5691995892557673,0.733974054130976,0.3318714286282552,33,0.11410094239020938,-0.673888,-3.812493,0.603961,1.535069,2.799190,1.650084,0.820480,2.425688,2.682103,-2.053272,2.426142,-2.470759,0.355997,-1.277665,3.857430,-1.911856,5.373813,2.364174,-0.849474,-0.549652,-3.435685,0.978054,-2.465872,3.180433,1.203229,2.045509,3.973005,3.048127,2.484542,-3.998186,0.418861,3.033737,6.060826,0.210601,-3.124114,3.881192,0.855259,6.870899,2.621240,-3.998186,6.060826,0.326280,0.2
129,0.15384304842112828,1.5313010587593043,21,44,1.5224894999264063,0.8730857133878005,0.29609247547802003,6,0.11704681766864096,-0.560505,-3.791063,0.553808,1.457959,2.859494,1.535304,0.659805,2.354761,2.727313,-2.093408,2.388977,-2.504840,0.264960,-1.193253,3.898968,-1.980528,5.379579,2.380702,-0.844686,-0.460764,-3.388893,0.947188,-2.315114,3.215773,1.082806,2.059081,3.915538,3.088337,2.551130,-3.973064,0.589138,3.053006,5.961776,0.173015,-3.083602,3.878376,0.855197,6.791615,2.606073,-3.973064,5.961776,0.328155,0.2
251,0.9767101911325594,1.5433271765063366,24,50,1.59751328936848,0.7509443183389248,0.3377889485823654,31,0.11697739701933857,-0.556670,-3.846183,0.576425,1.427863,2.833894,1.405091,0.880370,2.353905,2.795761,-2.085199,2.402227,-2.513051,0.280826,-1.231742,3.859573,-1.958700,5.435545,2.493217,-0.888182,-0.425602,-3.402040,0.957759,-2.299226,3.154901,1.066109,2.030841,3.939761,3.064231,2.583655,-3.995108,0.474656,3.012831,6.030340,0.150005,-3.114196,3.888958,0.855079,6.852444,2.617717,-3.995108,6.030340,0.326651,0.2
180,0.15669627251309548,1.4467262751808212,20,54,1.505696439252935,0.7597249776221366,0.2915790419861689,32,0.12958341945295326,-0.744941,-3.796997,0.621279,1.616098,2.766231,1.910744,0.758334,2.468613,2.702153,-2.047945,2.398812,-2.420505,0.437129,-1.308808,3.835162,-1.952407,5.184334,2.165746,-0.854294,-0.631109,-3.482906,0.992541,-2.571019,3.282007,1.303036,2.052701,3.960114,3.013368,2.353640,-3.986424,0.512663,3.106637,5.973987,0.282726,-3.072446,3.953661,0.855053,6.834510,2.614290,-3.986424,5.973987,0.327069,0.2
472,0.3577776154438309,1.5792068329277675,23,56,1.5421529660492288,0.7534203905843636,0.3491385240752104,7,0.27916637910319186,-0.513169,-3.842244,0.558182,1.399731,2.834577,1.407419,0.873763,2.382898,2.740145,-2.083196,2.397767,-2.549494,0.243109,-1.230954,3.887013,-1.945525,5.393196,2.459471,-0.891231,-0.394456,-3.363483,0.984745,-2.284087,3.148257,1.080308,2.018976,3.917294,3.038569,2.565522,-3.990691,0.552127,3.009134,6.006700,0.182072,-3.135184,3.920769,0.854945,6.814492,2.610458,-3.990691,6.006700,0.327508,0.2
303,0.9797876599454194,1.6058040546389862,22,58,1.5648627725713142,0.8328367613598342,0.23896951972889177,32,0.12807413771284343,-0.474276,-3.859077,0.584486,1.387959,2.837226,1.362244,0.860284,2.401755,2.755071,-2.104580,2.388121,-2.567110,0.234661,-1.261974,3.887513,-1.949829,5.408992,2.468298,-0.918528,-0.301291,-3.320629,0.973508,-2.267860,3.135617,1.117635,1.993750,3.914688,2.998861,2.583352,-3.998965,0.540509,2.986077,6.017742,0.179851,-3.155750,3.939494,0.854940,6.821013,2.611707,-3.998965,6.017742,0.327349,0.2
240,0.8758981194681953,1.4597242627128442,25,49,1.581749919547528,0.8007979595014939,0.3480904345347101,35,0.1339523196727001,-0.725711,-3.816033,0.627939,1.575946,2.782443,1.741105,0.789395,2.454536,2.681706,-2.043582,2.429332,-2.446830,0.387871,-1.315130,3.843440,-1.902118,5.341612,2.330750,-0.852942,-0.584008,-3.441407,0.983797,-2.518765,3.190529,1.263444,2.048121,3.991575,3.019622,2.441666,-4.009284,0.381046,3.035332,6.075585,0.246856,-3.129999,3.899821,0.854935,6.891022,2.625076,-4.009284,6.075585,0.325680,0.2
407,0.6391549752417147,1.478193799527341,13,20,1.598497998308475,0.7803738495298201,0.3241089336521151,36,0.13792442994304324,-0.647644,-3.868875,0.587047,1.429342,2.817885,1.762476,0.886552,2.489402,2.644304,-2.024450,2.346746,-2.501524,0.358438,-1.325165,3.803578,-1.989487,5.329843,2.415413,-0.836563,-0.630790,-3.421554,1.015520,-2.353506,3.234019,1.242753,2.119709,3.913506,2.962488,2.378118,-3.997807,0.344043,3.066802,6.116523,0.215771,-3.114218,4.003344,0.854779,6.891919,2.625247,-3.997807,6.116523,0.325599,0.3
164,0.13968673000457982,1.5392544734692772,23,51,1.5965561000595403,0.7029984339974102,0.27001289848908344,11,0.14176425770522535,-0.552074,-3.829416,0.530008,1.408637,2.837504,1.442388,0.889752,2.357348,2.749572,-2.089160,2.397475,-2.520958,0.256882,-1.227335,3.870043,-1.973609,5.431820,2.472613,-0.868954,-0.431220,-3.416966,0.965855,-2.282835,3.176294,1.077232,2.048446,3.933596,3.074042,2.564254,-3.987218,0.505149,2.993380,6.001003,0.173362,-3.128319,3.921162,0.854715,6.843677,2.616042,-3.987218,6.001003,0.326721,0.2
149,0.1807540219999227,1.482545629212324,16,48,1.5371545127123452,0.7785537000140269,0.2568017309594925,10,0.13336448905262008,-0.651531,-3.841564,0.593269,1.492051,2.868452,1.800824,0.804185,2.454436,2.717478,-1.992239,2.362244,-2.525075,0.292075,-1.248099,3.829646,-1.962220,5.292754,2.346828,-0.899518,-0.602916,-3.397576,1.007409,-2.434604,3.213610,1.147536,2.127831,3.957046,2.995077,2.338173,-3.971778,0.380888,3.133518,6.056890,0.196577,-3.121514,4.005494,0.854602,6.879356,2.622853,-3.971778,6.056890,0.325829,0.2
126,0.20308806248260733,1.573051794656331,10,46,1.6625582867370658,0.8020728968640654,0.050398621208101346,9,0.16203672373723038,-0.352199,-3.939155,0.579867,1.280097,2.964491,1.468547,0.898382,2.422851,2.737810,-2.051914,2.318231,-2.619746,0.276798,-1.310005,3.882341,-1.954329,5.589612,2.653004,-0.852697,-0.471205,-3.372907,0.999781,-2.187051,3.231027,1.134204,2.100446,3.933695,3.015259,2.395570,-4.047967,0.175976,3.001283,6.048042,0.101288,-3.122629,3.836665,0.854541,6.939851,2.634360,-4.047967,6.048042,0.324383,0.2
200,0.7675072439212633,1.4960846004001134,22,52,1.667436665704016,0.7557321202932321,0.3398682584463664,35,0.13481697075489837,-0.637301,-3.838062,0.567658,1.472206,2.815219,1.588239,0.844818,2.402472,2.760706,-2.097657,2.391404,-2.474727,0.312484,-1.308493,3.837411,-1.989395,5.423757,2.427401,-0.876984,-0.436827,-3.433606,0.950356,-2.358827,3.208270,1.202431,2.057718,3.971131,3.025671,2.507780,-4.007178,0.414703,2.965370,6.032221,0.223675,-3.149717,3.967722,0.854501,6.899107,2.626615,-4.007178,6.032221,0.325324,0.2
232,0.9395028527257583,1.4841989710389534,21,53,1.485120923280597,0.7780052255152592,0.3466741767422854,33,0.13457213804022916,-0.664726,-3.771492,0.589698,1.555321,2.816713,1.743131,0.814826,2.405988,2.691185,-2.082698,2.389214,-2.427433,0.346271,-1.243416,3.882897,-1.928614,5.231577,2.224138,-0.873156,-0.560438,-3.426740,0.940091,-2.461065,3.273924,1.214354,2.048379,3.922789,3.015681,2.427288,-3.997646,0.565327,3.092874,5.918433,0.225921,-3.046290,3.909241,0.854487,6.758934,2.599795,-3.997646,5.918433,0.328675,0.3
293,0.4533454910002709,1.4885762965432905,27,50,1.5555966838137414,0.8778904579752589,0.32528637284680456,36,0.29663269224752997,-0.723813,-3.802453,0.599333,1.528732,2.807846,1.599452,0.845008,2.412280,2.764109,-2.047801,2.421536,-2.474538,0.329230,-1.228306,3.849906,-1.953006,5.374910,2.388317,-0.849844,-0.537018,-3.452627,0.972598,-2.452782,3.173328,1.117031,2.038876,3.956804,3.133165,2.502330,-3.998239,0.370368,3.056971,6.067715,0.206660,-3.097918,3.861619,0.854438,6.885133,2.623954,-3.998239,6.067715,0.325630,0.3
213,0.9624458128274198,1.5183834276018746,22,49,1.4950850583681414,0.7773161130752471,0.3190737791659225,35,0.13774979788270675,-0.578050,-3.786169,0.545893,1.464098,2.850056,1.531864,0.873807,2.355135,2.710045,-2.087778,2.395925,-2.480402,0.306266,-1.194973,3.900596,-1.945587,5.288936,2.335445,-0.873253,-0.465402,-3.443396,0.950559,-2.372976,3.238021,1.133011,2.029081,3.901449,3.051838,2.524273,-3.987487,0.582575,3.057449,5.914282,0.166576,-3.049227,3.910655,0.854254,6.757503,2.599520,-3.987487,5.914282,0.328620,0.2
392,0.9652383016412639,1.5298263151851879,15,51,1.5831418441309963,0.7316061653673004,0.4062575915978818,31,0.08953913135019759,-0.506552,-3.827234,0.550696,1.385005,2.892090,1.558845,0.874576,2.392241,2.756540,-2.050461,2.354178,-2.561938,0.272749,-1.225207,3.857078,-2.014271,5.435499,2.473961,-0.862472,-0.449044,-3.396857,0.978672,-2.260592,3.179537,1.028775,2.121718,3.901967,3.042509,2.429290,-3.986756,0.324524,3.105596,6.036781,0.088324,-3.102999,3.954454,0.854201,6.862573,2.619651,-3.986756,6.036781,0.326074,0.2
373,0.30312764596701103,1.5462972544560225,25,53,1.564771686050417,0.8040685854224419,0.34840063856510023,35,0.2747562990034507,-0.525221,-3.815845,0.562881,1.431816,2.836583,1.397888,0.873187,2.362164,2.704820,-2.083022,2.421415,-2.529899,0.276079,-1.219645,3.888263,-1.923163,5.448860,2.460648,-0.867594,-0.426139,-3.394124,0.958979,-2.321664,3.143117,1.077634,2.016796,3.932335,3.086742,2.588675,-3.986421,0.459744,3.015371,6.022574,0.130326,-3.120165,3.848938,0.853693,6.827203,2.612892,-3.986421,6.022574,0.326723,0.3
295,0.6905627925995756,1.5301310533677772,22,55,1.4907676007763457,0.8492209177681691,0.3460103261525689,34,0.12599094201327793,-0.545850,-3.783336,0.537716,1.446213,2.860203,1.479002,0.882681,2.337462,2.715435,-2.093834,2.396928,-2.488326,0.291948,-1.179092,3.909986,-1.944175,5.295118,2.349815,-0.879981,-0.441638,-3.437578,0.944466,-2.344929,3.235075,1.108959,2.020656,3.890293,3.059146,2.545697,-3.987038,0.587533,3.056651,5.897805,0.148770,-3.040151,3.901138,0.853688,6.741327,2.596407,-3.987038,5.897805,0.328796,0.2
488,0.2302472362516222,1.5244909516143572,25,47,1.595186521656562,0.8550137064902721,0.1584254579790707,7,0.28644163234738373,-0.550733,-3.811886,0.557245,1.445010,2.836083,1.427577,0.871457,2.354987,2.712484,-2.083868,2.423745,-2.512013,0.288236,-1.227040,3.879413,-1.932900,5.460678,2.462876,-0.860889,-0.445601,-3.417894,0.951037,-2.328981,3.158232,1.089717,2.029441,3.943366,3.096074,2.581827,-3.989591,0.422464,3.006359,6.024303,0.135338,-3.116996,3.852002,0.853655,6.844553,2.616210,-3.989591,6.024303,0.326294,0.2
370,0.8543679991837432,1.5861824886465925,21,56,1.6248632650319383,0.7433005977455526,0.1236871474967936,30,0.09862456624472994,-0.491464,-3.844890,0.573258,1.406831,2.826481,1.417050,0.856574,2.391485,2.766908,-2.129670,2.373545,-2.535267,0.224673,-1.277847,3.865126,-1.975405,5.468518,2.458048,-0.914636,-0.329093,-3.319102,0.932340,-2.241999,3.159426,1.111901,2.022847,3.931063,3.014033,2.563817,-3.999620,0.495641,2.981006,6.007898,0.175481,-3.165537,3.925943,0.853482,6.835697,2.614517,-3.999620,6.007898,0.326440,0.2
496,0.23748521676715834,1.4850705472907737,15,53,1.5179122006521757,0.8455254128200205,0.12524842945949619,7,0.28873952277915743,-0.621878,-3.809760,0.603677,1.490315,2.868432,1.776703,0.804901,2.451456,2.720700,-2.017414,2.363547,-2.501483,0.353153,-1.266430,3.854345,-1.967521,5.279682,2.329449,-0.866059,-0.560089,-3.420648,0.992580,-2.414385,3.230002,1.138895,2.120888,3.913565,2.990609,2.310400,-4.002564,0.338062,3.156317,6.022452,0.154172,-3.064291,3.971576,0.853427,6.838298,2.615014,-4.002564,6.022452,0.326356,0.2
181,0.15750642664689463,1.4715341481853603,20,55,1.4949285508787955,0.7574751537787823,0.2895432374840283,32,0.13068525857254026,-0.678477,-3.790499,0.596707,1.573966,2.785470,1.793259,0.788010,2.429086,2.702949,-2.064639,2.397122,-2.438906,0.401777,-1.261570,3.855862,-1.954069,5.209188,2.190509,-0.870277,-0.583677,-3.480488,0.977109,-2.508632,3.282049,1.244607,2.041579,3.928618,3.033751,2.402646,-3.983807,0.539384,3.100788,5.945044,0.240427,-3.053656,3.927790,0.853306,6.796301,2.606972,-3.983807,5.945044,0.327317,0.2
169,0.16072183084000047,1.5113158979593555,19,52,1.5307549788501962,0.7523679531437563,0.2405155780079346,8,0.16287963549699266,-0.582200,-3.799335,0.576570,1.467827,2.843416,1.633338,0.827634,2.376943,2.739445,-2.087144,2.394290,-2.529899,0.311605,-1.218017,3.867211,-2.022697,5.316737,2.335931,-0.854815,-0.508440,-3.448567,0.980960,-2.399421,3.193940,1.128637,2.072027,3.922313,3.051611,2.497806,-3.948290,0.471044,3.083778,5.995677,0.192002,-3.099471,3.936248,0.853297,6.834102,2.614212,-3.948290,5.995677,0.326407,0.2
161,0.14463480665909917,1.6157658040264793,20,51,1.544551728145154,0.7216537441085044,0.2703262815513411,10,0.12347789757822292,-0.445376,-3.860134,0.588350,1.400517,2.809278,1.397015,0.838403,2.414512,2.760768,-2.107375,2.380466,-2.582381,0.254873,-1.258495,3.872498,-1.975320,5.396452,2.407240,-0.922214,-0.321196,-3.328556,0.985604,-2.277438,3.146447,1.110088,1.986414,3.900579,3.022770,2.560326,-3.976441,0.560352,3.024613,6.008686,0.172851,-3.155969,3.923782,0.853111,6.810998,2.609789,-3.976441,6.008686,0.326889,0.2
447,0.5690205886572585,1.5534801547370276,20,51,1.6258244739580476,0.6805970472348584,0.27181868933230785,36,0.09011239578005176,-0.506321,-3.838106,0.545601,1.416574,2.814537,1.454062,0.863173,2.373118,2.773679,-2.115254,2.381701,-2.535845,0.277363,-1.250948,3.847365,-2.017061,5.453018,2.425357,-0.886431,-0.380932,-3.411675,0.956458,-2.276889,3.191766,1.104433,2.032129,3.926134,3.079357,2.558525,-3.972149,0.486998,3.001430,5.997700,0.160476,-3.141019,3.922993,0.853092,6.852362,2.617702,-3.972149,5.997700,0.325894,0.3
411,0.8785624965210123,1.4475900081040922,26,54,1.5675869455490772,0.7283328644618525,0.3370225501070026,17,0.11989359494201066,-0.821282,-3.811892,0.650566,1.603723,2.760983,1.797859,0.792280,2.482187,2.700162,-2.024113,2.425712,-2.438085,0.397724,-1.313707,3.810696,-1.915839,5.301712,2.297848,-0.854319,-0.608889,-3.451272,0.979193,-2.566983,3.187655,1.277075,2.041078,3.990282,3.026770,2.399820,-4.001697,0.406548,3.057652,6.088506,0.277486,-3.129019,3.893593,0.853056,6.894694,2.625775,-4.001697,6.088506,0.324878,0.2
175,0.17715613268852107,1.4075795414990824,22,54,1.5926316139973546,0.7321052358546217,0.22605017810264696,5,0.12446795658339972,-0.847476,-3.833803,0.651287,1.633661,2.724973,2.043065,0.735309,2.547582,2.708976,-2.009872,2.392681,-2.441048,0.473522,-1.408118,3.807206,-1.967621,5.185781,2.211773,-0.851505,-0.663378,-3.452674,1.014433,-2.636220,3.210463,1.383552,2.078531,3.985633,2.949710,2.312408,-4.030859,0.436792,3.055318,6.075754,0.367416,-3.167940,4.031545,0.852968,6.943412,2.635035,-4.030859,6.075754,0.323703,0.2
431,0.5168694553684128,1.484658577231645,19,48,1.5871296189448445,0.7906282952884263,0.3517560242950866,35,0.14695758941576625,-0.651509,-3.817414,0.607008,1.510678,2.815671,1.740492,0.787886,2.419829,2.749180,-2.079563,2.396118,-2.503838,0.344938,-1.285619,3.838313,-2.024713,5.319587,2.323999,-0.860067,-0.536991,-3.452552,0.987464,-2.453369,3.197637,1.204688,2.083348,3.957654,3.016807,2.450125,-3.964458,0.394711,3.061099,6.044369,0.243121,-3.131857,3.970112,0.852858,6.892147,2.625290,-3.964458,6.044369,0.324862,0.3
250,0.9930093353252695,1.568297234552086,22,50,1.6369021419092982,0.7417701342663695,0.32611955191537695,33,0.11216057538537899,-0.507546,-3.849245,0.553255,1.391737,2.834822,1.385894,0.874561,2.376483,2.769185,-2.118437,2.384927,-2.535399,0.246075,-1.268539,3.863410,-1.978431,5.458224,2.486893,-0.906125,-0.325490,-3.373584,0.946731,-2.257949,3.163165,1.119765,2.020042,3.933637,3.026568,2.580518,-3.999774,0.475155,2.960105,6.009407,0.167982,-3.155079,3.946794,0.852770,6.853156,2.617853,-3.999774,6.009407,0.325752,0.2
153,0.13594644628604569,1.5742389673522732,24,48,1.5622501911658964,0.785423050971106,0.2741620298014918,6,0.1152396627152963,-0.525923,-3.857084,0.597622,1.419561,2.830653,1.375289,0.782220,2.373639,2.790030,-2.082281,2.401853,-2.534402,0.269846,-1.237523,3.870750,-1.938199,5.410503,2.485890,-0.907000,-0.394157,-3.360953,0.970814,-2.297506,3.132930,1.069647,2.007990,3.928300,3.035644,2.584840,-3.998750,0.505167,3.021566,6.035143,0.156303,-3.122226,3.890093,0.852508,6.832556,2.613916,-3.998750,6.035143,0.326142,0.2
490,0.2795355000113813,1.5312203137228586,21,54,1.4761796862070267,0.8466875020200969,0.1295745704134886,6,0.29991798049171303,-0.539758,-3.762853,0.543843,1.470800,2.854307,1.527895,0.866899,2.337941,2.708688,-2.110299,2.386145,-2.467370,0.281585,-1.177123,3.912139,-1.938459,5.283987,2.295573,-0.888779,-0.467213,-3.408909,0.915440,-2.339112,3.255848,1.103239,2.026220,3.882951,3.055214,2.518422,-3.987501,0.601297,3.084627,5.862614,0.147361,-3.025429,3.875437,0.852380,6.705675,2.589532,-3.987501,5.862614,0.329164,0.2
413,0.7448205436289266,1.4975877418342904,15,52,1.6116736669411849,0.754890894476324,0.35308919668619326,27,0.09577846090177533,-0.587688,-3.834704,0.586218,1.443079,2.864777,1.693902,0.825692,2.438981,2.754571,-2.039937,2.356605,-2.524120,0.318383,-1.290455,3.832989,-2.001678,5.395528,2.425509,-0.872396,-0.498595,-3.409655,0.981786,-2.339771,3.197969,1.113815,2.127289,3.929426,3.003021,2.354977,-4.004322,0.267769,3.100641,6.063789,0.139304,-3.116117,3.986382,0.852304,6.895643,2.625956,-4.004322,6.063789,0.324569,0.2
255,0.9595001042003358,1.5731697513260152,21,47,1.6572541737130533,0.7381031638939117,0.34144092834550677,52,0.11644806629423395,-0.500997,-3.842825,0.562823,1.407228,2.825141,1.419979,0.859827,2.381552,2.775453,-2.136501,2.372778,-2.522645,0.227840,-1.284202,3.855312,-1.985426,5.490281,2.468581,-0.913881,-0.332414,-3.337096,0.920423,-2.234552,3.169015,1.114752,2.030648,3.938745,3.021486,2.563919,-4.002345,0.461739,2.967437,6.004959,0.171416,-3.166532,3.929935,0.852274,6.849308,2.617118,-4.002345,6.004959,0.325653,0.3
416,0.6761146605979265,1.5619795741605664,22,50,1.5026031587152209,0.747299492199164,0.3136410004061798,29,0.10397919060472574,-0.514591,-3.806914,0.552151,1.424080,2.847751,1.435724,0.874379,2.363460,2.722083,-2.101466,2.390089,-2.513838,0.271424,-1.205965,3.902822,-1.937193,5.317795,2.374663,-0.902629,-0.390581,-3.394879,0.951063,-2.323486,3.201833,1.115068,2.003691,3.892214,3.028076,2.550748,-3.991871,0.586603,3.039140,5.925044,0.154038,-3.076029,3.916951,0.852262,6.752339,2.598526,-3.991871,5.925044,0.327979,0.2
352,0.4584240185210063,1.4447750658846399,25,48,1.6219940588728998,0.8650759798209168,0.07249118428090137,18,0.2706261121783754,-0.755506,-3.822394,0.641254,1.598539,2.766662,1.790028,0.763043,2.472973,2.695210,-2.046786,2.429207,-2.424498,0.409126,-1.360836,3.823418,-1.896329,5.332559,2.320723,-0.867065,-0.590313,-3.444129,0.976186,-2.542728,3.195824,1.315222,2.044093,4.012016,2.989650,2.409392,-4.023692,0.316861,3.023146,6.078540,0.268732,-3.142387,3.925676,0.852262,6.912064,2.629081,-4.023692,6.078540,0.324167,0.2
236,0.9657485909657526,1.5062000149803678,28,50,1.5429675695636642,0.8141833075285979,0.3643212313567283,33,0.14342390927271326,-0.680525,-3.815415,0.602040,1.493491,2.820637,1.494043,0.850713,2.377130,2.768984,-2.066388,2.420796,-2.485501,0.298217,-1.178676,3.859829,-1.978156,5.414992,2.400250,-0.863617,-0.520338,-3.440507,0.958949,-2.418537,3.149150,1.076301,2.022643,3.940542,3.196369,2.548616,-3.981404,0.385559,3.050831,6.070476,0.175899,-3.095777,3.827319,0.852193,6.880880,2.623143,-3.981404,6.070476,0.324875,0.3
156,0.14735167482517778,1.5990852777981837,21,47,1.6240242824141797,0.7244847283964682,0.2815101110392253,10,0.11193261717166356,-0.476176,-3.851666,0.579449,1.399992,2.821683,1.397902,0.850683,2.399549,2.768146,-2.133524,2.371359,-2.542007,0.218689,-1.286744,3.864649,-1.967891,5.466889,2.459592,-0.928111,-0.308850,-3.303302,0.932544,-2.235624,3.150127,1.116396,2.012332,3.928231,2.997919,2.563386,-4.003339,0.495579,2.977638,6.009028,0.175613,-3.173204,3.931061,0.852167,6.831588,2.613731,-4.003339,6.009028,0.326035,0.2
364,0.7970494929702838,1.5137292968476772,13,49,1.4932450454269564,0.7080299307589573,0.1590305219470352,34,0.20954201996920055,-0.527840,-3.812526,0.517832,1.387218,2.843057,1.648075,0.941615,2.391201,2.625447,-2.063252,2.329006,-2.489228,0.351507,-1.221905,3.854423,-1.909029,5.305593,2.363845,-0.839107,-0.597035,-3.424963,0.988745,-2.320909,3.246851,1.134308,2.133791,3.870681,2.959045,2.399391,-3.998876,0.494222,3.153474,5.931060,0.101826,-3.040545,3.949897,0.852136,6.746875,2.597475,-3.998876,5.931060,0.328063,0.2
100,0.1903143354420008,1.5342824209405463,14,42,1.5159472014172717,0.8576984723424872,0.2219734199407172,9,0.10525446307730192,-0.511059,-3.852294,0.559103,1.409812,2.851105,1.574640,0.893929,2.299748,2.679299,-2.042076,2.341108,-2.544433,0.293767,-1.202438,3.876732,-1.960221,5.406575,2.403528,-0.833383,-0.525964,-3.403739,0.975298,-2.247428,3.238553,1.054842,2.106307,3.883847,2.972069,2.424975,-3.988379,0.473042,3.116221,5.961473,0.089586,-3.088662,3.989223,0.852075,6.797507,2.607203,-3.988379,5.961473,0.326816,0.2
133,0.12175829703026644,1.5371923070757016,22,44,1.6250540140113525,0.7944984162889224,0.24603258818994123,6,0.10993123931458351,-0.546375,-3.831530,0.540509,1.410633,2.848615,1.436911,0.714658,2.358101,2.761945,-2.104426,2.391237,-2.521920,0.261860,-1.240886,3.868905,-1.995083,5.453525,2.478288,-0.868796,-0.380541,-3.410566,0.951259,-2.279019,3.184999,1.106158,2.046349,3.938092,3.067614,2.581754,-3.988233,0.489894,2.975475,6.006995,0.169122,-3.133567,3.931092,0.852029,6.860211,2.619200,-3.988233,6.006995,0.325301,0.2
492,0.22909275645957922,1.5017618372341592,28,55,1.5399855534906384,0.8530131964731115,0.12420109572741958,5,0.28447845135527605,-0.690515,-3.814078,0.608096,1.504635,2.818244,1.513527,0.842725,2.381824,2.767327,-2.063831,2.422478,-2.478599,0.306431,-1.183552,3.859589,-1.973131,5.400430,2.387091,-0.866223,-0.529346,-3.442663,0.959719,-2.431936,3.154334,1.089671,2.021374,3.941860,3.189824,2.538513,-3.984907,0.379676,3.054427,6.068897,0.183335,-3.091473,3.829262,0.852029,6.878673,2.622722,-3.984907,6.068897,0.324864,0.2
493,0.25833929665313127,1.5286227912350563,20,58,1.6876576551790048,0.872693314490243,0.11288309434571606,6,0.267731489067746,-0.520357,-3.835419,0.533885,1.421962,2.818854,1.453678,0.862221,2.350110,2.797080,-2.123798,2.386984,-2.511773,0.284264,-1.264610,3.836494,-2.034042,5.490127,2.451839,-0.886792,-0.382490,-3.440106,0.936583,-2.259471,3.209894,1.111144,2.043666,3.940307,3.094262,2.565458,-3.982035,0.405815,2.974390,5.995056,0.159386,-3.137422,3.926089,0.851979,6.878587,2.622706,-3.982035,5.995056,0.324847,0.2
393,0.9176080722737247,1.4443881053435423,22,49,1.48208955867838,0.7880285875664417,0.14902996490596457,35,0.2767388888095011,-0.761822,-3.782495,0.617848,1.606672,2.790283,1.870831,0.774598,2.455664,2.681694,-2.051210,2.401625,-2.392798,0.425331,-1.307490,3.860497,-1.905562,5.134415,2.174985,-0.874082,-0.615036,-3.473887,0.970629,-2.578719,3.284644,1.325957,2.037228,3.953243,2.960444,2.357766,-4.014132,0.514628,3.096111,5.929616,0.278488,-3.047850,3.971074,0.851922,6.793161,2.606369,-4.014132,5.929616,0.326862,0.2
215,0.9203457899596253,1.5145546736047226,26,47,1.5841325203996832,0.7819288035025604,0.3244626019424005,37,0.14612691124556662,-0.641386,-3.810114,0.579160,1.469969,2.815111,1.476234,0.874013,2.380094,2.730998,-2.065904,2.420750,-2.505027,0.294315,-1.222289,3.850036,-1.948643,5.428720,2.434267,-0.866024,-0.464172,-3.429964,0.946491,-2.376767,3.155719,1.099044,2.023824,3.937583,3.105641,2.546857,-3.980911,0.448488,3.023655,6.043731,0.166555,-3.117330,3.842801,0.851820,6.848531,2.616970,-3.980911,6.043731,0.325499,0.3
371,0.8415255038441439,1.4920084210766413,16,47,1.5223183878223385,0.7819945817730671,0.2093197319881921,34,0.19463979724857744,-0.619206,-3.831123,0.579628,1.478331,2.875392,1.753461,0.812800,2.434386,2.715202,-2.003023,2.360802,-2.522624,0.283988,-1.228217,3.840015,-1.952031,5.279316,2.334633,-0.913982,-0.585533,-3.400631,0.992605,-2.415121,3.221885,1.129817,2.114805,3.939669,2.994622,2.350083,-3.973337,0.392674,3.141030,6.015768,0.172424,-3.099657,3.996402,0.851813,6.842478,2.615813,-3.973337,6.015768,0.325640,0.2
301,0.7464887540185714,1.5692743662235416,25,54,1.5671629416708264,0.8665618942708827,0.3115140184862053,35,0.09940029376380888,-0.496937,-3.828505,0.577237,1.421484,2.831231,1.361091,0.859454,2.373970,2.711501,-2.088869,2.420283,-2.541192,0.266026,-1.237141,3.889938,-1.909466,5.445571,2.467576,-0.892430,-0.386921,-3.363744,0.959560,-2.307992,3.127471,1.086893,1.996530,3.927801,3.058855,2.590870,-3.995748,0.449401,3.007195,6.025592,0.133505,-3.132014,3.856531,0.851795,6.820207,2.611553,-3.995748,6.025592,0.326164,0.2
182,0.5257907659768292,1.4581630832794024,20,56,1.486807165348982,0.7588385113864021,0.28863436770960216,32,0.1301131917435451,-0.707792,-3.785909,0.607493,1.600736,2.774150,1.852192,0.768281,2.444550,2.696315,-2.060289,2.397701,-2.418730,0.425435,-1.280495,3.849671,-1.941080,5.168708,2.151914,-0.875230,-0.610969,-3.488341,0.976211,-2.548194,3.294522,1.281086,2.038361,3.935000,3.013842,2.368266,-3.989890,0.529017,3.112456,5.933198,0.255893,-3.045855,3.939340,0.851710,6.792652,2.606272,-3.989890,5.933198,0.326793,0.2
388,0.4075343568195065,1.5164515052250678,20,49,1.488604325909523,0.7597706092405285,0.4422388274110294,36,0.10791332755012106,-0.557440,-3.781411,0.547536,1.486732,2.823975,1.580528,0.846614,2.360531,2.718556,-2.092562,2.392078,-2.481171,0.336113,-1.191705,3.882508,-1.968261,5.270865,2.265153,-0.880569,-0.495192,-3.466095,0.953305,-2.386283,3.264008,1.132451,2.024242,3.890871,3.079028,2.494447,-3.970476,0.578418,3.092039,5.893704,0.160793,-3.036158,3.893978,0.851699,6.746430,2.597389,-3.970476,5.893704,0.327906,0.3
242,0.9820977756881438,1.5763636338114317,21,52,1.4983946310324383,0.7505397059193787,0.3372454774423411,32,0.11506575637488459,-0.497439,-3.799988,0.567470,1.439401,2.838909,1.465875,0.854970,2.375336,2.722183,-2.117658,2.378254,-2.507480,0.251688,-1.217125,3.902391,-1.933410,5.326066,2.342247,-0.916199,-0.393369,-3.345837,0.929309,-2.305653,3.204420,1.110135,2.005517,3.889370,3.014673,2.530923,-3.994020,0.594951,3.056692,5.913194,0.158812,-3.081952,3.897448,0.851670,6.731276,2.594470,-3.994020,5.913194,0.328263,0.2
229,0.9450250499746314,1.451080341828313,27,49,1.5250322739290376,0.8052512685056916,0.34983328610849634,38,0.12390702902866683,-0.814428,-3.790432,0.631479,1.606273,2.776333,1.773141,0.797217,2.461259,2.737539,-2.031414,2.422028,-2.424243,0.393198,-1.269636,3.832337,-1.919564,5.266180,2.277983,-0.857647,-0.622107,-3.473347,0.978618,-2.567389,3.205977,1.217632,2.036093,3.973763,3.080456,2.408627,-4.012715,0.358178,3.091663,6.050395,0.255059,-3.079279,3.889623,0.851635,6.876134,2.622238,-4.012715,6.050395,0.324774,0.3
435,0.661698420098276,1.4464647650980453,25,54,1.617460342816681,0.7115874660685494,0.36105161525415996,37,0.10760559446907753,-0.754124,-3.821485,0.633895,1.591791,2.763227,1.787515,0.770702,2.474169,2.688168,-2.050114,2.424233,-2.427079,0.405444,-1.355524,3.820408,-1.897901,5.336588,2.317910,-0.865702,-0.591414,-3.446750,0.974677,-2.541648,3.194512,1.308666,2.046190,4.009671,2.991575,2.408018,-4.019261,0.334371,3.024493,6.075811,0.261577,-3.145197,3.927305,0.851520,6.909489,2.628591,-4.019261,6.075811,0.323945,0.3
131,0.17077645335185007,1.6285308933030473,21,42,1.5229792305847203,0.7740675033330903,0.25987637977596567,5,0.12068968072212581,-0.444268,-3.843967,0.601312,1.405985,2.825109,1.387526,0.834606,2.415170,2.741941,-2.123415,2.373568,-2.554573,0.218210,-1.264237,3.896094,-1.925026,5.370909,2.398745,-0.949629,-0.303526,-3.268159,0.947359,-2.264021,3.144850,1.119161,1.978388,3.895339,2.966435,2.550080,-4.004358,0.577634,3.023825,5.972371,0.176072,-3.143160,3.919073,0.851428,6.761455,2.600280,-4.004358,5.972371,0.327437,0.2
150,0.10045362682800563,1.5058966826766507,17,48,1.5689035829344535,0.8090495781371809,0.2552672291780296,13,0.13451250691170255,-0.556841,-3.831954,0.584760,1.453640,2.860244,1.648556,0.827548,2.399393,2.737418,-2.068959,2.353341,-2.522491,0.233146,-1.251721,3.850207,-2.028093,5.312637,2.394264,-0.880001,-0.513684,-3.408949,0.983026,-2.367715,3.230073,1.137107,2.107435,3.953555,3.007962,2.464620,-3.964145,0.370429,3.075154,6.054069,0.196188,-3.144880,3.955951,0.851425,6.873514,2.621739,-3.964145,6.054069,0.324756,0.2
448,0.5979261236725276,1.5138050847173345,29,54,1.5409474284007771,0.7796401835752926,0.3533230142304345,34,0.11408634521157417,-0.671952,-3.826738,0.602155,1.479481,2.835276,1.562758,0.856445,2.369237,2.772261,-2.068295,2.418176,-2.484285,0.253300,-1.198902,3.855670,-1.987242,5.399620,2.416640,-0.838970,-0.516900,-3.459136,0.943552,-2.391362,3.135186,1.061877,2.014611,3.932056,3.199371,2.558256,-3.987345,0.423145,3.033422,6.064147,0.160677,-3.096688,3.831166,0.851408,6.880670,2.623103,-3.987345,6.064147,0.324580,0.2
186,0.43479547313779343,1.510072863950277,26,58,1.5267489134533374,0.7451281160086394,0.2960235146877416,34,0.1348048240489401,-0.653692,-3.793962,0.583352,1.490194,2.814911,1.515086,0.868835,2.384427,2.707092,-2.057209,2.421990,-2.493075,0.310026,-1.203518,3.862443,-1.929941,5.364393,2.377489,-0.866151,-0.498517,-3.438515,0.950779,-2.415032,3.172553,1.108340,2.017082,3.924003,3.099024,2.524705,-3.978790,0.494009,3.057807,6.014050,0.167661,-3.087074,3.834624,0.851372,6.810272,2.609650,-3.978790,6.014050,0.326240,0.3
266,0.7401489254578141,1.4989263121409702,15,50,1.6224332281852811,0.7089474615194179,0.3335150114669128,32,0.1276074916669801,-0.582513,-3.836063,0.581928,1.437092,2.862268,1.682874,0.827959,2.437236,2.756996,-2.045384,2.354232,-2.523753,0.315086,-1.293718,3.829292,-2.003211,5.405450,2.430894,-0.877041,-0.490794,-3.410467,0.976766,-2.331919,3.196738,1.113168,2.125969,3.929730,3.001202,2.356945,-4.005432,0.259482,3.094619,6.061531,0.134588,-3.120096,3.989757,0.851150,6.897704,2.626348,-4.005432,6.061531,0.324081,0.2
66,0.10354748278881948,1.4612342012866404,20,50,1.4842520906195333,0.7365349439187582,0.2633988837069836,14,0.17699726213723677,-0.699397,-3.784502,0.603524,1.595346,2.775586,1.837696,0.772295,2.439658,2.694880,-2.063256,2.396727,-2.420142,0.421131,-1.273820,3.852007,-1.940393,5.170097,2.152103,-0.878558,-0.605445,-3.489075,0.973232,-2.541251,3.295615,1.274187,2.036550,3.929910,3.015331,2.373020,-3.989654,0.534336,3.112172,5.927490,0.249526,-3.042657,3.936305,0.851127,6.786050,2.605005,-3.989654,5.927490,0.326728,0.2
259,0.9970319040088772,1.5640718682619226,25,53,1.5730342970521864,0.7529465845555982,0.34139129923436773,33,0.11360004608564911,-0.503649,-3.826276,0.569274,1.419982,2.827778,1.368297,0.865257,2.373011,2.708478,-2.092024,2.416775,-2.537571,0.266920,-1.236058,3.884047,-1.913566,5.452150,2.465750,-0.889363,-0.393724,-3.373037,0.955636,-2.309554,3.130560,1.085977,2.001641,3.929733,3.062494,2.587060,-3.992959,0.452097,3.005808,6.023133,0.129094,-3.133956,3.859233,0.851068,6.823347,2.612154,-3.992959,6.023133,0.325811,0.2
241,0.9550134769460206,1.568900463942166,21,53,1.4908361465998543,0.7457750643552878,0.32528594683270023,33,0.13076064086891698,-0.503058,-3.791376,0.561899,1.445208,2.840396,1.476102,0.856415,2.368215,2.717784,-2.118281,2.378681,-2.497607,0.257835,-1.209113,3.904417,-1.930888,5.311433,2.326922,-0.915299,-0.406485,-3.358428,0.924030,-2.313525,3.216252,1.110641,2.006435,3.885657,3.018512,2.525424,-3.993785,0.598344,3.064009,5.896213,0.154188,-3.068259,3.894078,0.850916,6.719835,2.592264,-3.993785,5.896213,0.328252,0.2
227,0.9024862073678913,1.5063121474995103,24,51,1.4897341789623684,0.8017253667632598,0.34936190492145724,36,0.12656266204954372,-0.616114,-3.800628,0.591300,1.506733,2.825727,1.547758,0.845419,2.360163,2.747755,-2.068734,2.409588,-2.447130,0.345743,-1.210245,3.880152,-1.905467,5.256170,2.328653,-0.902315,-0.529728,-3.449257,0.951515,-2.419393,3.222380,1.131235,2.013787,3.914783,3.031785,2.500750,-4.005238,0.521408,3.090004,5.939119,0.166569,-3.024850,3.881231,0.850851,6.760278,2.600053,-4.005238,5.939119,0.327244,0.3
212,0.9993359867598383,1.4912650365240194,25,50,1.6316614182043694,0.7658845175543404,0.25097075401925634,34,0.13104101835918017,-0.635589,-3.821579,0.588333,1.504677,2.798947,1.570972,0.825422,2.406192,2.708525,-2.078235,2.421709,-2.471336,0.335687,-1.293503,3.846900,-1.919520,5.425791,2.409306,-0.875441,-0.493877,-3.432512,0.952544,-2.410526,3.175496,1.191849,2.035733,3.974003,3.043415,2.506846,-4.008989,0.357706,2.997786,6.051035,0.189449,-3.137326,3.890521,0.850845,6.879577,2.622895,-4.008989,6.051035,0.324391,0.2
135,0.1289848052383291,1.4218759899941726,24,47,1.500889631245297,0.7455711216230017,0.20167689971094363,5,0.12516179917968773,-0.825038,-3.803922,0.674225,1.647879,2.750990,1.930685,0.744005,2.487337,2.729413,-2.016437,2.410165,-2.380765,0.478370,-1.343219,3.818615,-1.886554,5.122386,2.191989,-0.878306,-0.698951,-3.472327,0.990091,-2.642678,3.240377,1.333416,2.036367,3.982190,2.944391,2.327086,-4.031461,0.448721,3.126519,5.998489,0.299789,-3.068121,3.963325,0.850807,6.845087,2.616312,-4.031461,5.998489,0.325193,0.2
404,0.9705632577691343,1.5177696173885251,25,45,1.6371801697179889,0.8544158862354511,0.3278406015357106,35,0.10864201001981799,-0.561636,-3.819434,0.560804,1.451417,2.823704,1.439061,0.857524,2.362731,2.724225,-2.093495,2.421405,-2.498082,0.295177,-1.257171,3.863541,-1.932004,5.473493,2.466423,-0.877843,-0.435902,-3.421628,0.939463,-2.330466,3.162245,1.119277,2.027192,3.954531,3.076344,2.567201,-4.001480,0.369761,2.986230,6.028913,0.143941,-3.129535,3.868851,0.850688,6.861289,2.619406,-4.001480,6.028913,0.324764,0.2
351,0.9107700379961731,1.5089248338283106,22,55,1.4774017835617401,0.7183179785857352,0.49019000620417963,33,0.21765385286778235,-0.596141,-3.776483,0.550555,1.486362,2.838440,1.574688,0.857794,2.363488,2.697448,-2.089744,2.394115,-2.456256,0.326591,-1.203220,3.898713,-1.926660,5.238600,2.283892,-0.888902,-0.487581,-3.455583,0.942105,-2.408694,3.257993,1.165132,2.019795,3.896207,3.028192,2.490337,-3.995367,0.581863,3.072449,5.884597,0.171639,-3.030893,3.917894,0.850649,6.733415,2.594882,-3.995367,5.884597,0.327818,0.2
134,0.15825530402264007,1.4628596482504683,19,43,1.5432468647427517,0.8704614842851868,0.23087891365514265,9,0.09867866434060343,-0.715201,-3.812758,0.637417,1.562201,2.806902,1.860964,0.691038,2.298145,2.730164,-2.052085,2.403801,-2.488140,0.382522,-1.297584,3.840036,-2.011642,5.255772,2.268332,-0.841043,-0.601916,-3.457270,1.012263,-2.531445,3.208696,1.249222,2.093563,3.968087,3.004386,2.406040,-3.963362,0.416803,3.089564,6.062631,0.284818,-3.122627,3.984620,0.850637,6.889142,2.624718,-3.963362,6.062631,0.324087,0.2
222,0.9738312674965147,1.520852408743517,19,50,1.516272172919176,0.7730620907599375,0.35758586847915225,40,0.14789228788564723,-0.548999,-3.789014,0.563617,1.453559,2.851265,1.584317,0.835760,2.355992,2.738083,-2.097285,2.393384,-2.528175,0.302457,-1.197752,3.877990,-2.013116,5.301833,2.328031,-0.869496,-0.490570,-3.451151,0.966617,-2.378285,3.201644,1.109602,2.058275,3.904564,3.052730,2.509205,-3.949933,0.481602,3.090911,5.956497,0.167785,-3.077649,3.926687,0.850583,6.798784,2.607448,-3.949933,5.956497,0.326213,0.3
172,0.11972081376114516,1.50962947110567,19,52,1.5168675239763334,0.7036057480936783,0.24762504526367146,8,0.1955810714459509,-0.580736,-3.790742,0.573676,1.474066,2.839033,1.639300,0.822505,2.375257,2.731280,-2.092249,2.392234,-2.516751,0.319183,-1.215331,3.869060,-2.009265,5.285185,2.305041,-0.868525,-0.514195,-3.456618,0.970837,-2.411745,3.207067,1.138848,2.063160,3.913792,3.039163,2.482824,-3.952749,0.476401,3.093896,5.966536,0.185454,-3.083006,3.937971,0.850274,6.809362,2.609476,-3.952749,5.966536,0.325841,0.2
115,0.17077916422329903,1.4608849297702569,13,46,1.5094892052386975,0.7535705122158651,0.24235030855667222,7,0.09912074168200699,-0.675091,-3.827922,0.586072,1.484346,2.806678,1.884871,0.687188,2.475055,2.614512,-2.027263,2.335924,-2.451359,0.420774,-1.316593,3.820826,-1.902404,5.250112,2.303035,-0.819883,-0.700125,-3.438054,1.022826,-2.459147,3.261936,1.261994,2.158179,3.920873,2.916663,2.293073,-4.011985,0.451287,3.158494,6.006159,0.195715,-3.070347,3.990533,0.850193,6.826104,2.612681,-4.011985,6.006159,0.325410,0.2
324,0.19216465739180266,1.5314984270120473,29,58,1.5647958196464995,0.8061792308501489,0.13880042830525857,34,0.2773209259219686,-0.625159,-3.831427,0.586031,1.443267,2.844275,1.480471,0.872088,2.347109,2.788501,-2.083369,2.415671,-2.498909,0.228050,-1.190920,3.859009,-1.995241,5.439263,2.459063,-0.849067,-0.469570,-3.448834,0.930944,-2.338087,3.123423,1.026596,2.006934,3.923959,3.208366,2.592941,-3.986243,0.410418,3.015090,6.054966,0.134577,-3.102567,3.826054,0.849935,6.877998,2.622594,-3.986243,6.054966,0.324082,0.2
277,0.948671166821319,1.4309610540365552,15,52,1.5098158734658653,0.7107606682864199,0.33523084101376477,29,0.12142398067923,-0.757377,-3.804228,0.650448,1.585078,2.824970,2.018747,0.733516,2.530312,2.700686,-1.994408,2.360498,-2.439370,0.437874,-1.358427,3.814565,-1.936750,5.162494,2.215837,-0.863785,-0.668320,-3.442915,1.000003,-2.566909,3.261125,1.269975,2.125193,3.957726,2.927787,2.170562,-4.014911,0.306788,3.186774,6.021341,0.221290,-3.067486,4.027882,0.849905,6.866345,2.620371,-4.014911,6.021341,0.324345,0.2
166,0.15191782460046893,1.5388913854385229,29,49,1.540897356550832,0.7366118300394476,0.2690507686307695,11,0.14211150028551414,-0.620263,-3.830397,0.588953,1.442170,2.842519,1.481083,0.872555,2.353780,2.779029,-2.081187,2.413800,-2.504279,0.226372,-1.185459,3.862891,-1.988744,5.423205,2.446117,-0.850545,-0.470624,-3.441282,0.935853,-2.345217,3.119608,1.025012,2.001886,3.918049,3.202722,2.589057,-3.983432,0.437648,3.025245,6.050954,0.133776,-3.100904,3.824940,0.849858,6.865481,2.620206,-3.983432,6.050954,0.324348,0.2
84,0.18318392162181757,1.594837327015822,10,52,1.6945714806944205,0.7912909071320318,0.3205974029705603,10,0.13426680018518436,-0.318288,-3.953159,0.588397,1.261770,2.950712,1.415959,0.885353,2.433322,2.752265,-2.070726,2.313341,-2.625884,0.261902,-1.345779,3.872430,-1.943254,5.610082,2.669265,-0.891651,-0.418110,-3.348553,0.987308,-2.159255,3.213611,1.152349,2.077463,3.933053,2.981529,2.399365,-4.061317,0.136784,2.977120,6.049935,0.095721,-3.144329,3.855133,0.849830,6.945303,2.635394,-4.061317,6.049935,0.322468,0.2
253,0.9652311422545046,1.5302806844946688,19,48,1.622011007535288,0.7582978082823536,0.3071944051109248,34,0.10905800646713992,-0.523781,-3.817713,0.552577,1.413738,2.846805,1.509268,0.847185,2.350157,2.777305,-2.117500,2.387688,-2.545692,0.272180,-1.234783,3.851992,-2.046582,5.418172,2.424511,-0.876556,-0.427388,-3.437064,0.955225,-2.308461,3.172987,1.096457,2.065246,3.928316,3.058472,2.546472,-3.955201,0.397534,3.029482,6.004724,0.161453,-3.132396,3.944483,0.849703,6.864801,2.620076,-3.955201,6.004724,0.324305,0.2
71,0.11975712614618474,1.63481826347846,21,51,1.5182029743366925,0.7333735855455706,0.26733754445583535,12,0.12324514188709523,-0.434700,-3.844354,0.602081,1.402996,2.821105,1.377578,0.831972,2.418316,2.739915,-2.127986,2.371118,-2.553767,0.216448,-1.267277,3.896025,-1.916944,5.360741,2.390113,-0.961338,-0.294058,-3.262849,0.943459,-2.263562,3.144108,1.123701,1.969786,3.890615,2.954393,2.545372,-4.007302,0.580387,3.025227,5.962001,0.172605,-3.141893,3.922384,0.849623,6.750489,2.598170,-4.007302,5.962001,0.327008,0.2
454,0.24587439325992821,1.508767994920669,17,43,1.5883702484636637,0.7524138365440599,0.32445398342915444,32,0.2753625169356558,-0.545527,-3.834479,0.577272,1.442646,2.857389,1.626268,0.831538,2.395036,2.742884,-2.078081,2.350088,-2.522385,0.227281,-1.256680,3.844835,-2.031041,5.329889,2.405431,-0.888023,-0.498525,-3.409940,0.974308,-2.352137,3.227927,1.134182,2.104792,3.954112,3.005577,2.469644,-3.966440,0.354833,3.064586,6.050033,0.188065,-3.150953,3.960691,0.849586,6.876624,2.622332,-3.966440,6.050033,0.323981,0.2
225,0.9797860889439641,1.381462566442194,21,52,1.5428350656184522,0.7717976907263348,0.3628033882762026,34,0.13737013830312073,-0.874295,-3.846862,0.670146,1.702153,2.666626,2.236861,0.689549,2.604300,2.675250,-1.967903,2.382308,-2.486605,0.518238,-1.399624,3.817571,-1.979320,5.084113,2.084939,-0.862187,-0.775163,-3.420846,1.031225,-2.718221,3.176598,1.389510,2.103620,3.932515,2.956890,2.245155,-4.031983,0.501986,3.113730,6.098241,0.421648,-3.165975,4.010754,0.849582,6.942099,2.634786,-4.031983,6.098241,0.322448,0.3
470,0.6566480361395439,1.4163221607074026,16,48,1.5762355821201413,0.8379733539359484,0.32363749233861305,34,0.09635118230932004,-0.802331,-3.845924,0.655952,1.594383,2.796723,2.086644,0.709524,2.558069,2.720440,-1.953986,2.360313,-2.477578,0.398033,-1.374319,3.777508,-1.951649,5.177004,2.247580,-0.903026,-0.718391,-3.410883,1.026165,-2.602468,3.220935,1.304180,2.133857,3.998599,2.925815,2.189085,-4.006818,0.294972,3.150471,6.095205,0.292902,-3.165588,4.083095,0.849569,6.951768,2.636621,-4.006818,6.095205,0.322219,0.2
400,0.89578393099826,1.4563161401599907,23,51,1.4834830484218462,0.7970365872966662,0.3430623269878646,20,0.23222371788907425,-0.732278,-3.786092,0.599441,1.581235,2.788595,1.808053,0.785663,2.432825,2.685096,-2.047829,2.409695,-2.400347,0.400448,-1.282612,3.864803,-1.892609,5.157206,2.206578,-0.886841,-0.627654,-3.479453,0.975000,-2.535981,3.271523,1.277235,2.035264,3.942153,2.976819,2.373669,-4.017314,0.503277,3.091355,5.927811,0.270430,-3.043748,3.951483,0.849525,6.780375,2.603915,-4.017314,5.927811,0.326249,0.2
372,0.24917047352607866,1.4212233633226585,20,51,1.486572756466587,0.7587214459741412,0.390242264464323,16,0.2928057651812369,-0.788151,-3.777944,0.636823,1.657235,2.736067,2.020010,0.721236,2.498226,2.693813,-2.036961,2.395038,-2.392159,0.490292,-1.344675,3.822238,-1.932344,5.091366,2.085214,-0.864997,-0.686125,-3.497069,0.988322,-2.647349,3.296837,1.364077,2.039923,3.957604,2.976778,2.284960,-4.005233,0.501169,3.140568,5.934209,0.303102,-3.063639,3.980413,0.849413,6.819673,2.611450,-4.005233,5.934209,0.325265,0.2
234,0.908082110017473,1.4146471194738295,22,48,1.4893280138167586,0.7983903497972725,0.35530396967347605,34,0.14005818672459305,-0.820127,-3.782350,0.640824,1.644841,2.750671,2.008480,0.738434,2.506186,2.681954,-2.023445,2.397244,-2.394882,0.480847,-1.356869,3.839314,-1.913865,5.077247,2.126702,-0.866376,-0.678270,-3.475798,0.988158,-2.655311,3.268701,1.380191,2.043063,3.957159,2.937865,2.297884,-4.030321,0.496763,3.116505,5.949263,0.321898,-3.077847,4.004027,0.849410,6.827204,2.612892,-4.030321,5.949263,0.325084,0.3
451,0.9222164683086268,1.4708249457499718,15,52,1.4998027303556416,0.7220726295658474,0.46532866353966773,28,0.1286985149233806,-0.653023,-3.799405,0.610703,1.519245,2.852190,1.837443,0.784026,2.469123,2.703499,-2.018355,2.359524,-2.472634,0.379841,-1.281456,3.847559,-1.945082,5.220848,2.264912,-0.881257,-0.591087,-3.435673,0.982692,-2.463691,3.253627,1.180497,2.113498,3.911588,2.962270,2.262063,-4.010101,0.342672,3.172465,5.992971,0.162498,-3.046908,3.983976,0.849196,6.816975,2.610934,-4.010101,5.992971,0.325246,0.2
347,0.9366139139962392,1.5444032550811309,19,53,1.5167191062144985,0.780089266057759,0.16264366807166772,36,0.27704552943510813,-0.509509,-3.796670,0.563465,1.430202,2.853353,1.523676,0.838682,2.353387,2.744548,-2.105868,2.390811,-2.544741,0.282813,-1.197499,3.882765,-2.008032,5.313661,2.347362,-0.886197,-0.449536,-3.428122,0.963894,-2.347542,3.185877,1.095071,2.042677,3.895455,3.042929,2.527028,-3.952265,0.485375,3.083842,5.952799,0.155722,-3.085354,3.926122,0.849172,6.788282,2.605433,-3.952265,5.952799,0.325923,0.2
124,0.1724743412984117,1.3934865973748942,21,50,1.6155787761634344,0.8453078811630038,0.27949008259795466,36,0.11655512386432199,-0.853234,-3.842585,0.667474,1.676247,2.685568,2.149746,0.695613,2.576734,2.710499,-2.003943,2.382400,-2.452425,0.487748,-1.429691,3.801153,-1.976219,5.163374,2.151212,-0.875271,-0.707076,-3.417778,1.001271,-2.658140,3.194787,1.399396,2.090868,3.965488,2.943162,2.268146,-4.043509,0.418096,3.071262,6.087901,0.400562,-3.180303,4.021529,0.849168,6.950722,2.636422,-4.043509,6.087901,0.322091,0.3
279,0.9469369911743922,1.4745672556620435,24,54,1.4820521180328423,0.7027482222881783,0.3468549599623122,35,0.10028650702351251,-0.696000,-3.799266,0.621049,1.567094,2.795899,1.691710,0.805784,2.404874,2.728373,-2.055729,2.409209,-2.408925,0.395501,-1.251579,3.861118,-1.886210,5.190179,2.252553,-0.907163,-0.595118,-3.467119,0.958662,-2.510800,3.245047,1.215384,2.018424,3.932498,2.989103,2.427679,-4.016642,0.501380,3.104726,5.948148,0.213936,-3.024431,3.907223,0.849071,6.773039,2.602506,-4.016642,5.948148,0.326251,0.2
81,0.14178158521461393,1.6163255926804665,11,52,1.5514018996241623,0.764563003544762,0.3286048161018457,8,0.11069583133854619,-0.422597,-3.939626,0.612774,1.255129,2.907475,1.434259,0.846509,2.444383,2.661356,-2.070239,2.349898,-2.617098,0.359594,-1.289810,3.839885,-2.000395,5.426769,2.556504,-0.850409,-0.472614,-3.315045,1.015891,-2.230711,3.183384,1.124986,2.077237,3.894346,3.015741,2.497250,-4.048378,0.333240,3.082654,6.031138,0.120689,-3.143764,3.892803,0.848978,6.878697,2.622727,-4.048378,6.031138,0.323700,0.2
368,0.9479688799770233,1.525320496783969,18,52,1.5325784157568836,0.7259181706432141,0.14994051651654405,48,0.09324878475412973,-0.507708,-3.819479,0.566934,1.416213,2.877481,1.584345,0.850704,2.358432,2.724794,-2.089894,2.383556,-2.564981,0.251806,-1.203880,3.855489,-2.048495,5.342307,2.325070,-0.835500,-0.492227,-3.418871,0.949373,-2.356707,3.162621,1.094804,2.099247,3.903658,3.047263,2.539261,-3.952169,0.448066,3.089257,5.991908,0.137166,-3.113351,3.953440,0.848609,6.833414,2.614080,-3.952169,5.991908,0.324630,0.3
237,0.6210334515379086,1.4831451498704422,24,52,1.4757588130160473,0.7865569606043433,0.37465303173547243,38,0.12051294035314901,-0.669865,-3.794692,0.613717,1.554946,2.805326,1.650275,0.812240,2.388219,2.732610,-2.060677,2.410959,-2.412617,0.385506,-1.237630,3.870814,-1.883846,5.190171,2.259721,-0.913430,-0.577938,-3.464644,0.952462,-2.489471,3.246134,1.196364,2.010517,3.922029,2.995667,2.443960,-4.017171,0.504455,3.106496,5.929712,0.198712,-3.012154,3.897825,0.848464,6.754671,2.598975,-4.017171,5.929712,0.326461,0.3
338,0.750332162867221,1.5061409993508823,18,54,1.5273986469368093,0.8252266648108673,0.4719764626306818,5,0.23886189713557954,-0.555969,-3.818905,0.592072,1.459327,2.864426,1.672147,0.817813,2.384225,2.718937,-2.077915,2.388926,-2.540281,0.283181,-1.231160,3.850240,-2.034546,5.295470,2.280210,-0.839953,-0.530432,-3.426360,0.955619,-2.414260,3.178913,1.147553,2.100605,3.915060,3.021484,2.497396,-3.962769,0.426332,3.098615,5.998735,0.170487,-3.107535,3.965915,0.848433,6.839096,2.615166,-3.962769,5.998735,0.324428,0.2
191,0.5572538432974036,1.5644460448377462,20,55,1.4977348229508856,0.5516792630026109,0.32394003323631687,31,0.12911989040633898,-0.489479,-3.803653,0.545891,1.435999,2.816387,1.474084,0.855369,2.371628,2.726570,-2.111926,2.379311,-2.519036,0.294956,-1.202725,3.879498,-1.963469,5.309529,2.306800,-0.911374,-0.414735,-3.417224,0.950978,-2.331312,3.223012,1.110039,1.999442,3.880377,3.052906,2.520626,-3.971199,0.594897,3.072071,5.903266,0.140140,-3.072061,3.905103,0.848352,6.741657,2.596470,-3.971199,5.903266,0.326733,0.2
315,0.7338205629094696,1.4532767751710551,28,52,1.6005685346225005,0.7504154708743953,0.3454109022785106,33,0.10428957421580026,-0.810547,-3.828408,0.652443,1.587259,2.766433,1.710758,0.777865,2.451843,2.766137,-2.055745,2.419296,-2.422610,0.374148,-1.280493,3.808788,-1.954416,5.354862,2.320006,-0.882291,-0.595486,-3.459498,0.961836,-2.540478,3.174199,1.232201,2.030555,3.991083,3.118671,2.433106,-4.012305,0.280765,3.041216,6.105487,0.258403,-3.122981,3.887823,0.848331,6.934876,2.633415,-4.012305,6.105487,0.322141,0.2
342,0.8276763725260172,1.537303554979525,26,49,1.5140760500929349,0.8036120818292951,0.3228388458015319,36,0.27440546084159767,-0.586087,-3.788845,0.566718,1.453013,2.828693,1.411626,0.882354,2.355216,2.712895,-2.073874,2.420170,-2.505855,0.282782,-1.178928,3.879203,-1.921648,5.366222,2.393179,-0.888981,-0.447276,-3.424946,0.934916,-2.364739,3.167622,1.066106,1.994133,3.898724,3.102461,2.557674,-3.978947,0.508238,3.058264,5.973115,0.130761,-3.069215,3.821850,0.848239,6.769891,2.601902,-3.978947,5.973115,0.326007,0.3
478,0.24451401344260074,1.507505888618224,15,40,1.4890979751681448,0.8207020138331333,0.14974311610768423,33,0.12987381818860594,-0.549030,-3.789228,0.570025,1.454765,2.882546,1.665489,0.828456,2.408129,2.716754,-2.040996,2.359112,-2.501164,0.330632,-1.219403,3.875196,-1.950328,5.261334,2.314869,-0.893021,-0.518208,-3.424331,0.962900,-2.365210,3.243013,1.098371,2.094653,3.877989,2.993727,2.343563,-4.003419,0.364980,3.169343,5.940053,0.100418,-3.023221,3.952956,0.848103,6.765250,2.601010,-4.003419,5.940053,0.326067,0.2
204,0.5742844877211987,1.6022629345526875,25,52,1.56169671167982,0.7392058910016674,0.3312790678907837,36,0.10501523303639684,-0.460103,-3.844978,0.590199,1.401868,2.816570,1.315600,0.847731,2.396587,2.710326,-2.100109,2.411899,-2.558917,0.249977,-1.258610,3.886587,-1.890126,5.440457,2.468150,-0.925604,-0.337016,-3.323575,0.959821,-2.294113,3.103077,1.097820,1.969890,3.919833,3.017653,2.586672,-4.003040,0.459269,2.999699,6.026700,0.132209,-3.153842,3.871327,0.848052,6.807560,2.609130,-4.003040,6.026700,0.325033,0.3
188,0.15739793046540734,1.4349163869589063,12,55,1.5601689001068564,0.7666028226234322,0.3006215358770014,30,0.1225898930054991,-0.782935,-3.898003,0.608081,1.487709,2.821475,2.001943,0.846208,2.515132,2.620995,-2.020195,2.336516,-2.430840,0.386005,-1.363014,3.740212,-1.974782,5.299287,2.327635,-0.754649,-0.760142,-3.411007,1.028870,-2.516062,3.297194,1.315076,2.150178,3.959093,2.958910,2.265009,-4.037500,0.219493,3.103315,6.063383,0.276145,-3.117010,3.966693,0.848012,6.927271,2.631971,-4.037500,6.063383,0.322196,0.2
350,0.8982515221483734,1.5857099103571837,27,53,1.536108521591305,0.891545554527801,0.15379301371594853,37,0.2891590802951059,-0.544940,-3.822707,0.584845,1.421899,2.825087,1.330353,0.867222,2.382465,2.783493,-2.086823,2.410594,-2.540405,0.246584,-1.205151,3.879566,-1.931855,5.412469,2.460171,-0.914335,-0.369249,-3.368545,0.954466,-2.319752,3.117082,1.031318,1.973840,3.906439,3.108479,2.584126,-4.000069,0.411286,3.038382,6.023720,0.137020,-3.109521,3.850291,0.847996,6.818969,2.611316,-4.000069,6.023720,0.324739,0.3
162,0.1795045215199899,1.5965057296707352,21,53,1.6828282785134294,0.7248580330827629,0.2783957470662863,10,0.11094990913783283,-0.467982,-3.859117,0.571869,1.390487,2.812571,1.370861,0.845424,2.393412,2.787547,-2.151659,2.367686,-2.529555,0.215201,-1.313341,3.846788,-1.973883,5.504113,2.482970,-0.948841,-0.281005,-3.309998,0.911207,-2.210556,3.152978,1.129093,2.009250,3.938057,2.985532,2.564108,-4.015249,0.428968,2.946547,6.005892,0.169260,-3.186447,3.945613,0.847994,6.850255,2.617299,-4.015249,6.005892,0.323996,0.2
437,0.7643238232856817,1.6519824958236535,20,25,1.5681603871408007,0.7511374323317571,0.3368380012742447,33,0.11208987135031016,-0.395178,-3.883560,0.606673,1.378323,2.794327,1.326566,0.815799,2.434130,2.775473,-2.124538,2.375073,-2.597439,0.235363,-1.297167,3.867835,-1.955292,5.404275,2.423693,-0.971290,-0.247865,-3.281940,0.978711,-2.247381,3.120043,1.129606,1.952479,3.895757,2.970538,2.562397,-3.993957,0.526550,3.001792,6.012070,0.173443,-3.181823,3.942859,0.847954,6.807008,2.609024,-3.993957,6.012070,0.325008,0.2
359,0.7236824425258968,1.4712110313818496,16,49,1.6458916291372712,0.7808771294930303,0.15596228795579056,34,0.2887247744485761,-0.664632,-3.862556,0.598712,1.493619,2.841462,1.804373,0.777585,2.468932,2.748962,-2.016449,2.358170,-2.500985,0.300290,-1.320599,3.795885,-1.967708,5.341331,2.375669,-0.936874,-0.571267,-3.401390,0.981664,-2.422468,3.212497,1.201834,2.120615,3.983570,2.958012,2.317803,-3.998091,0.253480,3.080873,6.076160,0.211838,-3.159472,4.044627,0.847930,6.929390,2.632373,-3.998091,6.076160,0.322116,0.2
195,0.695146732083582,1.5930709660933196,23,52,1.6290891581356628,0.7410136249746754,0.32697159378724483,34,0.1077667072697636,-0.480844,-3.862131,0.557081,1.376826,2.816599,1.344714,0.857759,2.385825,2.770298,-2.114142,2.389814,-2.542309,0.229904,-1.280934,3.862144,-1.944008,5.443003,2.496099,-0.937786,-0.326501,-3.349210,0.956206,-2.239624,3.139505,1.103690,2.000721,3.927287,3.000958,2.566900,-4.012588,0.457756,2.960049,6.006798,0.174890,-3.165076,3.947821,0.847708,6.835257,2.614432,-4.012588,6.006798,0.324242,0.2
252,0.9982867953975896,1.577638161468348,27,27,1.5611162388053605,0.7296162390460299,0.33379090263631617,34,0.10430279046124157,-0.557053,-3.824882,0.573542,1.416314,2.819263,1.337903,0.877160,2.382227,2.785036,-2.091573,2.405351,-2.539139,0.245010,-1.209782,3.866388,-1.944792,5.442130,2.474273,-0.905749,-0.374174,-3.380143,0.950200,-2.314707,3.116146,1.028730,1.986201,3.915599,3.117045,2.583675,-3.995466,0.403711,3.026843,6.034316,0.133254,-3.123428,3.856615,0.847668,6.839419,2.615228,-3.995466,6.034316,0.324128,0.3
256,0.9785090162213482,1.5389260918715517,18,49,1.5735153202334329,0.7483234205712844,0.3224179092223713,32,0.10204874710796076,-0.485690,-3.835620,0.568291,1.396156,2.873930,1.539143,0.849579,2.360763,2.742650,-2.099507,2.381272,-2.577468,0.236982,-1.224396,3.847300,-2.056326,5.385746,2.365454,-0.848500,-0.452361,-3.400937,0.946013,-2.323979,3.144102,1.092676,2.093362,3.910330,3.038408,2.555730,-3.958048,0.411721,3.063281,6.012562,0.135939,-3.138829,3.962577,0.847564,6.855971,2.618391,-3.958048,6.012562,0.323697,0.2
466,0.7285715180131311,1.4492947825695797,17,54,1.6082034942154422,0.7455117372859368,0.3305258553071157,33,0.10851714989228757,-0.701128,-3.842666,0.639897,1.553140,2.804207,1.889647,0.744861,2.485157,2.729818,-2.050239,2.352965,-2.456285,0.313557,-1.361786,3.802592,-2.004848,5.229918,2.300521,-0.893087,-0.605771,-3.427498,0.990161,-2.513107,3.257248,1.294126,2.115655,4.005374,2.930182,2.336549,-3.989744,0.284124,3.075683,6.089649,0.282043,-3.169950,4.020683,0.847546,6.930852,2.632651,-3.989744,6.089649,0.321936,0.2
141,0.12168228098145625,1.5517500730933602,22,44,1.6462959941617257,0.7915257932649417,0.24482533829907444,6,0.10220385020867187,-0.524819,-3.842255,0.545625,1.399479,2.840499,1.404652,0.648706,2.365086,2.771510,-2.115517,2.387976,-2.525408,0.253323,-1.261411,3.862577,-1.988479,5.464814,2.489293,-0.892589,-0.345901,-3.393476,0.943910,-2.261869,3.175096,1.116276,2.032311,3.938411,3.044670,2.582104,-3.997483,0.463682,2.959853,6.007897,0.167784,-3.146903,3.942002,0.847540,6.862381,2.619615,-3.997483,6.007897,0.323536,0.2
420,0.5775746255156712,1.4665517636268628,20,49,1.4615938138128906,0.7967592635730697,0.44462016104744817,36,0.12051278422886527,-0.674614,-3.771180,0.596649,1.593273,2.780626,1.805408,0.771331,2.421309,2.689117,-2.072094,2.397766,-2.409169,0.420938,-1.255516,3.864960,-1.922835,5.134640,2.123491,-0.900850,-0.597005,-3.495995,0.957545,-2.535558,3.313010,1.269082,2.019700,3.908895,3.007386,2.373587,-3.996315,0.541049,3.123836,5.880723,0.231331,-3.011417,3.926574,0.847491,6.743104,2.596749,-3.996315,5.880723,0.326366,0.2
137,0.1378777845734393,1.558177737603242,17,49,1.5795813500362677,0.7632708336547854,0.21775061246860283,57,0.13019677868496363,-0.455791,-3.845953,0.570439,1.389479,2.866740,1.491102,0.846645,2.380903,2.753360,-2.095384,2.346179,-2.560295,0.186579,-1.242661,3.859876,-2.022913,5.357231,2.446611,-0.916141,-0.416233,-3.366595,0.969602,-2.282121,3.195491,1.089986,2.075053,3.930966,2.995637,2.515924,-3.967227,0.374359,3.054737,6.035681,0.156522,-3.160003,3.951439,0.847478,6.849520,2.617159,-3.967227,6.035681,0.323816,0.3
414,0.6081202726483914,1.5235439085987417,19,51,1.6596830634902064,0.8064233428222327,0.3466366253210811,31,0.12604423001550713,-0.531415,-3.823656,0.555475,1.418834,2.838578,1.514905,0.835231,2.353484,2.789303,-2.124923,2.387519,-2.532531,0.277879,-1.260360,3.840535,-2.047674,5.431150,2.430722,-0.890497,-0.419002,-3.441303,0.944655,-2.307343,3.177538,1.118756,2.063332,3.938215,3.044677,2.537713,-3.965966,0.347009,3.011374,6.008350,0.168168,-3.141039,3.957202,0.847358,6.880367,2.623045,-3.965966,6.008350,0.323044,0.2
185,0.17604172079059507,1.488467902019171,14,57,1.4734050593498351,0.7707860046404014,0.3125685437573325,32,0.12669541643724075,-0.609406,-3.827138,0.592688,1.501094,2.816749,1.757414,0.864729,2.421188,2.643446,-2.033813,2.340112,-2.467912,0.370809,-1.247492,3.863390,-1.907686,5.253338,2.242628,-0.861898,-0.622390,-3.444699,0.960739,-2.384247,3.304334,1.175204,2.093895,3.887848,2.906543,2.300319,-4.011247,0.462257,3.158379,5.900033,0.129291,-3.042059,4.018018,0.847346,6.760910,2.600175,-4.011247,5.900033,0.325880,0.3
288,0.4224027235528373,1.5006858000412024,30,49,1.554120437614674,0.6721005911429034,0.32776709318284214,34,0.11313797111949223,-0.745264,-3.854613,0.589483,1.519390,2.828704,1.609259,0.834727,2.386293,2.759637,-2.057991,2.415589,-2.475861,0.248614,-1.211196,3.817504,-1.989592,5.422308,2.386039,-0.839139,-0.555797,-3.479461,0.937674,-2.416677,3.145347,1.120233,2.025194,3.936309,3.185593,2.523410,-3.984336,0.382479,3.024270,6.094244,0.176877,-3.102824,3.845030,0.847263,6.915129,2.629663,-3.984336,6.094244,0.322194,0.2
317,0.23041110114881924,1.4960245058668484,20,50,1.4602900498895712,0.8267625519625182,0.08561828985601799,35,0.12615759080353325,-0.597561,-3.767251,0.566834,1.537338,2.806733,1.669637,0.808477,2.378216,2.701477,-2.088565,2.395576,-2.438370,0.377822,-1.212091,3.882343,-1.933931,5.179283,2.177275,-0.905320,-0.539030,-3.484537,0.944693,-2.455754,3.299203,1.196575,2.010024,3.886902,3.038421,2.434803,-3.987616,0.563318,3.116518,5.854081,0.182875,-3.003147,3.904766,0.847223,6.714414,2.591219,-3.987616,5.854081,0.326959,0.2
201,0.7867602745553255,1.5730412702994572,17,51,1.5594137466749884,0.7161726034626021,0.33764350782249297,36,0.12222031500477656,-0.442337,-3.850670,0.578219,1.384383,2.863461,1.478865,0.843031,2.391990,2.747874,-2.094747,2.344041,-2.571403,0.181120,-1.243955,3.863796,-2.013420,5.345226,2.440653,-0.924279,-0.403269,-3.348068,0.975880,-2.283118,3.184470,1.090930,2.065009,3.924830,2.981905,2.514452,-3.967021,0.397288,3.060518,6.037321,0.157621,-3.164786,3.952776,0.847183,6.839234,2.615193,-3.967021,6.037321,0.323947,0.2
298,0.6651722991782981,1.5890442949748613,22,57,1.4849908954314592,0.8368672410745496,0.30259184699363156,28,0.10943461103787402,-0.472440,-3.810696,0.566617,1.417859,2.840919,1.391194,0.852118,2.371363,2.723967,-2.113178,2.388957,-2.512704,0.265070,-1.219756,3.911333,-1.904543,5.275897,2.351067,-0.948495,-0.347608,-3.365316,0.941416,-2.317066,3.197443,1.133173,1.966742,3.874467,2.983333,2.541971,-4.008144,0.579133,3.043009,5.892455,0.149243,-3.066170,3.923302,0.847109,6.711391,2.590635,-4.008144,5.892455,0.326989,0.2
424,0.9606990020197097,1.651163006165332,24,52,1.5352641400503908,0.7555008826917126,0.34371097536704404,35,0.13589123564186112,-0.431862,-3.890308,0.638524,1.384009,2.806197,1.263287,0.828508,2.419622,2.792096,-2.103243,2.391391,-2.570373,0.236905,-1.283157,3.877293,-1.882966,5.372319,2.477769,-0.990821,-0.276138,-3.263023,0.972881,-2.267665,3.082663,1.098780,1.937013,3.903028,2.936399,2.578762,-4.023124,0.516437,3.012318,6.025991,0.158619,-3.154110,3.914620,0.846907,6.787472,2.605278,-4.023124,6.025991,0.325074,0.3
363,0.9157173445839067,1.426110970726086,36,50,1.5512760152924905,0.7946428004975356,0.41298340297360925,32,0.22818678326814615,-0.880061,-3.842048,0.666468,1.619888,2.788688,1.894320,0.720744,2.474929,2.730768,-2.027529,2.417147,-2.403767,0.412157,-1.324385,3.701509,-1.975662,5.335518,2.151453,-0.867884,-0.703870,-3.473562,0.968907,-2.576568,3.170407,1.374186,2.019383,3.973765,3.091610,2.423670,-4.039730,0.392111,3.058875,6.171616,0.287751,-3.123578,3.878322,0.846821,6.958398,2.637878,-4.039730,6.171616,0.321024,0.2
484,0.20830470079243688,1.393967739350294,14,51,1.5631174904080762,0.8621918119098683,0.13646044093426324,9,0.29550353390243306,-0.825588,-3.899019,0.694202,1.628621,2.697934,2.195344,0.749886,2.603085,2.652570,-1.936907,2.338783,-2.516536,0.507249,-1.428054,3.791541,-1.968520,5.174597,2.183239,-0.834551,-0.803338,-3.440023,1.048226,-2.603025,3.219574,1.333774,2.152847,3.935911,2.859243,2.128939,-4.043808,0.372642,3.152691,6.101076,0.312741,-3.173683,4.122296,0.846777,6.976250,2.641259,-4.043808,6.101076,0.320596,0.2
356,0.2777292241060051,1.5535176336303038,24,56,1.6969232775587038,0.7653708087092593,0.1308243086021108,36,0.2988288943652369,-0.526489,-3.866155,0.571578,1.404420,2.814950,1.337766,0.863363,2.352157,2.832506,-2.120877,2.394232,-2.500429,0.268173,-1.286771,3.830834,-1.959521,5.493784,2.536486,-0.938695,-0.353063,-3.393055,0.922361,-2.248957,3.149480,1.093528,2.012598,3.952180,3.026030,2.584714,-4.020466,0.359073,2.955635,6.027223,0.141511,-3.145613,3.918987,0.846763,6.878466,2.622683,-4.020466,6.027223,0.322861,0.3
334,0.9240474752800459,1.4298966575519791,25,51,1.4867021430595444,0.8073268309897157,0.42163001579403525,6,0.28265368597713114,-0.774247,-3.772684,0.642818,1.649167,2.763339,1.875550,0.743521,2.472813,2.642235,-2.037030,2.430502,-2.378264,0.457303,-1.324837,3.849291,-1.838948,5.149187,2.162341,-0.881393,-0.670789,-3.474953,0.967373,-2.636237,3.249376,1.350238,2.013463,3.976836,2.959553,2.342230,-4.024071,0.402776,3.114540,5.958291,0.256031,-3.048857,3.914538,0.846694,6.798609,2.607414,-4.024071,5.958291,0.324726,0.2
438,0.18758984384677227,1.538516611958696,15,50,1.4874465321035002,0.8022792114916476,0.34580159978459524,36,0.1181209903554717,-0.479296,-3.790992,0.549319,1.408133,2.894279,1.552416,0.853367,2.381216,2.725462,-2.057648,2.355165,-2.526316,0.294885,-1.192245,3.887223,-1.952346,5.294118,2.352771,-0.906590,-0.460371,-3.404756,0.953379,-2.301072,3.224703,1.051521,2.078873,3.858933,3.002341,2.392127,-3.999659,0.379913,3.161353,5.918600,0.064318,-3.023182,3.940963,0.846692,6.742075,2.596551,-3.999659,5.918600,0.326083,0.2
226,0.9270601293418244,1.4309197462175371,18,49,1.5911693128152569,0.7789119928586004,0.31591918338163627,36,0.15192599961327186,-0.749118,-3.840299,0.668039,1.585730,2.794569,1.996852,0.712168,2.500422,2.718035,-2.046091,2.390433,-2.464901,0.385665,-1.382278,3.783586,-2.019820,5.214796,2.186135,-0.838190,-0.651570,-3.443914,0.978283,-2.599762,3.199014,1.343869,2.122667,3.997667,2.926080,2.342932,-3.990538,0.306464,3.094458,6.069989,0.292051,-3.157304,4.053097,0.846645,6.943281,2.635011,-3.990538,6.069989,0.321306,0.3
160,0.15497169974854913,1.5150993884967026,18,50,1.6016871989754289,0.7611303377643601,0.2955106497993709,14,0.13404086744899169,-0.529090,-3.836394,0.576482,1.423830,2.861613,1.604414,0.831256,2.374056,2.745390,-2.096969,2.382650,-2.552969,0.259590,-1.251289,3.832714,-2.058046,5.378842,2.347977,-0.848815,-0.481069,-3.419410,0.942402,-2.357241,3.159146,1.131411,2.102804,3.927149,3.026933,2.526841,-3.966287,0.369858,3.056106,6.022453,0.156878,-3.142770,3.977525,0.846610,6.877661,2.622529,-3.966287,6.022453,0.322822,0.2
235,0.9816705517280332,1.4583794279714564,18,53,1.604232643887905,0.7696257464239199,0.34089868517453326,37,0.126625885721274,-0.679183,-3.842963,0.640864,1.534754,2.813475,1.867122,0.748680,2.460554,2.726499,-2.064593,2.388288,-2.492132,0.342934,-1.340722,3.799645,-2.032889,5.277073,2.239447,-0.848397,-0.591540,-3.437537,0.965444,-2.519298,3.188476,1.278706,2.117519,3.972098,2.955578,2.404178,-3.987009,0.318429,3.072997,6.065610,0.252312,-3.155622,4.026893,0.846269,6.925793,2.631690,-3.987009,6.065610,0.321569,0.3
205,0.8631173988430996,1.4759639341506545,17,54,1.5073104733564127,0.7711828075560843,0.4483045523950462,33,0.11487968894641078,-0.627697,-3.808682,0.611395,1.526614,2.835384,1.790198,0.778930,2.433573,2.702101,-2.057343,2.354260,-2.466883,0.290953,-1.270209,3.850312,-1.980079,5.172381,2.257211,-0.902790,-0.590695,-3.434090,0.977041,-2.480133,3.278650,1.221900,2.094611,3.946506,2.956262,2.374019,-3.979020,0.390793,3.120763,6.001210,0.224796,-3.099246,3.970232,0.846201,6.824413,2.612358,-3.979020,6.001210,0.323922,0.2
340,0.7672023052663515,1.4470894682427093,24,57,1.4636087685360022,0.7932979702460836,0.3085252101025273,19,0.22520078337979738,-0.752564,-3.787872,0.646148,1.622599,2.777497,1.806398,0.764346,2.432709,2.719389,-2.045612,2.412941,-2.366808,0.445665,-1.289313,3.850269,-1.858843,5.101644,2.174923,-0.917004,-0.650513,-3.481707,0.957411,-2.589813,3.271007,1.291270,2.008123,3.945901,2.947283,2.361043,-4.030179,0.471117,3.132343,5.918692,0.246885,-3.003423,3.930571,0.846181,6.761360,2.600262,-4.030179,5.918692,0.325422,0.2
307,0.9808162250150972,1.6608681425638174,24,51,1.5463717632294782,0.6071136279203485,0.2554929636031566,6,0.11641883768028236,-0.424810,-3.900338,0.639153,1.371835,2.797316,1.249556,0.830560,2.431202,2.792033,-2.108291,2.385197,-2.581602,0.228031,-1.294471,3.868334,-1.885006,5.392696,2.490958,-0.995477,-0.258535,-3.250099,0.974575,-2.258092,3.068004,1.099516,1.935480,3.906476,2.926766,2.579536,-4.021584,0.520337,3.001886,6.040789,0.158501,-3.175771,3.923883,0.846071,6.799923,2.607666,-4.021584,6.040789,0.324455,0.2
219,0.9409302812884708,1.5105923379777353,30,47,1.581954924007989,0.7894928995938366,0.33240952523757233,38,0.15151122441495118,-0.712144,-3.858213,0.579954,1.497473,2.836993,1.549244,0.840952,2.366924,2.777884,-2.069434,2.416676,-2.481484,0.233556,-1.210547,3.820601,-1.994913,5.451539,2.419501,-0.850327,-0.519592,-3.474099,0.925627,-2.376236,3.140405,1.099971,2.018254,3.932306,3.190466,2.548706,-3.988338,0.353378,3.007028,6.086631,0.160912,-3.104217,3.841643,0.846030,6.914855,2.629611,-3.988338,6.086631,0.321732,0.3
408,0.9349437921156252,1.5858660178531205,28,47,1.5408844783740256,0.8169904067662973,0.49945002287725354,34,0.295646668230389,-0.550116,-3.842341,0.606004,1.419061,2.820907,1.303157,0.851240,2.374975,2.786983,-2.097256,2.410764,-2.535562,0.239672,-1.188004,3.874560,-1.953793,5.439665,2.452005,-0.926966,-0.381302,-3.360165,0.947482,-2.326957,3.097942,1.037833,1.965737,3.908908,3.149598,2.595889,-3.991552,0.397303,3.027346,6.050629,0.138934,-3.121617,3.832274,0.845923,6.840400,2.615416,-3.991552,6.050629,0.323437,0.2
305,0.9702830839665931,1.4946394989050116,18,49,1.6114172868004426,0.7547058456615438,0.31966358136789097,31,0.11045926366671645,-0.582859,-3.840635,0.599310,1.463117,2.842170,1.696464,0.800202,2.405790,2.740579,-2.087994,2.384010,-2.529427,0.289165,-1.287694,3.818549,-2.049622,5.347786,2.311063,-0.852830,-0.516898,-3.426801,0.948005,-2.413326,3.170331,1.187802,2.107675,3.944345,2.998377,2.482090,-3.976191,0.342124,3.057220,6.039808,0.191586,-3.150137,3.997741,0.845858,6.897179,2.626248,-3.976191,6.039808,0.322079,0.2
412,0.9464059017872803,1.6150090975316762,23,50,1.5111113580321551,0.7677868622590586,0.3213698782881091,33,0.2050595338102179,-0.454417,-3.841845,0.571803,1.391181,2.820782,1.347968,0.844753,2.392747,2.735385,-2.104738,2.392077,-2.540786,0.236907,-1.246797,3.897324,-1.894888,5.320811,2.408474,-0.960598,-0.338783,-3.329487,0.964458,-2.281290,3.149168,1.108337,1.964287,3.888046,2.971468,2.544271,-4.013405,0.551825,3.020256,5.943980,0.168298,-3.114639,3.931689,0.845684,6.743441,2.596814,-4.013405,5.943980,0.325662,0.2
360,0.701149706779934,1.5520915148548386,27,52,1.5133199960823849,0.7303784140957551,0.13077259114492704,33,0.2750351654331769,-0.577199,-3.789914,0.555470,1.441605,2.827785,1.381600,0.881680,2.358953,2.763009,-2.088829,2.408485,-2.504385,0.268589,-1.173098,3.880366,-1.931944,5.372005,2.405954,-0.902322,-0.429790,-3.424823,0.936549,-2.351217,3.160150,1.028445,1.986559,3.897737,3.132164,2.561733,-3.993073,0.432604,3.065087,5.970264,0.117609,-3.064247,3.840018,0.845655,6.787153,2.605217,-3.993073,5.970264,0.324601,0.2
104,0.15530801811871633,1.5058687120715675,14,44,1.6709235797574487,0.9219999625260332,0.33924290912009003,5,0.09452820383530192,-0.564614,-3.886741,0.582522,1.243730,2.818600,1.627894,1.047300,2.350533,2.725099,-2.043453,2.337685,-2.523241,0.307489,-1.309650,3.825208,-1.986611,5.501304,2.464886,-0.856103,-0.508186,-3.412519,0.961232,-2.245769,3.228597,1.129398,2.119340,3.935600,2.939720,2.394990,-4.001160,0.296458,3.055723,6.038121,0.132904,-3.158439,3.875471,0.845648,6.871820,2.621416,-4.001160,6.038121,0.322592,0.2
453,0.9599440853037354,1.550337863721878,22,53,1.4582751534360887,0.8066038035661874,0.2846587191362126,37,0.10983148378609153,-0.508046,-3.774259,0.540426,1.444400,2.849414,1.445742,0.864026,2.338020,2.705815,-2.111501,2.391522,-2.471898,0.293090,-1.182740,3.917908,-1.904006,5.227844,2.295393,-0.931537,-0.414045,-3.425879,0.923130,-2.351145,3.247453,1.130394,1.980809,3.864001,3.011831,2.522730,-4.002891,0.593804,3.072490,5.832530,0.131734,-3.012475,3.907273,0.845593,6.676970,2.583983,-4.002891,5.832530,0.327244,0.3
145,0.14055484487872702,1.3998545420469877,19,49,1.5514689842072305,0.813669081657202,0.22670393546167183,11,0.1254417332211142,-0.829028,-3.829218,0.677994,1.654401,2.709066,2.149327,0.672953,2.561986,2.713158,-1.999663,2.394543,-2.490000,0.502628,-1.391985,3.803982,-2.013298,5.095042,2.125097,-0.866172,-0.734975,-3.470586,1.037697,-2.707037,3.180845,1.371505,2.101232,3.956914,2.938293,2.268184,-3.999369,0.382427,3.127805,6.086230,0.376248,-3.158830,4.043584,0.845583,6.951188,2.636511,-3.999369,6.086230,0.320720,0.2
103,0.163982400576593,1.509385078739696,14,48,1.495593636177201,0.8357369580279427,0.2626338062363113,5,0.0931467128456904,-0.561937,-3.838725,0.574713,1.430089,2.836217,1.667854,0.886683,2.394937,2.662179,-2.036780,2.341660,-2.505799,0.332556,-1.222264,3.870946,-1.936187,5.332196,2.325466,-0.844344,-0.576991,-3.426691,0.968574,-2.315291,3.272774,1.112472,2.102597,3.886655,2.944002,2.364751,-3.999113,0.466990,3.137620,5.931714,0.109539,-3.063945,3.812062,0.845477,6.748876,2.597860,-3.999113,5.931714,0.325451,0.2
210,0.9938240614341526,1.5564458427432732,29,48,1.5916613229031797,0.7629573172399851,0.30933293118275657,33,0.1489624049226119,-0.591153,-3.848467,0.593982,1.425204,2.830431,1.431340,0.858541,2.359299,2.801001,-2.100331,2.409167,-2.507067,0.215776,-1.220203,3.850619,-1.982433,5.452170,2.473505,-0.885374,-0.415859,-3.419314,0.921155,-2.314614,3.106314,1.042091,1.984205,3.922282,3.170559,2.591906,-3.998706,0.380837,2.993744,6.054787,0.132070,-3.124566,3.843219,0.845448,6.875682,2.622152,-3.998706,6.054787,0.322425,0.2
468,0.9824601681829475,1.5161529068824808,21,50,1.437893677600313,0.7790419970614139,0.2558891371264538,36,0.2881200519659224,-0.559746,-3.740444,0.546135,1.505425,2.839031,1.584245,0.842484,2.341567,2.686620,-2.116718,2.383921,-2.424036,0.314239,-1.180433,3.913983,-1.901763,5.190304,2.203133,-0.918909,-0.502095,-3.433530,0.895292,-2.394095,3.295982,1.150333,2.006626,3.866740,3.018563,2.465022,-4.000844,0.603564,3.113846,5.793716,0.146775,-2.982007,3.882019,0.845415,6.650572,2.578870,-4.000844,5.793716,0.327824,0.3
302,0.5275046187255128,1.50616440510213,28,52,1.5088868489061216,0.7433676312089784,0.33591019757328866,33,0.1166095031227748,-0.664697,-3.793815,0.591967,1.502042,2.815405,1.490499,0.842451,2.366483,2.752813,-2.080298,2.416880,-2.457484,0.310554,-1.166077,3.868209,-1.948229,5.344302,2.334372,-0.897812,-0.525582,-3.457432,0.934994,-2.436199,3.178399,1.090975,1.997497,3.915975,3.172040,2.522802,-3.990898,0.398110,3.075248,5.998094,0.155183,-3.051733,3.827113,0.845337,6.816541,2.610851,-3.990898,5.998094,0.323779,0.2
489,0.23907040840358,1.4737578853791913,31,57,1.563611535065702,0.861373369964619,0.1463057247557145,5,0.29405920283909004,-0.805366,-3.865319,0.614736,1.557415,2.812257,1.663176,0.804527,2.401379,2.760901,-2.038477,2.425798,-2.449785,0.284287,-1.232281,3.794350,-1.972669,5.399712,2.317437,-0.858601,-0.602061,-3.472610,0.953184,-2.466495,3.169170,1.193985,2.014739,3.957741,3.130978,2.484253,-4.002956,0.370203,3.012434,6.112558,0.216606,-3.110112,3.856237,0.845315,6.924094,2.631367,-4.002956,6.112558,0.321245,0.2
206,0.8376456779564705,1.550653612094334,22,49,1.4587439587978626,0.752812387286729,0.2591328610313857,30,0.1326228757242152,-0.508611,-3.774594,0.538497,1.442670,2.847378,1.446271,0.865808,2.339610,2.704103,-2.112745,2.389648,-2.472422,0.292269,-1.183137,3.915817,-1.904615,5.229844,2.294760,-0.931466,-0.414118,-3.426476,0.922486,-2.351412,3.246608,1.130211,1.981408,3.864268,3.011135,2.521178,-4.001862,0.597442,3.072101,5.832745,0.130300,-3.014902,3.908926,0.845253,6.677689,2.584123,-4.001862,5.832745,0.327095,0.2
377,0.6554453621205312,1.4416778644170753,21,52,1.4463762596887282,0.5064963053195972,0.33872720229396464,27,0.1318402384876626,-0.754041,-3.748414,0.609326,1.633081,2.771772,1.928120,0.759722,2.454455,2.657029,-2.080270,2.380352,-2.355401,0.422587,-1.298065,3.856269,-1.879238,5.085326,2.075627,-0.897163,-0.651517,-3.461351,0.924320,-2.593335,3.322227,1.333970,2.031838,3.935190,2.942859,2.302170,-4.014076,0.551443,3.139670,5.846518,0.257393,-3.013988,3.953163,0.845210,6.725512,2.593359,-4.014076,5.846518,0.325913,0.2
183,0.5371786028142124,1.4532618908009398,17,57,1.5040303152701453,0.7608216691891972,0.30595935488294895,30,0.13036598866987947,-0.684874,-3.807188,0.632423,1.568444,2.816891,1.890245,0.747686,2.465465,2.694779,-2.046415,2.354802,-2.440836,0.325725,-1.306039,3.835715,-1.967427,5.123468,2.210291,-0.902376,-0.635805,-3.442260,0.981869,-2.543683,3.291820,1.279862,2.096878,3.964385,2.928964,2.321501,-3.985556,0.373477,3.132995,6.003405,0.255366,-3.099800,3.992291,0.845180,6.836772,2.614722,-3.985556,6.003405,0.323239,0.3
429,0.9755511275105618,1.513069475394516,17,53,1.645093118105426,0.7298331529902351,0.339387906372858,36,0.15506812854751292,-0.521322,-3.842859,0.565520,1.422251,2.850583,1.576319,0.832304,2.385216,2.762921,-2.099178,2.345948,-2.517400,0.217252,-1.278050,3.831607,-2.036910,5.371161,2.434788,-0.911830,-0.459887,-3.411339,0.952291,-2.315844,3.224626,1.136953,2.096644,3.958953,2.995138,2.480219,-3.977402,0.293903,3.033870,6.043692,0.175529,-3.165551,3.973706,0.845106,6.889822,2.624847,-3.977402,6.043692,0.321964,0.2
421,0.9665441443767291,1.6105188326861195,27,30,1.5521085917911759,0.7229409430724285,0.2758241869764745,34,0.10861663536332106,-0.517974,-3.841443,0.592116,1.400842,2.809754,1.291743,0.861786,2.402024,2.787066,-2.099043,2.401271,-2.557354,0.230759,-1.229627,3.868724,-1.924487,5.432469,2.476851,-0.937547,-0.323982,-3.337207,0.953374,-2.300864,3.092176,1.039615,1.958562,3.906890,3.077448,2.583945,-4.004329,0.408520,3.021138,6.037136,0.136118,-3.140667,3.867472,0.845091,6.825553,2.612576,-4.004329,6.037136,0.323470,0.2
202,0.8095979414005321,1.5101581064812504,30,53,1.5263408970854682,0.7198148589292641,0.3285110231174576,50,0.11948168862384065,-0.713168,-3.841277,0.578501,1.507923,2.838698,1.569016,0.841714,2.366204,2.755118,-2.064826,2.416152,-2.473225,0.242076,-1.187029,3.832807,-1.978729,5.394661,2.369856,-0.851664,-0.543907,-3.482872,0.926905,-2.402551,3.154969,1.098461,2.009946,3.915246,3.187997,2.533618,-3.984332,0.402738,3.038916,6.052453,0.153448,-3.073936,3.832463,0.845066,6.872901,2.621622,-3.984332,6.052453,0.322345,0.3
455,0.9865038512426616,1.6182848522214248,25,46,1.528560600026427,0.7426880970677617,0.4491649620173841,34,0.2524272055035993,-0.436797,-3.841962,0.597904,1.401187,2.813064,1.297888,0.836797,2.402549,2.701131,-2.104319,2.410280,-2.557707,0.248625,-1.257240,3.896347,-1.865802,5.396380,2.436931,-0.950447,-0.321661,-3.307665,0.956661,-2.300891,3.103665,1.106628,1.946209,3.903460,2.991294,2.576244,-4.009536,0.478887,3.014424,5.998195,0.127553,-3.139235,3.871839,0.845024,6.769522,2.601831,-4.009536,5.998195,0.324781,0.2
274,0.805980423659065,1.520878023855382,28,49,1.6487379365452877,0.8890137250187593,0.3236253333997638,60,0.13221034465791867,-0.620595,-3.831483,0.577207,1.446195,2.818224,1.371768,0.855942,2.345172,2.814285,-2.107099,2.413954,-2.483732,0.268988,-1.208549,3.842535,-1.989368,5.498897,2.474570,-0.905698,-0.430151,-3.436534,0.916797,-2.331232,3.141352,1.062410,2.007627,3.943462,3.185421,2.583048,-3.999166,0.278247,2.990927,6.054883,0.142517,-3.117211,3.842732,0.844898,6.899730,2.626734,-3.999166,6.054883,0.321654,0.3
390,0.9850110547229831,1.391313894764194,11,53,1.5349078810814083,0.7503344905310796,0.4326509599313286,34,0.12722352902353073,-0.845676,-3.926003,0.706955,1.539404,2.792179,2.196464,0.709271,2.622234,2.596603,-1.941295,2.359554,-2.529088,0.640943,-1.442845,3.767225,-2.008309,5.125903,2.244254,-0.774484,-0.910131,-3.467903,1.078160,-2.678936,3.257411,1.388127,2.171212,3.943058,2.983549,2.186383,-4.082244,0.285452,3.184915,6.063593,0.319634,-3.124162,3.979186,0.844739,7.012623,2.648136,-4.082244,6.063593,0.318994,0.3
483,0.27181915955965696,1.4782679609870273,44,52,1.5999421905774966,0.8673932503100129,0.14364956546042623,7,0.2797124446195938,-0.723402,-3.812535,0.609374,1.535833,2.825247,1.644438,0.744458,2.379160,2.739799,-2.079170,2.409062,-2.430001,0.238769,-1.284136,3.729781,-1.996119,5.551820,2.253699,-0.901692,-0.548484,-3.493743,0.936769,-2.456374,3.142639,1.231112,2.025869,3.929160,3.092142,2.516394,-4.032286,0.415404,3.049797,6.198380,0.208206,-3.112145,3.865208,0.844512,6.969628,2.640005,-4.032286,6.198380,0.319890,0.2
89,0.16152196535614646,1.3834516008815356,10,48,1.5672138361495775,0.8706913217534783,0.33185096389066976,7,0.08956837246407207,-0.742046,-3.950880,0.710212,1.460673,2.835929,2.227177,0.742483,2.496080,2.654931,-1.886550,2.328692,-2.585261,0.558003,-1.467687,3.840694,-1.948749,5.228296,2.303964,-0.790298,-0.902081,-3.470848,1.104833,-2.680864,3.255604,1.410944,2.175339,3.952119,2.941017,2.071711,-4.083613,0.205660,3.135526,6.114198,0.340086,-3.115186,3.931422,0.844487,7.036143,2.652573,-4.083613,6.114198,0.318365,0.2
123,0.1494397341691671,1.4342575295088524,37,47,1.5790582527310213,0.8191130126104937,0.29019848577487906,10,0.13178613210161524,-0.843913,-3.851615,0.648069,1.588515,2.794925,1.857024,0.718369,2.459486,2.736692,-2.061891,2.423546,-2.406404,0.391252,-1.327488,3.673162,-1.988830,5.366085,2.164505,-0.882301,-0.650521,-3.483816,0.955678,-2.535886,3.166581,1.352092,2.023735,3.968235,3.073414,2.439736,-4.041197,0.410125,3.041455,6.194964,0.274452,-3.114204,3.865010,0.844418,6.957496,2.637707,-4.041197,6.194964,0.320133,0.2
485,0.2628446983411211,1.502100420116273,18,52,1.6414970196076688,0.8768793266210996,0.12402996992427104,8,0.2922295414531776,-0.555284,-3.844770,0.592429,1.445876,2.848025,1.643119,0.803429,2.389717,2.757981,-2.098741,2.385445,-2.532133,0.277260,-1.291242,3.819270,-2.054287,5.375950,2.340777,-0.865691,-0.484347,-3.422758,0.936125,-2.377466,3.166726,1.176483,2.100448,3.942859,3.000497,2.502961,-3.982636,0.305153,3.039271,6.034295,0.180020,-3.152603,3.996187,0.844398,6.899623,2.626713,-3.982636,6.034295,0.321466,0.2
405,0.916917879690134,1.4146000561911833,20,51,1.4693860366549907,0.7652994096005067,0.34530223894528217,32,0.27254762249163716,-0.786190,-3.770208,0.635110,1.669106,2.721201,2.044167,0.707826,2.503451,2.685999,-2.034382,2.392655,-2.388023,0.511463,-1.345943,3.824928,-1.921406,5.036080,2.038310,-0.884612,-0.703955,-3.505338,0.980365,-2.671891,3.302277,1.377817,2.028359,3.937506,2.961564,2.261278,-4.015720,0.504876,3.158723,5.899731,0.302178,-3.047412,3.986557,0.844346,6.794530,2.606632,-4.015720,5.899731,0.323922,0.2
130,0.15180596293348114,1.5368196018164653,17,30,1.57103131426201,0.9125770464137777,0.271141869051141,8,0.0913572967425203,-0.481697,-3.833965,0.566635,1.186231,2.880522,1.525752,0.948321,2.156769,2.752081,-2.068767,2.353141,-2.550526,0.197110,-1.223463,3.866914,-2.033246,5.351379,2.443672,-0.890087,-0.452300,-3.389168,0.974560,-2.294883,3.211626,1.080297,2.092546,3.934217,3.025149,2.519608,-3.961096,0.377193,3.064870,6.035943,0.160864,-3.141466,3.997731,0.843957,6.839862,2.615313,-3.961096,6.035943,0.322698,0.2
189,0.9559414315867338,1.565348782760756,21,54,1.4507848859374584,0.7403019429866994,0.3193560294655996,33,0.130877822595867,-0.489608,-3.765755,0.552233,1.458032,2.837750,1.475242,0.845672,2.351761,2.702306,-2.130838,2.377170,-2.464137,0.273187,-1.193125,3.915661,-1.897316,5.231188,2.255804,-0.948216,-0.417272,-3.378693,0.897778,-2.335235,3.252170,1.126321,1.981499,3.859088,2.995217,2.498386,-4.004490,0.607860,3.091257,5.812351,0.133152,-3.017077,3.889668,0.843861,6.650324,2.578822,-4.004490,5.812351,0.327227,0.2
245,0.7136697151565585,1.5989919203161613,18,53,1.5437029337208306,0.7318873212860726,0.3276896488251568,31,0.10803868397158028,-0.419574,-3.863090,0.601498,1.370456,2.859037,1.460385,0.823155,2.398417,2.743427,-2.107833,2.375130,-2.613952,0.213072,-1.254210,3.856435,-2.020539,5.361992,2.365190,-0.901982,-0.370886,-3.324072,0.956840,-2.304920,3.100544,1.108668,2.045114,3.892751,2.971279,2.557118,-3.971849,0.435259,3.060729,6.020577,0.141648,-3.165875,3.977168,0.843809,6.829175,2.613269,-3.971849,6.020577,0.322894,0.2
422,0.914225793219622,1.3801395711020892,22,54,1.6015783650540265,0.9075548172137692,0.3550493398279473,33,0.1133732828191606,-0.865734,-3.868248,0.663718,1.676416,2.663588,2.164395,0.686943,2.601830,2.700286,-1.969062,2.392490,-2.487369,0.536379,-1.435415,3.809122,-1.982850,5.084256,2.130076,-0.894754,-0.722208,-3.451635,1.032682,-2.706355,3.167033,1.416363,2.079970,3.934584,2.925585,2.264086,-4.055927,0.416275,3.068164,6.099815,0.422008,-3.177757,4.054657,0.843706,6.963744,2.638891,-4.055927,6.099815,0.319720,0.2
308,0.94959089421107,1.5247114421106558,20,53,1.443055990402762,0.8169942883673403,0.3353754849888845,43,0.10576684090379715,-0.514053,-3.753786,0.532614,1.484246,2.829765,1.531533,0.841955,2.329494,2.706051,-2.111020,2.391209,-2.455122,0.339864,-1.163079,3.902394,-1.931193,5.192525,2.201880,-0.924611,-0.483634,-3.479797,0.920792,-2.383500,3.297759,1.129975,1.989660,3.853712,3.057898,2.484382,-3.982602,0.591987,3.118868,5.794057,0.124824,-2.976614,3.882347,0.843633,6.661150,2.580920,-3.982602,5.794057,0.326873,0.3
321,0.36846326614993513,1.5679547148428479,25,52,1.4962971419757256,0.7100606497580345,0.32993591806462985,31,0.1281464999407692,-0.482781,-3.794881,0.563228,1.436560,2.825383,1.372239,0.853067,2.361506,2.678219,-2.101618,2.414517,-2.504813,0.283241,-1.209493,3.905096,-1.867156,5.336716,2.365762,-0.928179,-0.410059,-3.387676,0.934043,-2.345021,3.167950,1.101877,1.966142,3.891837,3.030710,2.552096,-4.002374,0.495277,3.053183,5.925858,0.106089,-3.067748,3.850742,0.843598,6.725901,2.593434,-4.002374,5.925858,0.325282,0.2
384,0.691470785482079,1.618971300078198,16,48,1.5875413686146107,0.7691741285084283,0.3524844459724718,34,0.2991965351671859,-0.408473,-3.892801,0.583118,1.343374,2.869582,1.421404,0.821992,2.432877,2.767119,-2.062020,2.345875,-2.620094,0.181071,-1.268096,3.846863,-1.938125,5.406500,2.480489,-1.008593,-0.345617,-3.267453,0.979553,-2.233548,3.113879,1.072787,2.035890,3.912645,2.926463,2.455961,-3.993677,0.351930,3.069516,6.037018,0.121186,-3.180652,4.010050,0.843555,6.838965,2.615141,-3.993677,6.037018,0.322566,0.2
318,0.21425440504069945,1.4096296694150103,17,51,1.5282502628713008,0.7573477823062209,0.32572183639727836,35,0.11619666896225139,-0.780595,-3.824313,0.669879,1.624382,2.756927,2.093249,0.693655,2.548146,2.696008,-2.000512,2.349874,-2.456854,0.396634,-1.380395,3.801108,-1.989166,5.063355,2.163800,-0.887244,-0.726727,-3.439457,1.017688,-2.654453,3.256615,1.355444,2.117202,3.978539,2.903370,2.240918,-4.002227,0.347886,3.147088,6.070942,0.329529,-3.156303,4.042783,0.843522,6.915040,2.629646,-4.002227,6.070942,0.320774,0.2
208,0.684624265476595,1.4189300637001456,23,46,1.4659293618577507,0.7473729231008592,0.2595655045784191,31,0.13401746550938087,-0.802718,-3.765428,0.623516,1.636999,2.747182,1.971158,0.737756,2.480207,2.676120,-2.030340,2.403237,-2.364292,0.473724,-1.339794,3.839757,-1.873255,5.046621,2.108474,-0.891161,-0.707141,-3.496318,0.975258,-2.641097,3.285812,1.366224,2.023520,3.949630,2.928027,2.279867,-4.038278,0.481893,3.134452,5.888905,0.305880,-3.043367,3.993576,0.843461,6.776156,2.603105,-4.038278,5.888905,0.324021,0.2
168,0.19855418644758593,1.5531028743229116,27,50,1.6558212092989202,0.7436326826896226,0.21821642683157433,14,0.15573072821716458,-0.568509,-3.826996,0.551376,1.411852,2.812054,1.327796,0.878523,2.360429,2.813882,-2.114451,2.402227,-2.511207,0.249218,-1.236677,3.839978,-1.963860,5.500966,2.508798,-0.917126,-0.361509,-3.414254,0.917437,-2.286303,3.134123,1.042421,1.998595,3.934492,3.122416,2.584732,-4.007392,0.302582,2.984349,6.028890,0.122733,-3.132218,3.871586,0.843360,6.874889,2.622001,-4.007392,6.028890,0.321647,0.2
423,0.94483352696051,1.496346366969511,18,56,1.502219735925144,0.7670420519951159,0.316121043155532,37,0.1259286330091383,-0.570877,-3.804188,0.595621,1.484856,2.852130,1.713106,0.798358,2.390834,2.703204,-2.082552,2.386894,-2.509674,0.306368,-1.236135,3.851025,-2.007121,5.226884,2.212213,-0.863783,-0.553625,-3.442417,0.940565,-2.454924,3.206735,1.183016,2.086400,3.904886,2.992117,2.457642,-3.973286,0.429445,3.118225,5.951531,0.170859,-3.078428,3.973311,0.843311,6.800353,2.607749,-3.973286,5.951531,0.323387,0.3
290,0.9117382271153461,1.5483955696800282,59,48,1.5147659749766982,0.8224486092461201,0.3403533466944627,30,0.23263533467974226,-0.550844,-3.829709,0.577440,1.463279,2.835943,1.350017,0.830316,2.307923,2.773361,-2.014410,2.393482,-2.463285,0.157546,-1.167489,3.711086,-1.949640,5.580713,2.318534,-0.904373,-0.394513,-3.448214,0.848486,-2.370951,3.121315,1.032775,1.997273,3.824107,3.152809,2.567851,-4.014228,0.473336,3.093542,6.070724,0.164771,-3.076394,3.895908,0.843291,6.838405,2.615034,-4.014228,6.070724,0.322478,0.3
239,0.9433780842753932,1.3979431869381482,16,48,1.5350416362471784,0.7762152679097,0.3294963360782012,21,0.1268655227821684,-0.820710,-3.858848,0.656443,1.625952,2.755247,2.183802,0.685090,2.597515,2.692670,-1.922340,2.355652,-2.511588,0.442801,-1.368588,3.783939,-1.954152,5.075529,2.160859,-0.923916,-0.780677,-3.418170,1.041318,-2.670323,3.199039,1.315526,2.137688,3.954959,2.917320,2.144429,-4.012491,0.341489,3.183111,6.091854,0.318865,-3.154833,4.093748,0.843284,6.942132,2.634793,-4.012491,6.091854,0.320057,0.2
272,0.9994277729471807,1.616291464838214,21,46,1.4738117076662653,0.7251061870719371,0.3469170839141647,33,0.10866095516468822,-0.437805,-3.806854,0.582715,1.425153,2.823155,1.401166,0.827550,2.391894,2.720116,-2.138105,2.371156,-2.507609,0.240564,-1.238214,3.908640,-1.887525,5.270798,2.306574,-0.982737,-0.331046,-3.305105,0.913208,-2.297025,3.195742,1.135921,1.954263,3.864278,2.946974,2.513744,-4.014608,0.594406,3.061020,5.865080,0.147697,-3.075066,3.912061,0.843116,6.674475,2.583501,-4.014608,5.865080,0.326346,0.2
257,0.9616751597786578,1.6068072934238387,16,51,1.6066964031748092,0.7274807001237897,0.3266559435264454,29,0.1209330303167567,-0.420502,-3.888832,0.573133,1.345021,2.868882,1.432336,0.827628,2.425141,2.769474,-2.065182,2.344722,-2.610270,0.184913,-1.268150,3.839796,-1.946891,5.420124,2.484162,-1.002697,-0.356418,-3.285153,0.972089,-2.232661,3.122887,1.072200,2.045008,3.918287,2.936646,2.454509,-3.992848,0.335684,3.063467,6.034296,0.117445,-3.179667,4.011867,0.843068,6.848065,2.616881,-3.992848,6.034296,0.322165,0.2
67,0.10835100915663612,1.6364129691734524,16,51,1.532868328252895,0.7300345071691821,0.2682013581060601,14,0.12937330273210582,-0.391051,-3.889685,0.593063,1.344483,2.868869,1.413738,0.815672,2.444548,2.751575,-2.058492,2.344299,-2.627998,0.178984,-1.256999,3.860592,-1.914971,5.358127,2.446174,-1.021462,-0.339706,-3.246659,0.986500,-2.248043,3.109088,1.074587,2.017910,3.895170,2.906966,2.446888,-3.992865,0.403019,3.092940,6.017701,0.119760,-3.168134,4.005922,0.842792,6.801188,2.607909,-3.992865,6.017701,0.323168,0.2
477,0.2283503116313078,1.481079599325928,55,54,1.514082666309095,0.8415640169103493,0.11411956764538744,31,0.14656366488937128,-0.713749,-3.815821,0.623032,1.556045,2.796157,1.589584,0.766718,2.361465,2.749422,-1.987512,2.405892,-2.411841,0.247641,-1.217872,3.685660,-1.957463,5.487379,2.198413,-0.882291,-0.544191,-3.489337,0.887787,-2.480859,3.158469,1.166355,2.018465,3.872093,3.109084,2.495098,-4.030658,0.401034,3.097780,6.099076,0.237753,-3.060896,3.919416,0.842703,6.866313,2.620365,-4.030658,6.099076,0.321598,0.3
154,0.13569458325478484,1.58045355975422,25,52,1.6691953352194469,0.7802054159353564,0.3011233712093275,12,0.11744264266971088,-0.466546,-3.849756,0.568801,1.394732,2.807907,1.294742,0.845104,2.374685,2.744604,-2.127160,2.408420,-2.529868,0.252207,-1.292991,3.856494,-1.909161,5.506124,2.508132,-0.944039,-0.313842,-3.355677,0.922332,-2.258523,3.120864,1.114616,1.979063,3.940223,3.017804,2.588227,-4.018847,0.341587,2.949447,6.020989,0.121385,-3.166460,3.889694,0.842648,6.845742,2.616437,-4.018847,6.020989,0.322059,0.2
157,0.19365407174104254,1.5756583060762668,27,47,1.637550066605418,0.7264601889850777,0.2849063273047945,15,0.15302734092640183,-0.545083,-3.835818,0.564606,1.403662,2.807237,1.304055,0.869993,2.375035,2.810171,-2.115465,2.400047,-2.525605,0.240765,-1.243672,3.844572,-1.949763,5.487134,2.504619,-0.932942,-0.335727,-3.385693,0.923975,-2.282990,3.118241,1.046161,1.981708,3.927081,3.099472,2.584214,-4.010188,0.321403,2.987628,6.031138,0.125270,-3.140826,3.875571,0.842499,6.861573,2.619460,-4.010188,6.031138,0.321631,0.2
74,0.1105553484780318,1.6331185411146507,22,44,1.4832537381295545,0.8102757023708123,0.3483945744935659,9,0.11857366976231598,-0.416957,-3.833414,0.588718,1.394483,2.825458,1.323591,0.829819,2.399005,2.730824,-2.127557,2.382201,-2.533513,0.243040,-1.252114,3.910552,-1.876072,5.266759,2.356367,-0.998556,-0.274541,-3.308571,0.940524,-2.294112,3.165718,1.150628,1.927076,3.864018,2.926077,2.540262,-4.022840,0.573081,3.030313,5.893252,0.150562,-3.089977,3.940828,0.842359,6.694265,2.587328,-4.022840,5.893252,0.325571,0.2
432,0.22500558962852502,1.5343584350955777,28,55,1.4982165549985447,0.7500035124350428,0.38003355790782734,32,0.28982727746096104,-0.592243,-3.788011,0.567558,1.456451,2.831063,1.377270,0.864824,2.332856,2.759468,-2.098711,2.413303,-2.473985,0.277982,-1.136576,3.884778,-1.945821,5.357929,2.359546,-0.916069,-0.471510,-3.445772,0.917728,-2.376475,3.170750,1.037643,1.977348,3.889772,3.182353,2.562703,-3.987089,0.418712,3.073607,5.956844,0.111098,-3.036528,3.812127,0.842359,6.778419,2.603540,-3.987089,5.956844,0.323544,0.3
309,0.5034628475720075,1.5710763986747585,26,56,1.5011184263615232,0.7445169135769608,0.27917157907972256,33,0.13542634510603285,-0.540141,-3.798605,0.579309,1.438208,2.815059,1.361531,0.863649,2.371860,2.711248,-2.090188,2.413045,-2.511936,0.271231,-1.198537,3.880994,-1.890638,5.335517,2.374115,-0.937227,-0.394890,-3.388911,0.925871,-2.354512,3.154672,1.084760,1.956801,3.882710,3.051189,2.546623,-3.992541,0.510070,3.057228,5.948311,0.124537,-3.073248,3.835696,0.842302,6.733945,2.594985,-3.992541,5.948311,0.324588,0.2
165,0.13541837047086105,1.6749318241253135,24,51,1.5902017659781913,0.6977708970574162,0.23349948325023134,12,0.1408185138079347,-0.398625,-3.914048,0.646126,1.359225,2.788796,1.204793,0.814967,2.434835,2.811318,-2.123730,2.383324,-2.581588,0.219349,-1.324424,3.858832,-1.878383,5.413189,2.512448,-1.025924,-0.210907,-3.231885,0.961774,-2.230855,3.059448,1.114218,1.918985,3.909922,2.899002,2.582505,-4.036391,0.465628,2.975220,6.041350,0.157670,-3.191628,3.936914,0.842263,6.808001,2.609215,-4.036391,6.041350,0.322803,0.3
337,0.7605885255162032,1.4514525426333875,28,51,1.485119331229808,0.812237242391337,0.1399446108024578,7,0.29735859957765104,-0.792996,-3.781931,0.646735,1.616643,2.773746,1.728801,0.765782,2.432812,2.726873,-2.056200,2.422985,-2.384726,0.402407,-1.232536,3.843227,-1.902395,5.201297,2.191983,-0.912960,-0.637086,-3.485293,0.943429,-2.591317,3.225034,1.242039,1.993075,3.943977,3.098026,2.396390,-4.018140,0.349371,3.113070,5.985941,0.232174,-3.027862,3.866816,0.842200,6.815254,2.610604,-4.018140,5.985941,0.322607,0.2
179,0.7934651009456887,1.5471450462264478,23,50,1.7065501685297868,0.8985554566620609,0.24655489830700247,6,0.1224035989500682,-0.518181,-3.850812,0.531056,1.388900,2.824768,1.369070,0.671356,2.349677,2.796019,-2.122902,2.395176,-2.504889,0.245736,-1.286578,3.845276,-1.975797,5.493762,2.524651,-0.921945,-0.353968,-3.406756,0.929627,-2.226436,3.173450,1.106449,2.029370,3.947943,3.037865,2.572475,-4.018038,0.363517,2.930604,6.000848,0.169492,-3.154909,3.947634,0.841764,6.874619,2.621949,-4.018038,6.000848,0.321045,0.2
147,0.16308405379721852,1.5999979696470938,29,46,1.5968516949303806,0.875658394300485,0.321723121974757,9,0.14499539845219706,-0.535618,-3.872753,0.620679,1.405538,2.819411,1.360394,0.832434,2.380479,2.814787,-2.112239,2.406835,-2.528316,0.198191,-1.252994,3.853719,-1.956282,5.446406,2.487074,-0.933044,-0.340679,-3.361389,0.921275,-2.288406,3.076669,1.060056,1.945462,3.913475,3.116111,2.595950,-4.015812,0.360155,2.977280,6.058879,0.137458,-3.147245,3.857250,0.841700,6.861427,2.619433,-4.015812,6.058879,0.321329,0.2
345,0.9545718509926446,1.470460368019769,22,10,1.4860967480177947,0.7979840901984706,0.15069983081275665,38,0.2846880692993181,-0.674898,-3.793242,0.662824,1.642309,2.735687,1.843036,0.730375,2.506476,2.655173,-2.064258,2.409542,-2.369466,0.279780,-1.286281,3.659387,-1.936106,5.121716,2.160085,-0.884100,-0.586110,-3.370222,0.960304,-2.481623,3.295490,1.327538,2.012668,3.845454,2.993098,2.450675,-3.965959,0.194683,3.066792,5.992456,0.242476,-3.019388,3.943482,0.841663,6.699269,2.588295,-3.965959,5.992456,0.325180,0.3
357,0.7964941238364355,1.6629179717098754,19,54,1.5590072909765817,0.7934000179613072,0.15852867247910468,32,0.286486764441695,-0.372724,-3.880845,0.631274,1.357635,2.815195,1.330659,0.784548,2.432847,2.781960,-2.135311,2.375791,-2.626625,0.213764,-1.302978,3.873306,-1.965039,5.362576,2.426625,-0.995177,-0.241262,-3.264011,0.979427,-2.264815,3.076984,1.132963,1.956466,3.888983,2.908080,2.551451,-3.986472,0.442006,3.022591,6.023093,0.175362,-3.192253,3.975726,0.841439,6.807670,2.609151,-3.986472,6.023093,0.322495,0.2
144,0.47387292919975565,1.4881293670733204,35,50,1.5152281107297862,0.8229842676572158,0.29360329573646926,8,0.13174533041174585,-0.722403,-3.818907,0.607174,1.520681,2.834747,1.567742,0.798866,2.370716,2.758222,-2.067388,2.412148,-2.461762,0.287333,-1.198506,3.765061,-1.971108,5.374326,2.235955,-0.904436,-0.586317,-3.487811,0.919202,-2.428437,3.174695,1.218518,1.975097,3.909367,3.154299,2.541422,-4.015045,0.433644,3.065957,6.087529,0.184353,-3.064677,3.819601,0.841385,6.865267,2.620165,-4.015045,6.087529,0.321119,0.2
376,0.9319340259826334,1.5240824569799567,18,54,1.6683457859448714,0.7509809890385889,0.3227330503744563,33,0.13786604343808306,-0.491196,-3.845528,0.558075,1.392025,2.857897,1.525161,0.837319,2.355283,2.771218,-2.123805,2.376812,-2.550911,0.241433,-1.269959,3.819434,-2.067205,5.434987,2.392051,-0.877151,-0.427054,-3.419026,0.914394,-2.301667,3.153804,1.123816,2.092033,3.929482,3.019939,2.548193,-3.977929,0.301413,3.018086,6.011697,0.134231,-3.157984,3.988169,0.841321,6.890149,2.624909,-3.977929,6.011697,0.320514,0.2
177,0.20443496614773268,1.609479544190896,15,51,1.6502868298245552,0.7134290820209693,0.2683980477509353,9,0.16645851224974123,-0.396705,-3.878668,0.585284,1.330470,2.852501,1.399978,0.828091,2.433280,2.791278,-2.097375,2.341270,-2.592683,0.232761,-1.316918,3.841173,-1.972389,5.470446,2.513854,-0.974236,-0.289082,-3.302106,0.956691,-2.189632,3.121355,1.074429,2.046237,3.892953,2.931030,2.435712,-4.026027,0.233107,3.047748,6.042278,0.080950,-3.165991,4.001238,0.841175,6.860788,2.619311,-4.026027,6.042278,0.321144,0.2
174,0.1155986100620268,1.4719274099346453,31,56,1.6095655909983468,0.7200124501980358,0.2610665227098624,5,0.12882722514399209,-0.803538,-3.872785,0.606847,1.549762,2.798018,1.652987,0.801150,2.404000,2.771157,-2.055450,2.417925,-2.440705,0.283272,-1.257189,3.776145,-1.973806,5.424926,2.328078,-0.877466,-0.582301,-3.476209,0.936321,-2.454727,3.168895,1.211197,2.011941,3.965159,3.114173,2.475099,-4.011166,0.328476,2.989416,6.110525,0.212267,-3.126707,3.875362,0.841140,6.937438,2.633902,-4.011166,6.110525,0.319351,0.2
218,0.9711500931277501,1.4123417608559343,27,45,1.6714379639678925,0.7863806703392447,0.3357726964920792,35,0.13922975544780652,-0.878031,-3.821964,0.657431,1.639693,2.701129,1.899501,0.736538,2.527170,2.780276,-2.032647,2.407774,-2.411166,0.452460,-1.397320,3.765943,-1.936995,5.277609,2.276164,-0.898037,-0.630422,-3.469625,0.966245,-2.614682,3.175972,1.330393,2.036747,4.002286,3.009354,2.332075,-4.061807,0.193589,3.040822,6.099185,0.315195,-3.164316,3.972255,0.841078,6.967654,2.639631,-4.061807,6.099185,0.318634,0.3
499,0.2949380454940258,1.3741060508892933,24,55,1.5693494861917752,0.826916248376108,0.15310531916550774,6,0.2911058929271582,-0.882447,-3.885689,0.700677,1.702462,2.637709,2.152828,0.676907,2.604185,2.726078,-1.939619,2.402688,-2.488942,0.569946,-1.407987,3.795433,-1.949950,5.046592,2.126556,-0.916363,-0.793020,-3.456823,1.044054,-2.747093,3.130169,1.380182,2.071343,3.926026,2.922787,2.262590,-4.063257,0.409522,3.112555,6.131461,0.413470,-3.155734,4.017921,0.841034,6.961682,2.638500,-4.063257,6.131461,0.318755,0.2
228,0.894229215733181,1.502269002049868,33,51,1.6363014050534614,0.7975665634057392,0.3673662980567167,36,0.15847451714566366,-0.692193,-3.859362,0.585108,1.484459,2.827801,1.486574,0.832506,2.364151,2.802070,-2.091075,2.404800,-2.469562,0.231834,-1.214816,3.767311,-1.989576,5.504853,2.361459,-0.900573,-0.499437,-3.471729,0.914926,-2.338205,3.145899,1.165276,1.997584,3.943524,3.151939,2.563070,-4.013165,0.317785,2.970367,6.096002,0.163229,-3.120003,3.852464,0.840980,6.917865,2.630183,-4.013165,6.096002,0.319742,0.3
462,0.9133382675266535,1.5754656551875617,30,55,1.5811297345220818,0.7345575745937436,0.3479383602762024,32,0.2610189709612212,-0.607305,-3.879900,0.581100,1.435266,2.834952,1.398439,0.844269,2.366773,2.792243,-2.094730,2.406972,-2.522992,0.187010,-1.217625,3.830631,-1.977146,5.475097,2.462325,-0.899492,-0.409873,-3.409549,0.916685,-2.302220,3.097323,1.066433,1.973849,3.907779,3.152634,2.586269,-3.993962,0.367144,2.986733,6.072562,0.129719,-3.128748,3.846098,0.840966,6.882864,2.623521,-3.993962,6.072562,0.320548,0.2
72,0.11564804525265207,1.6410729235055066,20,51,1.4914096668038659,0.7347444062493819,0.266659315594035,12,0.12822300111296098,-0.389706,-3.841907,0.592224,1.403155,2.798081,1.350198,0.807831,2.412398,2.745569,-2.132150,2.375118,-2.553180,0.260505,-1.258596,3.889547,-1.911604,5.281641,2.316461,-1.001890,-0.286303,-3.317038,0.950845,-2.291397,3.172631,1.143176,1.926867,3.859536,2.953908,2.523890,-4.002223,0.568912,3.053200,5.900970,0.147296,-3.103209,3.929470,0.840951,6.706712,2.589732,-4.002223,5.900970,0.324725,0.2
260,0.9532500071729926,1.5217063425454203,29,49,1.6911555627992476,0.7640867888415127,0.32991287725998125,33,0.12351595818159498,-0.623952,-3.851294,0.576098,1.434886,2.817073,1.453284,0.851298,2.345511,2.829798,-2.121183,2.406087,-2.469352,0.231271,-1.258559,3.818517,-1.999333,5.504421,2.496925,-0.897071,-0.417226,-3.459255,0.888432,-2.304000,3.129193,1.076051,1.999552,3.947481,3.168834,2.577230,-4.014384,0.265668,2.950558,6.054614,0.133461,-3.135932,3.865465,0.840838,6.919384,2.630472,-4.014384,6.054614,0.319653,0.2
82,0.1258708596528556,1.6057063442187438,12,51,1.5316711355252812,0.765096750360382,0.3273209854552447,11,0.11951989530115477,-0.428503,-3.920244,0.539084,1.274325,2.861766,1.464580,0.928732,2.415656,2.653499,-2.091669,2.321961,-2.555305,0.225429,-1.248087,3.811232,-1.962608,5.422019,2.477150,-0.853675,-0.461480,-3.287316,0.989574,-2.217172,3.199915,1.109081,2.059938,3.854500,2.959377,2.478102,-4.031474,0.299136,3.061437,6.001738,0.127661,-3.123112,3.913166,0.840789,6.795374,2.606794,-4.031474,6.001738,0.322538,0.2
440,0.9342325690193485,1.4768754712227226,18,49,1.679196478464166,0.7734307229879362,0.3325119439611588,34,0.1387593876835836,-0.617232,-3.854077,0.614356,1.486250,2.815792,1.743445,0.765056,2.429233,2.757762,-2.098477,2.381947,-2.498473,0.310757,-1.349784,3.791159,-2.046141,5.354493,2.302886,-0.882882,-0.514355,-3.433576,0.932031,-2.435902,3.178923,1.252573,2.103195,3.967226,2.955514,2.445126,-3.999514,0.246838,3.026122,6.052973,0.217818,-3.171856,4.031732,0.840582,6.931951,2.632860,-3.999514,6.052973,0.319266,0.3
389,0.574150839726875,1.4770644614654855,31,47,1.6227977396376856,0.7765907057616589,0.4191337214686023,29,0.13296854423525556,-0.786746,-3.874647,0.602035,1.538771,2.802151,1.623022,0.804447,2.394526,2.780209,-2.061243,2.418429,-2.443654,0.275720,-1.256845,3.777740,-1.976365,5.439716,2.344599,-0.883052,-0.564075,-3.473607,0.930378,-2.434687,3.166406,1.201190,2.008549,3.963192,3.116697,2.487503,-4.013244,0.313967,2.980890,6.106827,0.204426,-3.127503,3.873721,0.840540,6.937015,2.633821,-4.013244,6.106827,0.319133,0.2
354,0.7782188666591642,1.6255894844664405,17,50,1.5862971837382411,0.7754519208432016,0.15176546010782616,25,0.2937698387730931,-0.369260,-3.883101,0.604915,1.353263,2.843779,1.379359,0.811545,2.420367,2.768069,-2.116831,2.339328,-2.595119,0.158018,-1.295026,3.860551,-1.984098,5.353294,2.462003,-0.991551,-0.303435,-3.281957,0.968911,-2.242949,3.145674,1.117433,2.015687,3.916975,2.910274,2.519859,-3.991242,0.353076,3.031778,6.042238,0.159841,-3.199158,3.976571,0.840530,6.831723,2.613756,-3.991242,6.042238,0.321579,0.2
73,0.10256775952285564,1.6452092383893768,21,51,1.4719657620245161,0.8045981612706795,0.2678498517410134,8,0.12535523239658117,-0.399617,-3.822081,0.601153,1.412420,2.816525,1.353850,0.809168,2.407826,2.728058,-2.145187,2.369948,-2.520797,0.227478,-1.259435,3.911937,-1.867541,5.261295,2.312126,-1.016401,-0.281522,-3.266091,0.913861,-2.281088,3.175772,1.148070,1.926879,3.856915,2.909224,2.515552,-4.026454,0.583348,3.053054,5.865165,0.151137,-3.087305,3.921264,0.840514,6.662500,2.581182,-4.026454,5.865165,0.325632,0.2
170,0.1648492735269926,1.4309932733560375,19,55,1.4667809891062533,0.733578592470636,0.23678456440827284,13,0.14796721917898592,-0.755328,-3.763316,0.641337,1.632696,2.773124,1.981373,0.703841,2.467970,2.690731,-2.065891,2.396836,-2.396425,0.461095,-1.324230,3.835866,-1.931453,5.040168,2.072716,-0.902832,-0.675242,-3.504002,0.964270,-2.650143,3.284896,1.354175,2.046002,3.948910,2.917592,2.282723,-3.990859,0.413279,3.161498,5.896539,0.276748,-3.033146,4.006604,0.840503,6.785917,2.604979,-3.990859,5.896539,0.322653,0.2
445,0.3911312395087192,1.5833507835837028,17,48,1.505698162428879,0.7437067498178893,0.3285090428774612,32,0.29294563550243513,-0.416330,-3.830239,0.578539,1.394774,2.860912,1.464894,0.826334,2.386367,2.731436,-2.105354,2.342805,-2.548298,0.191881,-1.230890,3.881560,-1.970243,5.254749,2.364078,-0.965964,-0.398654,-3.348682,0.954879,-2.303600,3.210048,1.108065,2.031007,3.894089,2.947031,2.488465,-3.979509,0.423515,3.091125,5.957001,0.139367,-3.117599,3.948718,0.840452,6.759757,2.599953,-3.979509,5.957001,0.323257,0.2
146,0.11239750567853382,1.4604166039323003,25,52,1.467853868572074,0.8387864181417402,0.2725156894329273,8,0.09458560477683409,-0.691541,-3.763567,0.614776,1.602120,2.785200,1.734704,0.684460,2.323780,2.639156,-2.057954,2.429937,-2.395050,0.415297,-1.266373,3.879671,-1.835993,5.170374,2.182174,-0.906741,-0.612520,-3.473782,0.947108,-2.563684,3.255452,1.278746,1.997078,3.931759,2.982618,2.398822,-4.023612,0.436459,3.107337,5.919853,0.206105,-3.017845,3.935975,0.840286,6.746420,2.597387,-4.023612,5.919853,0.323512,0.2
456,0.20427874665802634,1.4588546900574866,34,55,1.50038923738828,0.8290698026152948,0.3434492722472179,20,0.12254600230101216,-0.795188,-3.811305,0.636202,1.601161,2.805881,1.704754,0.776900,2.403374,2.741510,-2.059848,2.413987,-2.414474,0.317145,-1.218571,3.759640,-1.947606,5.281090,2.150527,-0.901695,-0.640046,-3.515959,0.935804,-2.510177,3.206219,1.298451,1.984687,3.933093,3.115127,2.463532,-4.028328,0.397787,3.086667,6.057184,0.214911,-3.041168,3.840711,0.840055,6.853771,2.617971,-4.028328,6.057184,0.320880,0.2
443,0.9802120347591435,1.5198447725021285,27,45,1.4646213022175942,0.8460034849967912,0.34443595806319593,35,0.13244052526690292,-0.604680,-3.749383,0.547794,1.489033,2.828196,1.448498,0.862938,2.338608,2.740054,-2.090512,2.414073,-2.445510,0.310997,-1.151756,3.893902,-1.898399,5.259159,2.298513,-0.924158,-0.490842,-3.475191,0.911872,-2.409643,3.223300,1.064209,1.972019,3.875770,3.119019,2.514263,-4.005796,0.429915,3.108312,5.878296,0.110070,-2.985514,3.830346,0.839938,6.714514,2.591238,-4.005796,5.878296,0.324146,0.3
199,0.8974640180789571,1.3779415997386686,24,55,1.599939653985266,0.7397723474408451,0.3446647325784936,39,0.1119751096823138,-0.876518,-3.885250,0.694931,1.689930,2.638462,2.125132,0.680777,2.598073,2.735808,-1.956313,2.398090,-2.477072,0.559119,-1.421686,3.784257,-1.949689,5.076327,2.147320,-0.923550,-0.768409,-3.457475,1.030434,-2.726836,3.135357,1.385381,2.067258,3.937172,2.915057,2.264976,-4.066664,0.382530,3.095350,6.126049,0.403123,-3.166085,4.027747,0.839531,6.965850,2.639290,-4.066664,6.126049,0.318090,0.3
481,0.19040506668852494,1.4177408579264614,24,55,1.440908712809602,0.8101942240054237,0.1399567599625818,33,0.2371188789772119,-0.798316,-3.765000,0.663734,1.666824,2.742882,1.927256,0.723764,2.465742,2.712449,-2.031286,2.408071,-2.338753,0.508280,-1.328925,3.834537,-1.839424,4.993501,2.084041,-0.927842,-0.714473,-3.496843,0.954159,-2.675166,3.284058,1.358728,1.991368,3.940105,2.905758,2.285688,-4.052130,0.455351,3.174569,5.871912,0.270030,-2.994496,3.962937,0.839530,6.743594,2.596843,-4.052130,5.871912,0.323289,0.2
399,0.9817639154707722,1.4946132834434982,21,53,1.40324459716599,0.7309180615347195,0.32123879136391104,38,0.12162110251788233,-0.601390,-3.723220,0.560782,1.554784,2.816882,1.676329,0.806874,2.359895,2.663774,-2.116463,2.383220,-2.377392,0.357363,-1.199381,3.910341,-1.864391,5.092236,2.104320,-0.945487,-0.549705,-3.456009,0.882696,-2.468350,3.334874,1.217961,1.990844,3.859298,2.973474,2.398151,-4.016326,0.595303,3.141305,5.742816,0.164048,-2.947000,3.895161,0.839378,6.612567,2.571491,-4.016326,5.742816,0.326417,0.3
428,0.9273016472514011,1.427875584720854,32,37,1.5277014880258688,0.8329422374841625,0.08190322780452106,34,0.10186052274124735,-0.898619,-3.843255,0.651563,1.649872,2.785452,1.843478,0.738507,2.466615,2.735041,-2.020282,2.418278,-2.407090,0.342732,-1.275128,3.760933,-1.946791,5.287236,2.165576,-0.858391,-0.714692,-3.493682,0.966255,-2.604970,3.192671,1.324487,2.011087,3.984944,3.067702,2.378948,-4.028191,0.323160,3.068931,6.087093,0.270498,-3.089235,3.876748,0.839375,6.921050,2.630789,-4.028191,6.087093,0.319058,0.3
299,0.6912930392193294,1.640610281464842,16,55,1.5122157417163717,0.8481587283524755,0.34433791634544936,32,0.22260423823377012,-0.375021,-3.879375,0.595531,1.351891,2.870359,1.402123,0.802580,2.438546,2.748892,-2.063998,2.346800,-2.612075,0.185684,-1.253149,3.871272,-1.891164,5.311354,2.409096,-1.045877,-0.333214,-3.246700,0.973480,-2.255481,3.125050,1.085595,1.998222,3.880357,2.888038,2.436094,-4.002778,0.399887,3.105431,5.973568,0.112267,-3.140019,4.002702,0.839332,6.759713,2.599945,-4.002778,5.973568,0.322827,0.2
136,0.18579945721190855,1.6200135239908608,13,39,1.4685081074301694,0.7774026326155113,0.26298980215110784,13,0.11391302935034198,-0.364134,-3.843033,0.544284,1.317892,2.825196,1.434256,0.905992,2.416315,2.644617,-2.105966,2.319391,-2.528931,0.297910,-1.259667,3.875765,-1.836603,5.270937,2.365318,-0.960022,-0.420350,-3.314117,0.965997,-2.240314,3.190742,1.146423,2.029153,3.823664,2.847481,2.422911,-4.031444,0.478511,3.138608,5.877846,0.068704,-3.056529,3.968810,0.839323,6.661414,2.580972,-4.031444,5.877846,0.325196,0.2
261,0.9736559817098883,1.6091122450355024,20,51,1.4638679134130168,0.7451230242653372,0.34200746299172763,31,0.11814999792265093,-0.417177,-3.807873,0.570412,1.428083,2.806976,1.396985,0.815482,2.382712,2.729220,-2.131498,2.378571,-2.514851,0.286236,-1.224464,3.897332,-1.905685,5.229875,2.260935,-0.992761,-0.343666,-3.369661,0.932370,-2.322399,3.219802,1.142306,1.935514,3.848292,2.976135,2.504720,-4.000256,0.580777,3.081049,5.840605,0.131495,-3.049780,3.914621,0.839179,6.667616,2.582173,-4.000256,5.840605,0.324989,0.2
247,0.66564019716983,1.6339598994183848,17,52,1.524726972541937,0.746102943036608,0.3195542341612531,32,0.11480687714822616,-0.359873,-3.869764,0.608855,1.361805,2.845739,1.385267,0.806786,2.423505,2.748307,-2.113631,2.338551,-2.591225,0.162799,-1.275169,3.877094,-1.958498,5.289019,2.411372,-1.003044,-0.312992,-3.276111,0.969665,-2.266065,3.154928,1.119567,1.999554,3.895860,2.896557,2.504728,-3.990652,0.407101,3.063134,6.003851,0.153227,-3.170852,3.968410,0.839106,6.781178,2.604069,-3.990652,6.003851,0.322229,0.2
284,0.594082810186747,1.5905356944180244,16,46,1.489915093940448,0.6898100540586797,0.32491042720093455,32,0.2709507779421619,-0.431061,-3.838354,0.558856,1.381545,2.879662,1.483100,0.826406,2.404784,2.725240,-2.058615,2.345664,-2.566108,0.214597,-1.207356,3.869788,-1.901171,5.274649,2.350135,-1.012183,-0.418996,-3.323910,0.953856,-2.296209,3.182519,1.074638,2.029202,3.876959,2.933683,2.412342,-3.989420,0.426862,3.134808,5.917860,0.093200,-3.087701,3.988068,0.839093,6.732083,2.594626,-3.989420,5.917860,0.323396,0.2
446,0.9509378756711495,1.4850527555482032,24,56,1.4258345236732428,0.7025227998573158,0.33693341195106935,44,0.10620571014788259,-0.642734,-3.765220,0.598336,1.562128,2.799925,1.631532,0.804027,2.366759,2.712096,-2.080261,2.405775,-2.376687,0.397722,-1.217792,3.883124,-1.843903,5.098960,2.176002,-0.957435,-0.580547,-3.485435,0.919526,-2.506453,3.284292,1.209525,1.975503,3.886667,2.964825,2.414778,-4.028778,0.521801,3.138268,5.827896,0.166840,-2.952397,3.894019,0.838963,6.668745,2.582391,-4.028778,5.827896,0.324878,0.3
497,0.21331563842365298,1.4449903994295403,19,48,1.4506172154634842,0.8612196901853617,0.13377320527052197,6,0.2833610382964924,-0.712424,-3.754468,0.631197,1.616784,2.787197,1.912452,0.713669,2.438903,2.691031,-2.074913,2.400437,-2.399096,0.445425,-1.293018,3.855757,-1.922518,5.034007,2.072399,-0.920571,-0.648433,-3.504542,0.951931,-2.617608,3.294073,1.325682,2.031949,3.923155,2.924515,2.308846,-3.994684,0.422403,3.163149,5.865805,0.253522,-3.006934,3.985090,0.838894,6.747267,2.597550,-3.994684,5.865805,0.322956,0.2
142,0.1476408408378195,1.539794392139862,15,44,1.7110533498998093,0.8013407395113592,0.26248234225150446,7,0.1085064848649832,-0.466724,-3.851949,0.546603,1.355608,2.869181,1.472108,0.680962,2.386598,2.803740,-2.094373,2.348265,-2.545299,0.258208,-1.296950,3.825953,-2.015935,5.514117,2.528734,-0.927284,-0.363955,-3.388880,0.934068,-2.197661,3.170849,1.064401,2.096290,3.915599,2.999584,2.437209,-4.020331,0.165383,3.033651,6.032687,0.076196,-3.140548,3.991010,0.838809,6.900738,2.626926,-4.020331,6.032687,0.319312,0.2
380,0.591378875026256,1.6371654283767885,12,50,1.5552961712620255,0.7386090685596376,0.4761380493602045,35,0.10551291735611834,-0.390894,-3.945162,0.557008,1.249242,2.849026,1.407943,0.917059,2.437813,2.666919,-2.101411,2.317484,-2.579919,0.205537,-1.283368,3.806282,-1.955131,5.451817,2.510485,-0.883461,-0.401995,-3.245223,0.993590,-2.187977,3.164188,1.119805,2.038885,3.855306,2.924376,2.487999,-4.039596,0.278080,3.037413,6.031718,0.132348,-3.161063,3.929722,0.838746,6.813064,2.610185,-4.039596,6.031718,0.321336,0.2
491,0.26072439796300206,1.4276526844664654,17,54,1.4713743827270922,0.8373087183700124,0.13743868545618007,8,0.2925069554453143,-0.729138,-3.783744,0.648731,1.620220,2.796604,1.989530,0.704050,2.486965,2.683546,-2.041740,2.355200,-2.393183,0.378907,-1.339126,3.828877,-1.929259,5.005501,2.108932,-0.924461,-0.688898,-3.460216,0.966673,-2.623768,3.326565,1.351810,2.075923,3.964819,2.882719,2.246988,-4.002349,0.357334,3.171783,5.932386,0.269345,-3.063789,4.017042,0.838633,6.797141,2.607133,-4.002349,5.932386,0.321669,0.2
285,0.9686693480399649,1.5347614111919257,20,48,1.425110366538565,0.65352776756974,0.3196485123410363,34,0.2562409165510455,-0.491121,-3.746118,0.522034,1.474012,2.823654,1.504324,0.843709,2.324816,2.696194,-2.124576,2.383498,-2.448716,0.335483,-1.156032,3.903516,-1.915151,5.166452,2.175108,-0.948151,-0.470174,-3.480725,0.905019,-2.379956,3.305060,1.129703,1.973042,3.837896,3.040506,2.475223,-3.985588,0.609387,3.127069,5.753454,0.104746,-2.963214,3.884985,0.838594,6.626510,2.574201,-3.985588,5.753454,0.325769,0.2
430,0.949447302912954,1.558442547109309,25,50,1.4594250830710576,0.8109452745655765,0.3024257998873015,33,0.24254780861089517,-0.475898,-3.768195,0.555330,1.455051,2.828798,1.380281,0.843184,2.340167,2.665288,-2.108885,2.417325,-2.470318,0.300924,-1.190709,3.919347,-1.839720,5.261427,2.300069,-0.952557,-0.429100,-3.412205,0.912348,-2.366903,3.206012,1.114522,1.946385,3.868553,3.017779,2.530591,-4.012094,0.496424,3.081010,5.851814,0.090029,-3.011899,3.841449,0.838490,6.663737,2.581422,-4.012094,5.851814,0.324817,0.2
498,0.27104931637653107,1.5403936003706171,27,51,1.743579716113962,0.8503778439949657,0.12058446519547632,5,0.29970296658906637,-0.563884,-3.835902,0.539348,1.403450,2.804384,1.296761,0.870808,2.343105,2.847843,-2.138758,2.400433,-2.489083,0.248539,-1.272012,3.817160,-1.975087,5.556202,2.548270,-0.941526,-0.327424,-3.430358,0.885803,-2.250047,3.143454,1.061343,1.999366,3.950082,3.113298,2.589057,-4.025101,0.191720,2.937401,6.025304,0.116030,-3.145031,3.888283,0.838423,6.907041,2.628125,-4.025101,6.025304,0.319019,0.2
101,0.17928752375909168,1.5458656818802894,15,42,1.5111873241927056,0.8558313546504315,0.20257234065700563,9,0.08299418007097267,-0.479870,-3.809851,0.550563,1.123574,2.895579,1.545490,0.982980,2.061485,2.738175,-2.020323,2.360369,-2.549691,0.282866,-1.206128,3.882369,-1.970659,5.340865,2.401871,-0.893007,-0.445954,-3.385548,0.971274,-2.284377,3.198488,1.042331,2.088806,3.872729,3.011221,2.410601,-3.997543,0.360013,3.150667,5.971663,0.079014,-3.056189,3.953950,0.838272,6.751228,2.598313,-3.997543,5.971663,0.322622,0.2
471,0.7723761652025173,1.536019071022227,51,51,1.4915947505332317,0.7988459171387006,0.33733122212395433,31,0.11480863413200179,-0.540271,-3.808537,0.579664,1.458053,2.837550,1.395464,0.852064,2.298267,2.744073,-2.043866,2.404099,-2.454187,0.150500,-1.173121,3.728736,-1.959525,5.489783,2.244404,-0.898955,-0.454246,-3.488520,0.861035,-2.348510,3.153068,1.042746,2.000512,3.829015,3.136432,2.572822,-3.997521,0.438452,3.077291,6.036614,0.143710,-3.022903,3.891637,0.838217,6.793591,2.606452,-3.997521,6.036614,0.321593,0.3
230,0.9157813699457437,1.5278348571677156,65,50,1.501684042264172,0.7857192343692321,0.2404649185459336,23,0.11812826526866116,-0.569564,-3.848594,0.554872,1.475604,2.823427,1.376383,0.820989,2.312946,2.769052,-2.006082,2.400652,-2.444145,0.095361,-1.156961,3.673050,-1.955427,5.571700,2.268337,-0.890671,-0.427611,-3.459579,0.856471,-2.399805,3.142392,1.039455,1.992735,3.814884,3.140384,2.572624,-4.022039,0.479425,3.121349,6.038573,0.169205,-3.041832,3.881099,0.838018,6.824732,2.612419,-4.022039,6.038573,0.320783,0.2
93,0.23818270361336202,1.5944086243656037,20,45,1.444158403730883,0.8553494755222645,0.284063304214476,7,0.13752904507847605,-0.425129,-3.788707,0.563569,1.444056,2.814313,1.415036,0.813354,2.364133,2.722788,-2.130851,2.383469,-2.492243,0.301296,-1.206656,3.906601,-1.896100,5.190604,2.226567,-0.994924,-0.369284,-3.393765,0.921447,-2.338325,3.247260,1.144915,1.933510,3.838482,2.982688,2.495223,-4.003238,0.580195,3.097883,5.800547,0.124200,-3.013901,3.904324,0.837870,6.638510,2.576531,-4.003238,5.800547,0.325193,0.2
426,0.7268212862684823,1.459707456506788,21,51,1.3917593670074595,0.7415671491027104,0.32131661651376203,33,0.11678637483886861,-0.683416,-3.719029,0.593384,1.622010,2.789214,1.827519,0.761030,2.402200,2.648161,-2.100588,2.386317,-2.335377,0.413080,-1.245882,3.893922,-1.841190,5.015241,2.023996,-0.948192,-0.619324,-3.472926,0.889876,-2.564310,3.360404,1.307334,1.992428,3.878538,2.931467,2.321208,-4.029133,0.566249,3.160467,5.743225,0.212838,-2.939526,3.919717,0.837804,6.624720,2.573853,-4.029133,5.743225,0.325506,0.2
282,0.7086800230219163,1.4335146150053129,26,56,1.4505764929095102,0.7185964221512472,0.34319113026003056,33,0.11163427016201646,-0.811246,-3.749586,0.640541,1.654314,2.749172,1.844353,0.756315,2.464126,2.654154,-2.043011,2.422708,-2.356702,0.453510,-1.290182,3.833769,-1.831542,5.077364,2.100762,-0.924262,-0.661807,-3.496228,0.929305,-2.649388,3.271258,1.337730,1.977848,3.939223,2.959579,2.313503,-4.024539,0.436927,3.145477,5.894298,0.241697,-3.002165,3.893935,0.837534,6.733191,2.594839,-4.024539,5.894298,0.322769,0.2
65,0.3575914951724959,1.4655711591485026,30,50,1.4797208024137603,0.7281619802369846,0.29887221657717433,14,0.17405397604742134,-0.806740,-3.816426,0.618436,1.610768,2.798776,1.757478,0.771113,2.411421,2.718356,-2.055405,2.418777,-2.392939,0.323273,-1.228048,3.820539,-1.917593,5.226661,2.200843,-0.892819,-0.637177,-3.520105,0.917599,-2.543950,3.218490,1.236244,1.987854,3.914131,3.110483,2.412273,-4.016268,0.374310,3.085621,5.994889,0.203735,-3.018967,3.860465,0.837392,6.824837,2.612439,-4.016268,5.994889,0.320540,0.2
270,0.9829097450619613,1.5403839811657243,26,51,1.4581894887246993,0.7479138929243991,0.33757686285558547,30,0.1340851030512722,-0.557484,-3.756972,0.555177,1.466463,2.820792,1.401591,0.865189,2.338484,2.688894,-2.095546,2.415019,-2.461955,0.300244,-1.162186,3.893453,-1.871132,5.252880,2.290629,-0.946195,-0.450429,-3.444998,0.898277,-2.391323,3.212874,1.091388,1.951532,3.860190,3.059163,2.517968,-3.995131,0.522019,3.095560,5.859373,0.100651,-3.000342,3.820102,0.837339,6.668701,2.582383,-3.995131,5.859373,0.324251,0.2
231,0.8776152098509631,1.5524600677435905,23,51,1.433561900504126,0.7650521320740375,0.3913476321841985,35,0.12850370953804968,-0.496125,-3.762779,0.523353,1.445804,2.833419,1.431928,0.852147,2.324787,2.696374,-2.112473,2.396393,-2.446489,0.293723,-1.176145,3.919545,-1.864623,5.173351,2.257862,-0.965458,-0.451173,-3.441226,0.913965,-2.353269,3.257686,1.119308,1.960908,3.848842,2.995340,2.491107,-4.015089,0.579028,3.091494,5.777215,0.123795,-2.983732,3.901867,0.837241,6.627432,2.574380,-4.015089,5.777215,0.325220,0.3
460,0.6934492967894708,1.4040083766763614,19,58,1.4889817194120298,0.7605490393235219,0.4859685441044424,33,0.10315636821744768,-0.797815,-3.787359,0.659764,1.660272,2.717743,2.112547,0.670367,2.529842,2.692248,-2.024227,2.391575,-2.443049,0.513980,-1.364338,3.820340,-1.963581,4.997408,2.040137,-0.902651,-0.736306,-3.496988,0.996094,-2.717872,3.233540,1.381731,2.063489,3.929933,2.910546,2.241518,-4.007956,0.406367,3.169928,5.957636,0.330358,-3.084007,4.037178,0.837178,6.845817,2.616451,-4.007956,5.957636,0.319967,0.2
267,0.9619359495465019,1.634267649130049,19,52,1.4988081894634113,0.76624210846009,0.3440156591709362,36,0.12293949778629693,-0.391726,-3.834353,0.606703,1.388597,2.822977,1.380696,0.787938,2.402155,2.754008,-2.138015,2.377755,-2.576453,0.245150,-1.257878,3.889737,-1.939307,5.263034,2.332396,-1.001113,-0.304211,-3.320809,0.952415,-2.310382,3.136326,1.137420,1.952112,3.863427,2.917546,2.516984,-3.987639,0.476041,3.069647,5.925092,0.150548,-3.114792,3.959195,0.836978,6.727399,2.593723,-3.987639,5.925092,0.322694,0.3
339,0.7345739124816923,1.520432289620907,21,53,1.3853896764115317,0.8466220024859418,0.18078616011234147,6,0.24351436417968145,-0.525282,-3.710817,0.534914,1.512206,2.840343,1.553631,0.830632,2.314178,2.672190,-2.133946,2.383590,-2.389853,0.325383,-1.157276,3.932551,-1.859303,5.097367,2.126835,-0.964012,-0.498753,-3.449014,0.862749,-2.404364,3.334798,1.159475,1.969994,3.828917,2.990017,2.444539,-4.014503,0.612966,3.144164,5.687367,0.116055,-2.918432,3.872488,0.836716,6.562164,2.561672,-4.014503,5.687367,0.326629,0.2
403,0.9492887493265373,1.5746687234284218,72,53,1.5671894191176214,0.755622164258392,0.31444730532598947,37,0.1241840117272993,-0.577086,-3.877678,0.561223,1.434309,2.807471,1.320993,0.797722,2.337640,2.799644,-2.040472,2.399428,-2.513132,0.036920,-1.192513,3.671629,-1.967405,5.664754,2.352938,-0.914355,-0.355180,-3.378382,0.860654,-2.352899,3.103624,1.026204,1.998353,3.848648,3.098803,2.598427,-4.021046,0.449794,3.052363,6.121734,0.172204,-3.104578,3.900006,0.836688,6.893799,2.625604,-4.021046,6.121734,0.318665,0.3
110,0.10048457224919308,1.3467531466125497,10,49,1.590570656439135,0.86465945767655,0.38444809292455,7,0.1441269395767506,-0.719625,-3.985880,0.726544,1.608103,2.756864,2.341715,0.668237,2.749097,2.618603,-1.846926,2.327659,-2.675203,0.637772,-1.532483,3.817964,-1.949008,5.116208,2.199503,-0.830837,-0.971809,-3.480479,1.123996,-2.781501,3.183536,1.459614,2.180318,3.880586,2.911882,2.015766,-4.152582,0.203321,3.166602,6.130522,0.391031,-3.124068,3.952913,0.836610,7.091435,2.662975,-4.152582,6.130522,0.314164,0.2
269,0.9993640023555999,1.5696366112540785,31,32,1.5189329688156745,0.7383090132488064,0.3565908168529832,32,0.11535772091558286,-0.601917,-3.861885,0.566106,1.430898,2.841637,1.367059,0.856236,2.340911,2.771839,-2.087823,2.410731,-2.507721,0.196422,-1.168756,3.836462,-1.953865,5.422224,2.373456,-0.920802,-0.440956,-3.415222,0.917785,-2.315960,3.130173,1.063084,1.948306,3.885825,3.128666,2.578211,-3.994806,0.445197,3.009539,6.017169,0.109398,-3.088346,3.826515,0.836550,6.814526,2.610465,-3.994806,6.017169,0.320460,0.3
296,0.6503984908612258,1.5405797944705035,21,55,1.3898814225910152,0.8516734326721063,0.3338569173608912,34,0.1254866024609983,-0.491759,-3.718651,0.533313,1.489348,2.843860,1.500065,0.836024,2.311821,2.679763,-2.140431,2.381486,-2.406622,0.305972,-1.155897,3.935740,-1.859205,5.116260,2.152123,-0.974284,-0.462783,-3.428901,0.862084,-2.374283,3.318234,1.141579,1.960306,3.823680,2.986642,2.463981,-4.014728,0.616561,3.135598,5.690164,0.105514,-2.928644,3.871873,0.836272,6.558417,2.560941,-4.014728,5.690164,0.326549,0.2
397,0.9581042653599823,1.6085040465504066,24,54,1.452701050769361,0.7617111380059758,0.3379927485569698,32,0.24642053047087922,-0.446237,-3.816655,0.598889,1.431347,2.813922,1.321014,0.824813,2.363624,2.755885,-2.118565,2.393368,-2.478868,0.284845,-1.224696,3.901104,-1.835345,5.207118,2.321518,-1.022502,-0.358929,-3.352593,0.919297,-2.333949,3.182078,1.118166,1.912688,3.856791,2.933534,2.520855,-4.033862,0.539126,3.083221,5.851529,0.113230,-3.021749,3.892658,0.836019,6.650063,2.578772,-4.033862,5.851529,0.324193,0.2
464,0.9598323082032656,1.6354056111153874,27,53,1.660217001805595,0.8139085695569801,0.051105296975966163,35,0.13527813534255614,-0.465202,-3.872002,0.598293,1.371317,2.786512,1.199993,0.833886,2.405514,2.829625,-2.138799,2.393009,-2.552085,0.213898,-1.297260,3.840250,-1.913906,5.490272,2.527021,-1.004032,-0.222584,-3.307944,0.917972,-2.239795,3.076326,1.074553,1.928278,3.917533,3.018273,2.587739,-4.035115,0.280859,2.956732,6.035584,0.128545,-3.177779,3.901242,0.835742,6.848391,2.616943,-4.035115,6.035584,0.319358,0.3
410,0.983934048036437,1.5576255594848218,18,49,1.4753428129222832,0.790088016240006,0.36761147786154313,18,0.11319207567412341,-0.437656,-3.798998,0.569197,1.415129,2.868969,1.515201,0.820706,2.349230,2.711824,-2.118004,2.379259,-2.536362,0.256522,-1.199775,3.878786,-1.978979,5.222278,2.231308,-0.922114,-0.445842,-3.403995,0.908868,-2.360652,3.190907,1.123104,2.032132,3.855866,2.976909,2.509281,-3.980090,0.456851,3.117729,5.870565,0.104584,-3.053520,3.955349,0.835682,6.715067,2.591345,-3.980090,5.870565,0.322490,0.2
311,0.9993996854766647,1.4861274838434655,32,51,1.6353442006468846,0.7286155904420403,0.26724637264870144,55,0.11321559417937367,-0.745987,-3.869222,0.584427,1.519090,2.814418,1.553563,0.809825,2.387576,2.786310,-2.078312,2.407025,-2.460519,0.244368,-1.238975,3.770338,-1.990142,5.478526,2.334087,-0.891881,-0.547740,-3.473540,0.921300,-2.406611,3.155106,1.188658,2.005035,3.959393,3.113682,2.508290,-4.021561,0.276414,2.979139,6.091966,0.182175,-3.124785,3.853890,0.835426,6.932710,2.633004,-4.021561,6.091966,0.317290,0.3
300,0.403993467056589,1.5293704921313107,19,53,1.4347035319984685,0.7157380114494798,0.32515003122842334,34,0.12070861056675665,-0.491207,-3.739631,0.537833,1.459970,2.848384,1.533404,0.822279,2.315565,2.707130,-2.130114,2.387076,-2.472333,0.319588,-1.158325,3.904448,-1.942465,5.149763,2.195194,-0.947445,-0.484117,-3.481896,0.906970,-2.394915,3.265210,1.123535,1.999226,3.843206,3.003264,2.468858,-3.971378,0.510460,3.141171,5.781028,0.109818,-2.976854,3.916295,0.834972,6.647964,2.578365,-3.971378,5.781028,0.323838,0.2
207,0.8387764616478087,1.5332171874016876,27,49,1.4431357260152635,0.7550249612440769,0.3500797933841208,31,0.14130383756719195,-0.567280,-3.738349,0.532878,1.472542,2.828564,1.400952,0.867721,2.323176,2.732926,-2.106198,2.408264,-2.439673,0.302254,-1.136547,3.901288,-1.881831,5.231936,2.275956,-0.950077,-0.469180,-3.475843,0.893507,-2.394720,3.231970,1.052071,1.950639,3.853689,3.107460,2.514941,-4.007842,0.447231,3.118197,5.827054,0.081902,-2.962550,3.826881,0.834831,6.669233,2.582486,-4.007842,5.827054,0.323266,0.2
336,0.7924353537025706,1.3630364399035773,22,52,1.5090341866345516,0.8148174404113196,0.3146307635330712,7,0.2862475652459713,-0.867169,-3.857253,0.654853,1.712406,2.630908,2.249437,0.665491,2.623233,2.654324,-1.944244,2.388519,-2.501303,0.588988,-1.406046,3.828995,-1.960055,4.928145,1.996352,-0.921244,-0.798175,-3.472256,1.035010,-2.785072,3.168422,1.425987,2.066877,3.874453,2.909958,2.211748,-4.060879,0.492171,3.135213,6.030077,0.424211,-3.123199,4.054024,0.834803,6.899273,2.626647,-4.060879,6.030077,0.317821,0.2
184,0.6328628578739317,1.41497190685157,20,56,1.4149363866793516,0.7587056657915092,0.2903211627327051,32,0.11854822480206284,-0.758318,-3.737234,0.621121,1.679400,2.720420,2.022099,0.696877,2.478691,2.667413,-2.053333,2.389989,-2.349619,0.528958,-1.326452,3.839047,-1.877160,4.935363,1.950805,-0.928842,-0.709521,-3.527841,0.943640,-2.689240,3.345807,1.394095,1.991637,3.904933,2.930031,2.231088,-4.028858,0.516822,3.195363,5.783045,0.268271,-2.980773,3.983538,0.834757,6.703972,2.589203,-4.028858,5.783045,0.322399,0.3
401,0.22294865148921753,1.655059563147208,18,52,1.5229932655617027,0.7375128046154666,0.35688100910915,30,0.10281351091855541,-0.340441,-3.881042,0.627207,1.347155,2.839376,1.366569,0.787224,2.426354,2.746391,-2.130733,2.366952,-2.627074,0.195351,-1.288915,3.864864,-1.967711,5.310251,2.337926,-0.984200,-0.279675,-3.258698,0.943645,-2.285217,3.076133,1.139805,1.980242,3.865919,2.884863,2.545006,-3.997577,0.431675,3.057608,5.982909,0.134284,-3.171404,3.996230,0.834479,6.773644,2.602623,-3.997577,5.982909,0.320630,0.2
118,0.22708588574194583,1.596251922780379,18,46,1.507114655895571,0.7576539973730205,0.2336024717864418,8,0.08479837470386939,-0.405990,-3.838853,0.593766,1.384344,2.858242,1.460090,0.729337,2.279532,2.730024,-2.118829,2.374692,-2.582250,0.227777,-1.239020,3.869017,-1.987096,5.283874,2.296836,-0.934013,-0.379920,-3.342424,0.931357,-2.325242,3.134870,1.123844,2.021367,3.868824,2.950128,2.531744,-3.982863,0.444564,3.086079,5.942139,0.122694,-3.116389,4.034061,0.834064,6.763423,2.600658,-3.982863,5.942139,0.320713,0.2
264,0.711182347813018,1.5447564043087716,53,15,1.504086315168989,0.7220883191169335,0.3045358372210644,34,0.11277302407918717,-0.557968,-3.820840,0.573682,1.458845,2.797660,1.368554,0.801284,2.310615,2.750788,-2.040113,2.395414,-2.471656,0.152542,-1.168210,3.719490,-1.966857,5.517079,2.271287,-0.915420,-0.440766,-3.482141,0.883502,-2.343919,3.159760,1.072128,1.944058,3.827994,3.128064,2.572730,-3.991848,0.438803,3.072407,6.039498,0.137330,-3.058474,3.890763,0.834057,6.806427,2.608913,-3.991848,6.039498,0.319695,0.3
95,0.19688456882285352,1.7250833766096352,20,42,1.660701257149891,0.8518083789321836,0.28416912727330956,6,0.14836822944970565,-0.281729,-3.937888,0.640992,1.325026,2.755483,1.157083,0.761687,2.469903,2.819854,-2.172739,2.361682,-2.619422,0.192819,-1.398027,3.844214,-1.916083,5.446678,2.474899,-1.087467,-0.072770,-3.188165,0.949090,-2.164637,3.067134,1.178554,1.879291,3.893494,2.850392,2.567210,-4.038026,0.403597,2.930036,6.015137,0.169369,-3.243386,3.990330,0.833989,6.814777,2.610513,-4.038026,6.015137,0.319473,0.2
386,0.9404476099536916,1.5439950140359449,14,57,1.4034289282807053,0.7992082615080384,0.32938871857656715,58,0.09948254897437431,-0.454797,-3.789773,0.538486,1.436846,2.836554,1.537092,0.886896,2.347915,2.637894,-2.082155,2.332090,-2.460386,0.332648,-1.173619,3.905619,-1.851300,5.182651,2.191277,-0.939555,-0.524917,-3.431422,0.899370,-2.298837,3.329077,1.115076,2.020181,3.812702,2.884393,2.349568,-4.020728,0.503942,3.186392,5.724679,0.029507,-2.957062,3.985723,0.833945,6.599963,2.569039,-4.020728,5.724679,0.324614,0.3
366,0.7494221363107371,1.3627490871412737,23,47,1.5981212722134885,0.6838896858096997,0.3612483101948478,38,0.27915807169689727,-0.876402,-3.887856,0.654103,1.686161,2.605490,2.236828,0.664696,2.636185,2.678635,-1.940426,2.389239,-2.512944,0.569129,-1.440035,3.794002,-1.972438,5.024710,2.079455,-0.926503,-0.801911,-3.467919,1.047782,-2.743992,3.129321,1.416905,2.083174,3.899012,2.910861,2.214876,-4.072486,0.414227,3.085358,6.103800,0.452763,-3.184447,4.069848,0.833867,6.966914,2.639491,-4.072486,6.103800,0.315919,0.3
75,0.14485129427411317,1.7901597558580553,21,47,1.599417223944734,0.8090174366229441,0.3504675331256547,8,0.11160676686269727,-0.229313,-3.959183,0.694022,1.301525,2.760676,1.086995,0.731264,2.519041,2.796621,-2.181110,2.349386,-2.648819,0.126684,-1.422896,3.872388,-1.842315,5.423378,2.490174,-1.134817,0.014300,-3.042283,0.945392,-2.132763,3.002373,1.186794,1.840948,3.879669,2.745148,2.568875,-4.064321,0.476786,2.926907,6.028417,0.191306,-3.278022,3.995896,0.833865,6.774327,2.602754,-4.064321,6.028417,0.320378,0.2
275,0.9760456203133625,1.6643397791315513,18,22,1.5927528403905578,0.7335915278057069,0.2336017388895702,32,0.11314450154345189,-0.329071,-3.905773,0.630909,1.326661,2.829234,1.328936,0.783212,2.434732,2.770547,-2.141118,2.363435,-2.640884,0.181674,-1.325399,3.845016,-1.985448,5.380927,2.395464,-0.992950,-0.237535,-3.241252,0.941790,-2.249153,3.052163,1.144787,1.982024,3.884654,2.874503,2.560943,-4.004007,0.371586,3.016718,6.025683,0.140107,-3.214415,4.012698,0.833650,6.823909,2.612261,-4.004007,6.025683,0.319130,0.2
383,0.5434204552312372,1.561886593363388,17,50,1.4555648187770378,0.7872246972783892,0.4628955593845072,37,0.1114950286264143,-0.421564,-3.788523,0.559556,1.422318,2.865337,1.490394,0.819653,2.355558,2.710296,-2.114909,2.343943,-2.497041,0.219561,-1.198479,3.897751,-1.935869,5.154549,2.266565,-0.989755,-0.438054,-3.393445,0.920610,-2.339008,3.268545,1.121232,2.014744,3.864559,2.939672,2.454736,-3.987835,0.440013,3.129657,5.848602,0.112373,-3.042391,3.935835,0.833589,6.675622,2.583722,-3.987835,5.848602,0.322631,0.2
87,0.16175643076576196,1.6917921941138685,23,55,1.5386251718842159,0.8366709362624698,0.33802440566173647,6,0.0672932642450662,-0.152257,-3.854307,0.481482,1.111760,2.783162,1.044595,0.950427,2.143973,2.561692,-1.939216,2.488491,-2.511443,0.184974,-1.372016,3.818828,-1.896959,5.352027,2.346094,-0.801433,-0.202579,-3.217726,1.051740,-2.169010,2.799795,1.200473,1.973201,3.872101,2.835447,2.555101,-3.957688,0.506936,3.272966,5.902917,-0.030901,-3.193112,4.061608,0.833365,6.585857,2.566292,-3.957688,5.902917,0.324735,0.2
335,0.8208698359175499,1.491682672584682,18,54,1.4435818767847208,0.8360135169494113,0.16328248565654296,5,0.24970742090465084,-0.555061,-3.769575,0.591711,1.512745,2.846457,1.719794,0.773611,2.373780,2.681688,-2.097731,2.387349,-2.459815,0.334401,-1.221235,3.869175,-1.951918,5.100853,2.100273,-0.916732,-0.568575,-3.466961,0.903375,-2.492620,3.259664,1.217556,2.047089,3.868459,2.949912,2.413405,-3.993066,0.436474,3.156217,5.833883,0.149009,-3.004189,3.969366,0.833299,6.701262,2.588679,-3.993066,5.833883,0.321901,0.2
436,0.9992104332120884,1.57219924225762,82,51,1.5210844208629788,0.8197697717500658,0.39681962577755153,35,0.12756744111870263,-0.576846,-3.882054,0.572581,1.448299,2.795222,1.282748,0.798561,2.307027,2.771232,-2.029118,2.414584,-2.505862,0.071907,-1.159703,3.642601,-1.953215,5.576039,2.328525,-0.945225,-0.337261,-3.371106,0.851422,-2.356351,3.110814,1.047565,1.970532,3.816420,3.084298,2.573405,-4.023525,0.500363,3.096163,6.061426,0.170387,-3.043512,3.885130,0.833152,6.807770,2.609170,-4.023525,6.061426,0.319317,0.3
325,0.20711453296096588,1.4389703812582637,26,54,1.4213483737946753,0.7906515984618231,0.18851332212703192,33,0.27933890057873645,-0.782991,-3.733015,0.632172,1.653619,2.753904,1.811298,0.753704,2.443067,2.646756,-2.053672,2.423617,-2.341070,0.454934,-1.270841,3.848502,-1.810398,5.031922,2.063567,-0.950417,-0.653733,-3.505008,0.911025,-2.645429,3.293006,1.333336,1.956572,3.914610,2.949269,2.311698,-4.031514,0.443062,3.161188,5.837104,0.220828,-2.962773,3.883436,0.833093,6.681350,2.584831,-4.031514,5.837104,0.322301,0.2
265,0.9476308467468688,1.5893394441645263,106,53,1.5617088190652146,0.869785084097532,0.31382054400791615,35,0.12034897213532579,-0.601775,-3.887612,0.610229,1.421083,2.768172,1.256569,0.800212,2.322059,2.820744,-2.044322,2.412313,-2.544669,0.056445,-1.193526,3.665982,-1.982279,5.682247,2.391796,-0.951847,-0.314624,-3.325947,0.854399,-2.339671,3.096938,1.059267,1.955811,3.851807,3.050993,2.638948,-4.033011,0.336787,3.067031,6.121968,0.171916,-3.116617,3.906275,0.832891,6.902501,2.627261,-4.033011,6.121968,0.317019,0.3
273,0.9623234528204551,1.567763973345828,23,54,1.4167463936764935,0.7577115363223446,0.24395747582920232,31,0.11880322983188532,-0.470823,-3.761078,0.527928,1.442393,2.826936,1.407453,0.839901,2.328222,2.693248,-2.122382,2.393334,-2.440812,0.291462,-1.182088,3.923601,-1.841504,5.138964,2.232695,-0.996230,-0.428445,-3.427582,0.904056,-2.353242,3.259571,1.131745,1.936454,3.835075,2.965695,2.480305,-4.024435,0.580213,3.097365,5.745642,0.116650,-2.973016,3.906570,0.832884,6.594291,2.567935,-4.024435,5.745642,0.324340,0.2
362,0.9592240560858654,1.6090676195884126,20,54,1.426878093447681,0.7491948239232376,0.14246186406021843,37,0.25443188980625764,-0.401114,-3.786424,0.563719,1.438258,2.804451,1.391961,0.804102,2.369834,2.715697,-2.143152,2.376971,-2.486453,0.298367,-1.212029,3.907451,-1.873296,5.157035,2.197477,-1.026806,-0.348461,-3.383471,0.908925,-2.339904,3.249675,1.157491,1.910409,3.824370,2.951585,2.480386,-4.010983,0.588680,3.104177,5.766045,0.113382,-3.005300,3.911763,0.832634,6.605153,2.570049,-4.010983,5.766045,0.323976,0.3
287,0.583123511345521,1.391125499786606,18,48,1.515346446454425,0.7508633635726102,0.3156898288405345,33,0.26348965371109184,-0.784255,-3.839666,0.677523,1.649514,2.711793,2.190593,0.653820,2.570771,2.675852,-1.990953,2.381303,-2.505568,0.485240,-1.386953,3.793196,-2.012812,4.999199,2.005212,-0.881776,-0.773969,-3.462624,0.996680,-2.740713,3.170874,1.385766,2.114798,3.914120,2.890625,2.245697,-4.018685,0.372378,3.167874,6.031132,0.336409,-3.136422,4.080084,0.832390,6.908604,2.628422,-4.018685,6.031132,0.316688,0.2
409,0.9604831220823465,1.519686576265578,21,59,1.4317241870539819,0.8282737396342873,0.30786702656739756,15,0.08238609574225508,-0.547063,-3.736597,0.543164,1.488897,2.843190,1.565768,0.841263,1.936624,2.687598,-2.119558,2.384979,-2.422962,0.311381,-1.173245,3.919336,-1.897629,5.183075,2.200830,-0.924732,-0.495109,-3.433322,0.890716,-2.386437,3.299138,1.143656,2.000876,3.859931,3.018828,2.470357,-4.002243,0.604511,3.116589,5.778875,0.139195,-2.972476,3.842238,0.832212,6.601405,2.569320,-4.002243,5.778875,0.323904,0.2
140,0.16940012542849692,1.6414613473034219,10,47,1.4021452244278383,0.7892176319523375,0.3120254022062816,10,0.11414218327947095,-0.239217,-3.875039,0.593316,1.312450,2.949505,1.414096,0.827497,2.436860,2.661155,-2.077381,2.309568,-2.549337,0.314043,-1.258813,3.955452,-1.779926,5.228585,2.348688,-1.003674,-0.443018,-3.330437,0.943701,-2.274566,3.298678,1.201210,1.952333,3.830645,2.861778,2.294108,-4.084926,0.329953,3.136627,5.767445,0.045293,-2.961267,3.821627,0.832139,6.629108,2.574705,-4.084926,5.767445,0.323198,0.2
394,0.7867655507625733,1.4881553219254084,18,46,1.4374498441286383,0.8090544878110826,0.4533489443603307,33,0.13669816948516164,-0.561855,-3.766357,0.593284,1.520433,2.842141,1.734499,0.768123,2.377138,2.677105,-2.098314,2.386538,-2.451757,0.341250,-1.223998,3.868117,-1.945451,5.083843,2.082439,-0.921754,-0.576443,-3.471332,0.900317,-2.505122,3.266529,1.228322,2.044479,3.866956,2.941844,2.401676,-3.995425,0.437144,3.160856,5.823974,0.150628,-2.998272,3.972219,0.832049,6.694204,2.587316,-3.995425,5.823974,0.321588,0.2
128,0.10199475264661478,1.4826371491630634,15,48,1.85030044836255,0.827579284195838,0.24439700366612419,11,0.1399572706452394,-0.575887,-3.877020,0.587670,1.424550,2.809181,1.626324,0.769597,2.445342,2.837228,-2.113576,2.345670,-2.463680,0.320072,-1.449924,3.758811,-2.006536,5.523128,2.497184,-0.985929,-0.387569,-3.417953,0.897137,-2.271518,3.198633,1.222190,2.092876,3.970558,2.914391,2.325863,-4.071412,-0.057955,2.963786,6.065723,0.144441,-3.188559,4.069434,0.831730,6.987985,2.643480,-4.071412,6.065723,0.314634,0.2
127,0.2348687148813598,1.617588187684072,29,52,1.4780778522694629,0.8101976308017771,0.2876605969189873,7,0.15079321868203535,-0.492877,-3.832793,0.620066,1.423688,2.814206,1.357913,0.811152,2.376393,2.773416,-2.125034,2.402496,-2.490835,0.215284,-1.219392,3.884819,-1.885370,5.276313,2.348471,-0.995567,-0.348572,-3.364773,0.897144,-2.335793,3.117826,1.084064,1.884705,3.857589,3.061581,2.547432,-4.029532,0.432592,3.045093,5.926454,0.108612,-3.060533,3.849058,0.831536,6.718290,2.591966,-4.029532,5.926454,0.320813,0.2
467,0.9483746550917059,1.5947162260840146,75,49,1.5278059189540945,0.7643214004466126,0.3065927306386106,39,0.12497787742470898,-0.561299,-3.893243,0.571648,1.434818,2.802127,1.288982,0.791045,2.347129,2.793239,-2.041973,2.406020,-2.525420,0.048707,-1.185369,3.683761,-1.949742,5.610696,2.316076,-0.950513,-0.331382,-3.358133,0.857817,-2.342343,3.095464,1.040983,1.965371,3.821354,3.065211,2.571251,-4.032685,0.465467,3.068974,6.088973,0.176563,-3.091725,3.885771,0.831489,6.848326,2.616931,-4.032685,6.088973,0.317735,0.3
122,0.2643056853776164,1.4835369740777533,32,45,1.7069412563111166,0.8016927993560419,0.25911594858841014,11,0.1365986079837981,-0.737429,-3.882107,0.583056,1.513918,2.802326,1.527919,0.794685,2.384030,2.814889,-2.099039,2.404605,-2.445385,0.244728,-1.279465,3.751337,-1.990406,5.515167,2.360937,-0.922528,-0.509954,-3.473284,0.897406,-2.382031,3.155896,1.216815,1.997165,3.971278,3.089516,2.504843,-4.040775,0.184854,2.939875,6.092892,0.183409,-3.142776,3.875814,0.830616,6.956006,2.637424,-4.040775,6.092892,0.314935,0.2
96,0.16655760331581387,1.8025690048481122,22,45,1.6135150463095198,0.8166276230735185,0.3056153017352071,10,0.13760340365098778,-0.203471,-3.978304,0.691037,1.269253,2.757345,1.011050,0.745751,2.523487,2.803558,-2.181185,2.356754,-2.664260,0.129573,-1.437427,3.868102,-1.823376,5.408897,2.522218,-1.159695,0.071364,-3.052067,0.959695,-2.129364,2.982312,1.205202,1.808303,3.876019,2.719565,2.584996,-4.072950,0.450000,2.893887,6.033754,0.186229,-3.282124,4.024774,0.830525,6.781394,2.604111,-4.072950,6.033754,0.318928,0.2
495,0.28185986085447245,1.803967767961885,22,54,1.6154485886130965,0.8519439137081641,0.13044803357820464,8,0.2969603428802475,-0.200655,-3.979598,0.693092,1.268950,2.757792,1.007009,0.743424,2.523517,2.805641,-2.181323,2.357590,-2.664693,0.129016,-1.439465,3.868762,-1.822369,5.408987,2.524228,-1.161863,0.075414,-3.049418,0.959627,-2.127258,2.981488,1.206215,1.806507,3.876043,2.717404,2.586138,-4.074462,0.444994,2.892307,6.034197,0.187104,-3.282269,4.024665,0.830465,6.781761,2.604181,-4.074462,6.034197,0.318897,0.2
331,0.7749426625559748,1.39891097645685,13,52,1.4216620594845215,0.8247127192812856,0.1421993791476759,5,0.28273635889794607,-0.742761,-3.787588,0.606464,1.598114,2.717899,2.123808,0.771557,2.547976,2.578312,-2.002313,2.325427,-2.402545,0.570102,-1.386133,3.811862,-1.832401,4.924038,2.014104,-0.901387,-0.843561,-3.484712,0.987049,-2.660313,3.309721,1.408571,2.099264,3.863999,2.813859,2.105097,-4.065058,0.447151,3.262604,5.823519,0.222393,-2.983486,4.054117,0.830410,6.721892,2.592661,-4.065058,5.823519,0.320292,0.2
427,0.20644532024250312,1.58231556096667,64,47,1.4758784219175956,0.7728618562244843,0.265093801346134,31,0.2854372228897464,-0.478089,-3.851933,0.576176,1.455068,2.814851,1.295266,0.794946,2.331209,2.771045,-2.034819,2.388561,-2.447689,0.101815,-1.186973,3.686151,-1.895838,5.506396,2.248527,-0.976454,-0.344958,-3.409350,0.841271,-2.381039,3.131078,1.064406,1.929137,3.784736,3.059120,2.551052,-4.043118,0.480673,3.115862,5.993337,0.161534,-3.044212,3.903174,0.830303,6.757530,2.599525,-4.043118,5.993337,0.319406,0.3
348,0.929745667104006,1.6144342122091724,16,52,1.4491085514630602,0.7853383004485675,0.4349881607321442,35,0.26201115360273114,-0.382898,-3.826924,0.566527,1.383475,2.872123,1.438059,0.798391,2.404988,2.718599,-2.077218,2.344069,-2.544902,0.219005,-1.212058,3.885198,-1.847885,5.188741,2.281061,-1.074874,-0.382858,-3.305554,0.928004,-2.302501,3.199228,1.101105,1.979472,3.845302,2.877126,2.389194,-4.010140,0.426994,3.153159,5.834698,0.076158,-3.048466,3.991032,0.830151,6.651202,2.578993,-4.010140,5.834698,0.321890,0.2
449,0.7487885965948459,1.4333022476215946,23,49,1.3757301447620087,0.7635153150119919,0.2617581169051017,31,0.09911852250049073,-0.734806,-3.721232,0.591716,1.642447,2.764353,1.877373,0.734290,2.416334,2.646102,-2.072844,2.403874,-2.299126,0.472134,-1.287351,3.874848,-1.798679,4.913762,1.991339,-0.966764,-0.684803,-3.528476,0.913020,-2.634629,3.361197,1.369706,1.962167,3.897585,2.887183,2.261507,-4.047349,0.503001,3.178186,5.703513,0.238698,-2.920102,3.969830,0.829945,6.619659,2.572870,-4.047349,5.703513,0.322575,0.2
151,0.18985519031965997,1.3759618646388927,16,50,1.505327738434478,0.7747523516835338,0.2648960195599134,10,0.12404225743383976,-0.823167,-3.865986,0.650225,1.662439,2.703016,2.268357,0.645897,2.631708,2.669071,-1.903051,2.349536,-2.528321,0.501480,-1.376035,3.789462,-1.939778,4.935957,2.038206,-0.980029,-0.834209,-3.434241,1.031365,-2.740352,3.189996,1.346478,2.120924,3.898471,2.883945,2.082701,-4.033447,0.352631,3.218270,6.036217,0.334233,-3.123592,4.116516,0.829858,6.903460,2.627444,-4.033447,6.036217,0.315842,0.2
159,0.21757698045983298,1.4404101047757398,90,53,1.7356409866995082,0.7412010596718633,0.25157031325204915,12,0.14436772640620907,-0.870719,-3.899086,0.651500,1.603389,2.691308,1.682994,0.689373,2.395254,2.814811,-2.021869,2.406539,-2.379154,0.182994,-1.367890,3.541460,-1.968982,5.613357,2.263869,-0.949924,-0.495470,-3.437679,0.835687,-2.535388,3.172140,1.337986,2.010287,3.968100,3.017378,2.424387,-4.085579,0.188837,3.024281,6.176633,0.301893,-3.127483,4.014202,0.829706,7.017360,2.649030,-4.085579,6.176633,0.313211,0.2
102,0.2029013304324107,1.755448143191808,19,37,1.5850334855887835,0.8209191724175923,0.22192259196653016,11,0.10429875358764851,-0.245251,-3.938686,0.682511,1.301313,2.778743,1.157538,0.729309,2.489151,2.807165,-2.170384,2.361435,-2.673060,0.164290,-1.388172,3.867343,-1.907435,5.361894,2.455028,-1.109924,-0.063609,-3.137601,0.972444,-2.200851,3.005983,1.176263,1.867561,3.869857,2.774991,2.555979,-4.022637,0.396170,2.979102,6.031313,0.177944,-3.253099,4.015693,0.829675,6.791311,2.606014,-4.022637,6.031313,0.318369,0.2
114,0.2101418134327628,1.6801723409035787,18,51,1.6329089912595172,0.7861592544247832,0.3600130116206959,9,0.10675908169963046,-0.300646,-3.920378,0.636972,1.311883,2.818697,1.281106,0.771393,2.440306,2.787823,-2.156561,2.360372,-2.642311,0.173169,-1.355932,3.835737,-1.978532,5.401106,2.414809,-1.025531,-0.190022,-3.221825,0.929048,-2.222772,3.041227,1.159706,1.963522,3.887176,2.843906,2.563905,-4.018286,0.320534,2.991128,6.025880,0.137772,-3.231089,4.026315,0.829434,6.831481,2.613710,-4.018286,6.025880,0.317340,0.2
313,0.6145260594784943,1.3615878981597949,16,53,1.566216114787981,0.7019557643557157,0.3176826916757062,36,0.13040299204598632,-0.845409,-3.909044,0.661775,1.665337,2.663206,2.335781,0.628188,2.681393,2.673706,-1.878686,2.345682,-2.582296,0.516491,-1.413809,3.768177,-1.980271,4.969822,2.069807,-0.977498,-0.852923,-3.420600,1.061942,-2.759779,3.131738,1.355689,2.147264,3.894833,2.889644,2.075281,-4.044438,0.327596,3.189551,6.137085,0.381435,-3.187773,4.138437,0.829370,6.992613,2.644355,-4.044438,6.137085,0.313638,0.2
68,0.10399217954206462,1.6411655700489924,18,50,1.4861925489835879,0.7367331603850715,0.2676923009867334,12,0.16948926044565044,-0.341165,-3.850231,0.612024,1.366241,2.841269,1.385700,0.783126,2.406082,2.730397,-2.139328,2.366917,-2.588554,0.214577,-1.265499,3.875639,-1.940852,5.234064,2.267035,-1.003899,-0.307846,-3.292308,0.917201,-2.311936,3.118886,1.150557,1.966655,3.844816,2.877922,2.517936,-4.004057,0.443964,3.086018,5.901819,0.113742,-3.116192,3.988709,0.829151,6.708640,2.590104,-4.004057,5.901819,0.320123,0.2
224,0.9251994534678692,1.5660191888872006,76,48,1.4936547359426842,0.7735616086236063,0.37188762903317424,37,0.14360715468287483,-0.569991,-3.865206,0.553146,1.461087,2.805798,1.328636,0.789492,2.325053,2.773163,-2.038152,2.407413,-2.482622,0.068555,-1.152961,3.687565,-1.935933,5.542364,2.261321,-0.961332,-0.371810,-3.408219,0.832511,-2.376540,3.140990,1.039460,1.962627,3.799710,3.072857,2.548403,-4.027554,0.480537,3.111227,6.014364,0.156025,-3.023763,3.883421,0.828657,6.791776,2.606104,-4.027554,6.014364,0.317968,0.3
402,0.9992593210726111,1.5393886118666524,16,48,1.85607061409647,0.7173702871920412,0.33248229791486056,23,0.12977261319806865,-0.444729,-3.893909,0.509469,1.323060,2.842735,1.390578,0.831541,2.364350,2.846384,-2.134479,2.336052,-2.526963,0.195048,-1.354309,3.765044,-2.001994,5.594783,2.578611,-1.042044,-0.320166,-3.380990,0.873149,-2.148768,3.168150,1.112204,2.068188,3.970729,2.947227,2.460659,-4.030849,0.028636,2.937469,6.011379,0.087729,-3.211484,4.058338,0.828079,6.952913,2.636838,-4.030849,6.011379,0.314042,0.2
107,0.19422483048872652,1.5196286453099095,13,54,1.3478553855285693,0.783096078952123,0.35774099959716504,9,0.10404775235578967,-0.453803,-3.728384,0.484498,1.422198,2.839566,1.598358,0.898624,2.336805,2.580178,-2.110595,2.323874,-2.383788,0.397644,-1.164963,3.897595,-1.784202,5.039579,2.112500,-0.957887,-0.601604,-3.468668,0.892415,-2.369941,3.364758,1.183124,2.033279,3.778463,2.871596,2.324033,-4.035897,0.528588,3.239962,5.630172,0.019974,-2.864567,3.932130,0.827934,6.498668,2.549249,-4.035897,5.630172,0.324776,0.2
258,0.9743572720254069,1.6657440246195239,22,47,1.4210403802293923,0.738440225015395,0.3130925620668416,34,0.10865462485706195,-0.349290,-3.814204,0.591631,1.391869,2.806544,1.267460,0.796149,2.400257,2.713828,-2.159103,2.371994,-2.499365,0.244733,-1.257240,3.923682,-1.801115,5.139712,2.256287,-1.090806,-0.227006,-3.288496,0.900955,-2.307368,3.189370,1.189273,1.854401,3.816316,2.840830,2.496456,-4.049746,0.584312,3.059818,5.768728,0.119331,-3.036215,3.950894,0.827635,6.576339,2.564437,-4.049746,5.768728,0.322736,0.2
138,0.10078753420845628,1.7480335847882027,27,42,1.618240934577228,0.8870289117767345,0.25350852001133795,17,0.12068385983806042,-0.323171,-3.930524,0.670829,1.318750,2.756198,1.034662,0.774781,2.475895,2.834963,-2.159173,2.381566,-2.619154,0.164033,-1.363674,3.853345,-1.836781,5.444687,2.532983,-1.111913,-0.044505,-3.149349,0.935166,-2.192382,2.989630,1.110798,1.827957,3.884048,2.876025,2.591027,-4.064142,0.304009,2.940800,6.044879,0.142370,-3.232633,3.932324,0.827620,6.801011,2.607875,-4.064142,6.044879,0.317354,0.2
369,0.628400331515094,1.640805058868363,26,49,1.461328791002457,0.5570104335267235,0.3712595250692444,33,0.2649305444488428,-0.437448,-3.812011,0.600868,1.407802,2.782588,1.255198,0.822111,2.405867,2.701554,-2.130018,2.394732,-2.514423,0.248805,-1.236655,3.884493,-1.813825,5.247264,2.312309,-1.050289,-0.284897,-3.317057,0.898375,-2.338892,3.135392,1.129125,1.869304,3.841250,2.932738,2.512578,-4.022224,0.520148,3.062081,5.870228,0.103923,-3.068880,3.865658,0.827160,6.638606,2.576549,-4.022224,5.870228,0.321034,0.2
112,0.15152146632463284,1.7103011262783743,23,54,1.477787411630866,0.844988482538511,0.2762832584233523,5,0.1143330070325244,-0.315600,-3.874390,0.621526,1.350489,2.788434,1.189988,0.655812,2.440859,2.743971,-2.143633,2.379387,-2.561529,0.199202,-1.309417,3.908317,-1.802510,5.234006,2.370873,-1.098004,-0.175982,-3.209510,0.945777,-2.243487,3.103629,1.160366,1.852988,3.844824,2.823725,2.524721,-4.057205,0.535312,3.010854,5.884358,0.161047,-3.126388,3.964167,0.827138,6.653519,2.579442,-4.057205,5.884358,0.320666,0.2
69,0.11159980007002737,1.6777122228469088,17,50,1.4842591244450034,0.7386664707300398,0.2724104738321446,12,0.13134638571223614,-0.285023,-3.868660,0.623026,1.349711,2.827471,1.307612,0.771123,2.439351,2.742259,-2.141061,2.330983,-2.580923,0.156989,-1.295076,3.890038,-1.892787,5.198319,2.343196,-1.091180,-0.243029,-3.233454,0.941726,-2.262618,3.154991,1.154979,1.931000,3.858354,2.811218,2.477429,-4.017303,0.411361,3.076309,5.919004,0.133463,-3.145366,3.982041,0.827096,6.692520,2.586990,-4.017303,5.919004,0.319714,0.2
148,0.21634076208593261,1.6647027294149228,13,51,1.4265748042170563,0.7000356443780295,0.23756060416907548,11,0.11909293450886446,-0.291343,-3.841526,0.555866,1.303185,2.804076,1.358969,0.872141,2.436871,2.638297,-2.135325,2.309106,-2.517508,0.290306,-1.282587,3.884567,-1.770600,5.185955,2.296539,-1.044741,-0.350436,-3.272021,0.936320,-2.236548,3.189924,1.185532,1.958807,3.788515,2.762120,2.393841,-4.054995,0.480338,3.150920,5.793555,0.045872,-3.034156,3.985295,0.827087,6.575197,2.564215,-4.054995,5.793555,0.322550,0.2
474,0.21110848777535343,1.4403501554864144,12,54,1.4128498065488575,0.8229224553862103,0.1384069297706019,30,0.13217680232806195,-0.711097,-3.814183,0.570414,1.521214,2.822451,1.953595,0.817195,2.460160,2.574439,-2.062771,2.332604,-2.339013,0.433266,-1.295957,3.785666,-1.864830,5.047545,2.086866,-0.855773,-0.772549,-3.458854,0.938980,-2.560036,3.408991,1.347340,2.057454,3.875562,2.891657,2.201020,-4.067930,0.275614,3.198326,5.777829,0.189629,-2.940059,3.947265,0.827001,6.685707,2.585673,-4.067930,5.777829,0.319840,0.2
396,0.944312793177444,1.735521149003743,27,52,1.501988453655226,0.8410885340025821,0.3481528765126406,21,0.29079866619385064,-0.334328,-3.886431,0.660092,1.349342,2.769463,1.088532,0.778696,2.464701,2.793547,-2.147713,2.384695,-2.589269,0.186207,-1.307679,3.886138,-1.803891,5.316069,2.426132,-1.114182,-0.111142,-3.178724,0.933059,-2.254069,3.030982,1.108804,1.812323,3.847737,2.882685,2.559418,-4.058574,0.396749,3.012434,5.960429,0.128468,-3.155220,3.910320,0.826272,6.704423,2.589290,-4.058574,5.960429,0.319112,0.2
465,0.22236001723961768,1.543920025826841,86,49,1.4714077159114063,0.7165630224919173,0.3379881348997488,14,0.14994307271876908,-0.596065,-3.843915,0.570662,1.478767,2.798358,1.342479,0.812725,2.265859,2.739434,-2.037711,2.411153,-2.453596,0.090652,-1.142660,3.659164,-1.928503,5.496229,2.214882,-0.972149,-0.394839,-3.425407,0.820805,-2.397722,3.173787,1.069578,1.954189,3.795256,3.076345,2.544187,-4.030642,0.505143,3.140862,5.967910,0.136242,-2.972785,3.870527,0.826089,6.742401,2.596613,-4.030642,5.967910,0.318141,0.2
94,0.2373938855565904,1.5761259384813824,39,40,1.4553975139769617,0.8811270520692499,0.2926995578371133,6,0.13770213015378002,-0.521100,-3.783395,0.578552,1.415287,2.852383,1.372568,0.775428,2.317771,2.725022,-2.136249,2.395294,-2.456447,0.234014,-1.161064,3.789070,-1.939627,5.371799,2.170822,-1.032837,-0.436843,-3.425822,0.879232,-2.339245,3.157316,1.135700,1.896197,3.815121,3.052994,2.564139,-4.035337,0.591711,3.071389,5.963202,0.083648,-2.992200,3.784971,0.825930,6.704796,2.589362,-4.035337,5.963202,0.318970,0.2
197,0.7303977796451038,1.5356818119031723,27,53,1.3912641062080582,0.7472600970737897,0.30596871261505887,34,0.11590399456136725,-0.542074,-3.710622,0.524340,1.485378,2.823147,1.391911,0.851484,2.306989,2.713584,-2.123145,2.405054,-2.402376,0.318199,-1.122203,3.914308,-1.838149,5.133601,2.188767,-0.998690,-0.471668,-3.491069,0.863783,-2.416606,3.270316,1.073964,1.912817,3.819460,3.070943,2.482193,-4.021601,0.456585,3.149735,5.727673,0.057684,-2.902012,3.824163,0.825718,6.583577,2.565848,-4.021601,5.727673,0.321811,0.2
97,0.22397943861778832,1.5716872332177187,33,49,1.4446046269808461,0.8367468190089282,0.2646882926881135,11,0.1236768012633905,-0.539634,-3.802782,0.569554,1.454945,2.843197,1.341927,0.825728,2.322530,2.753871,-2.122085,2.398686,-2.452200,0.217024,-1.132178,3.837921,-1.887572,5.277292,2.205210,-1.005118,-0.438545,-3.446579,0.874614,-2.330634,3.182087,1.128308,1.885399,3.829425,3.081494,2.551838,-4.024899,0.451790,3.066501,5.881059,0.076663,-2.983508,3.814982,0.825175,6.673964,2.583402,-4.024899,5.881059,0.319414,0.2
190,0.9676313819144009,1.6365777634489078,29,54,1.4549363641278972,0.7293586366248181,0.3148425000866599,37,0.13664723202866816,-0.459301,-3.828765,0.622159,1.418153,2.802846,1.329254,0.797133,2.382466,2.766318,-2.140408,2.395784,-2.481464,0.213349,-1.225651,3.887857,-1.854099,5.227839,2.310169,-1.037635,-0.320084,-3.350013,0.881863,-2.337830,3.121926,1.101296,1.851536,3.838222,3.020624,2.528876,-4.040244,0.439602,3.054282,5.879764,0.096085,-3.044980,3.857248,0.825116,6.670093,2.582652,-4.040244,5.879764,0.319484,0.3
381,0.9603509320950983,1.686995186290559,14,46,1.7809320783558358,0.7467147586447584,0.44157263182263556,32,0.09567237239367542,-0.281656,-3.978604,0.617431,1.268830,2.752607,1.206152,0.835387,2.454423,2.793116,-2.160923,2.309511,-2.610928,0.194061,-1.446873,3.801085,-1.910055,5.608325,2.575651,-1.067664,-0.148394,-3.220793,0.907763,-2.042666,3.096497,1.151595,1.963807,3.898526,2.738645,2.456245,-4.073090,0.158094,2.921825,6.030182,0.071415,-3.273521,4.102054,0.824946,6.891111,2.625093,-4.073090,6.030182,0.314254,0.2
452,0.86287862968464,1.3468208281324283,19,50,1.5627095479581836,0.7953497766702903,0.3069607712750737,35,0.14211840176945095,-0.817292,-3.884206,0.692169,1.709816,2.588175,2.352545,0.572337,2.690522,2.659188,-1.932505,2.389735,-2.598395,0.622643,-1.451423,3.783952,-2.024296,4.903510,1.960866,-0.931446,-0.852217,-3.478987,1.071029,-2.854967,3.079695,1.428958,2.114338,3.845902,2.898202,2.179103,-4.077423,0.391053,3.174687,6.122051,0.459221,-3.177914,4.085885,0.824848,6.994396,2.644692,-4.077423,6.122051,0.311888,0.2
327,0.23135187183631595,1.40641470530519,41,50,1.4689324319277224,0.8125109025054591,0.3019903474735416,35,0.28879128030049694,-0.866635,-3.776518,0.663546,1.652234,2.726000,1.994172,0.645018,2.466502,2.680807,-2.028699,2.400120,-2.382659,0.418644,-1.328869,3.702906,-1.938801,5.165426,1.967197,-0.975800,-0.757160,-3.535458,0.941173,-2.696561,3.191518,1.407101,1.956816,3.887643,2.979935,2.319846,-4.077773,0.482494,3.172776,6.067891,0.278781,-3.037750,3.916408,0.824507,6.864682,2.620054,-4.077773,6.067891,0.314691,0.3
51,0.3109735691419367,1.493517672385514,48,60,1.405070780836852,0.718661095350626,0.2519820275451468,15,0.17994570545600386,-0.621786,-3.741342,0.582255,1.562317,2.811800,1.576675,0.757338,2.296293,2.684211,-2.103821,2.400969,-2.341136,0.249433,-1.173927,3.766408,-1.885064,5.260769,2.020663,-0.985613,-0.546481,-3.557337,0.838906,-2.500810,3.243648,1.215520,1.958020,3.798052,3.040529,2.452687,-4.037318,0.467047,3.144507,5.905951,0.159330,-2.912770,3.890147,0.824335,6.688132,2.586142,-4.037318,5.905951,0.318751,0.2
77,0.19182303346995713,1.7879010935016793,21,47,1.635146342099476,0.8059887393787944,0.34698878981705134,6,0.08592573287777976,-0.226521,-3.962139,0.688494,1.257192,2.755072,1.074889,0.657965,2.450932,2.806788,-2.191113,2.347272,-2.640641,0.126319,-1.436670,3.860746,-1.846757,5.445592,2.502672,-1.143777,0.026839,-3.049379,0.932960,-2.119138,3.006110,1.192513,1.841691,3.886647,2.740206,2.568544,-4.069715,0.439176,2.909485,6.025948,0.186280,-3.284386,3.905023,0.824031,6.761598,2.600307,-4.069715,6.025948,0.316898,0.2
70,0.10542425022894465,1.697979423961586,16,50,1.7290880684098306,0.736284209655523,0.2705439437940788,12,0.12982232067418958,-0.277328,-3.954876,0.607143,1.270798,2.812916,1.217223,0.764496,2.468791,2.824494,-2.136432,2.327255,-2.637499,0.140248,-1.398118,3.806512,-1.897725,5.486833,2.549646,-1.147895,-0.144531,-3.175469,0.929496,-2.127517,3.053825,1.135848,1.950965,3.917067,2.788629,2.462347,-4.047632,0.174472,2.970420,6.034052,0.104764,-3.261381,4.071562,0.823983,6.863106,2.619753,-4.047632,6.034052,0.314527,0.2
292,0.9592283650597214,1.4407954852525877,85,47,1.4376311529200267,0.6917907070661923,0.31537159503620027,33,0.12569411088794463,-0.830090,-3.810320,0.630697,1.661152,2.728681,1.739916,0.702122,2.364392,2.690399,-1.990617,2.415801,-2.332378,0.231584,-1.220011,3.606782,-1.873113,5.287734,1.998028,-0.970940,-0.601580,-3.489877,0.842094,-2.648928,3.251404,1.315327,1.962530,3.850603,2.986654,2.356331,-4.060412,0.457940,3.203535,5.944461,0.252462,-2.938164,3.947224,0.823928,6.748756,2.597837,-4.060412,5.944461,0.317159,0.3
367,0.8149232238748376,1.4691297388617444,30,51,1.3991389185643872,0.7671255809046685,0.17511189754996911,36,0.2680505523591038,-0.759466,-3.768594,0.600313,1.624917,2.796892,1.728591,0.753865,2.374963,2.692089,-2.082302,2.415893,-2.337053,0.345307,-1.194467,3.845415,-1.854824,5.076967,2.072587,-0.962838,-0.637829,-3.551334,0.869522,-2.565876,3.280352,1.254769,1.929310,3.855413,3.065755,2.373978,-4.036378,0.390671,3.136265,5.836799,0.157493,-2.916416,3.849948,0.823908,6.686617,2.585849,-4.036378,5.836799,0.318622,0.3
442,0.6851735006077877,1.6265258035454346,113,17,1.5363917322187837,0.7891291018810871,0.3113475282940829,33,0.29987574847157017,-0.544588,-3.909736,0.607448,1.407318,2.745046,1.194799,0.780518,2.341857,2.800732,-2.059917,2.399800,-2.546747,0.018077,-1.211113,3.685791,-1.983989,5.643853,2.391397,-1.004537,-0.266322,-3.274156,0.872776,-2.329473,3.081064,1.079381,1.912416,3.822410,2.983340,2.633450,-4.037002,0.329888,3.049653,6.109591,0.158288,-3.134630,3.912773,0.823874,6.868277,2.620740,-4.037002,6.109591,0.314367,0.3
297,0.692793557298257,1.6959402391379543,17,56,1.471498986141673,0.8578226714024898,0.2512775785078031,31,0.2393259630046299,-0.253546,-3.871607,0.634864,1.346099,2.824675,1.273149,0.753394,2.445042,2.745876,-2.147949,2.332199,-2.580303,0.153673,-1.305321,3.898371,-1.868470,5.167136,2.327088,-1.123616,-0.211231,-3.210498,0.935482,-2.257145,3.151297,1.168046,1.903921,3.845708,2.779524,2.473375,-4.029223,0.402733,3.078346,5.894622,0.131605,-3.136744,3.984573,0.823754,6.664479,2.581565,-4.029223,5.894622,0.319091,0.2
113,0.12336711038611697,1.5241017306569258,29,56,1.5489435176439166,0.8296059573204343,0.3764417786668796,10,0.07088338589418926,-0.579205,-3.778059,0.488075,0.981146,2.859446,1.241139,1.025531,1.796863,2.612373,-2.028853,2.429470,-2.463128,0.236859,-1.164402,3.833750,-1.987927,5.423068,2.361612,-0.701530,-0.491585,-3.453375,0.958641,-2.358271,2.993090,1.090663,2.115651,3.924844,3.211408,2.583937,-3.925495,0.444505,3.185195,5.991160,0.074790,-3.126480,3.838122,0.823418,6.733536,2.594906,-3.925495,5.991160,0.317321,0.2
155,0.11877332461205097,1.706856116969026,32,49,1.556980969502259,0.7678889269709578,0.27499930600352424,9,0.12836735463076707,-0.415560,-3.947770,0.640344,1.351334,2.803451,1.115382,0.784106,2.430727,2.813096,-2.130886,2.386151,-2.608332,0.111945,-1.273905,3.822563,-1.899579,5.474621,2.424539,-1.056307,-0.204267,-3.223277,0.930222,-2.222066,3.000794,1.118058,1.843110,3.873929,2.955008,2.601068,-4.044057,0.363538,2.946253,6.069607,0.125408,-3.200418,3.867318,0.822949,6.817854,2.611102,-4.044057,6.069607,0.315173,0.2
12,0.24509915852860398,1.607344153798229,42,19,1.7429211803754354,0.9040601897822085,0.33503169042969055,9,0.28101836613249476,-0.466395,-3.865601,0.573575,1.351144,2.800627,1.214053,0.753541,2.331656,2.844780,-2.176214,2.382265,-2.510847,0.122957,-1.333806,3.735760,-2.001893,5.677657,2.443399,-1.060978,-0.259548,-3.366897,0.869771,-2.209025,3.070323,1.151095,1.913245,3.898920,3.010771,2.611356,-4.072652,0.281581,2.932547,6.163108,0.118326,-3.185724,3.880749,0.822879,6.947653,2.635840,-4.072652,6.163108,0.312188,0.2
61,0.2734133091302112,1.4277181152571097,47,58,1.380325040746346,0.7090004096644241,0.3001709694546042,14,0.19055412053463885,-0.759874,-3.720503,0.629769,1.674638,2.755088,1.855345,0.665586,2.371693,2.665461,-2.082212,2.403302,-2.264449,0.396451,-1.258650,3.732779,-1.834542,5.084208,1.865503,-0.995046,-0.678633,-3.576413,0.857075,-2.674194,3.296050,1.385493,1.943126,3.853587,2.965092,2.321266,-4.069419,0.440159,3.212942,5.877229,0.226078,-2.897702,3.949357,0.822657,6.698634,2.588172,-4.069419,5.877229,0.317852,0.2
109,0.2568176740866893,1.4988196091515817,13,44,1.3057436664014455,0.8844658939819741,0.31393532551937603,13,0.12053008937716471,-0.492059,-3.708645,0.504677,1.475558,2.825582,1.678022,0.860298,2.351425,2.562319,-2.108411,2.327751,-2.336479,0.441667,-1.184289,3.899586,-1.743784,4.935483,2.010893,-0.984815,-0.646932,-3.488003,0.878356,-2.440243,3.408862,1.249335,2.013043,3.769160,2.829297,2.261460,-4.053182,0.518156,3.268067,5.569544,0.035540,-2.819618,3.940033,0.822435,6.457009,2.541065,-4.053182,5.569544,0.323658,0.2
53,0.28890461563829195,1.5475869761996282,45,60,1.4034464487436056,0.7180431291107428,0.25684561495073743,15,0.1815096831527846,-0.517339,-3.719116,0.534217,1.464288,2.840694,1.401553,0.787126,2.269748,2.689855,-2.147463,2.392127,-2.383574,0.219041,-1.138715,3.805952,-1.883726,5.293891,2.077260,-1.017758,-0.446174,-3.498652,0.838436,-2.401631,3.206837,1.115822,1.901450,3.779968,3.049895,2.531358,-4.034027,0.537896,3.142675,5.875052,0.078625,-2.924938,3.864373,0.821806,6.643683,2.577534,-4.034027,5.875052,0.318834,0.2
59,0.20959424336190152,1.4725887210177686,31,57,1.4060413417320075,0.7086036116322706,0.18450827009877602,14,0.1886732826393234,-0.748413,-3.778319,0.583904,1.595047,2.798828,1.660942,0.773564,2.354851,2.696188,-2.081829,2.415369,-2.345643,0.332991,-1.173685,3.831968,-1.859666,5.115609,2.061426,-0.974724,-0.632216,-3.534932,0.873951,-2.537269,3.280859,1.241434,1.917605,3.856653,3.046512,2.393885,-4.034556,0.430617,3.115741,5.841863,0.140692,-2.931131,3.843301,0.821428,6.678598,2.584298,-4.034556,5.841863,0.317853,0.2
132,0.1741531739370069,1.655849833424881,116,41,1.5197606502127858,0.7694513396466319,0.2981477381656703,5,0.1187279998219301,-0.510813,-3.907020,0.611142,1.396428,2.742232,1.144998,0.759894,2.359817,2.813955,-2.074331,2.397031,-2.544590,0.007801,-1.207850,3.688074,-1.941092,5.615021,2.372404,-1.033677,-0.228587,-3.258262,0.864680,-2.321937,3.076511,1.112183,1.891396,3.810940,2.938440,2.617239,-4.053206,0.338785,3.044435,6.081057,0.158256,-3.122218,3.918342,0.821041,6.830470,2.613517,-4.053206,6.081057,0.314152,0.2
304,0.7067781743377517,1.5494943320478904,142,54,1.4721276721181473,0.7351897819382044,0.34461295680211335,34,0.12260566030065817,-0.570016,-3.815941,0.555592,1.459471,2.748260,1.300571,0.785880,2.278756,2.775066,-2.078758,2.403100,-2.455069,0.059458,-1.119367,3.684194,-2.007559,5.560360,2.301140,-0.969674,-0.422519,-3.447999,0.847493,-2.407918,3.186025,1.113888,1.946119,3.796521,3.025160,2.598403,-4.031181,0.390077,3.098260,5.972038,0.122923,-2.981384,3.852642,0.820945,6.784235,2.604656,-4.031181,5.972038,0.315184,0.3
88,0.17619476910728732,1.703762568933909,23,55,1.4536888414840141,0.8383844334559684,0.36246101595924307,5,0.06737450029093232,-0.201910,-3.861133,0.525525,1.053718,2.801028,1.030641,0.978851,2.232694,2.570660,-1.930324,2.504510,-2.417496,0.217574,-1.310578,3.900447,-1.820805,5.185332,2.271737,-1.073075,-0.195550,-3.232538,1.016938,-2.245797,2.903999,1.252393,1.773724,3.769541,2.774806,2.508138,-3.858704,0.504195,3.308811,5.743677,-0.152364,-3.088658,4.092710,0.820353,6.463213,2.542285,-3.861133,5.743677,0.322683,0.2
344,0.8854755237390213,1.4043133099715195,30,55,1.4226652792226606,0.6939637251895237,0.17073821084243818,7,0.2496041265239532,-0.890674,-3.785985,0.641501,1.715615,2.714591,2.006585,0.683100,2.484247,2.686006,-2.025646,2.407969,-2.347647,0.455671,-1.293379,3.793301,-1.869198,4.970003,1.977931,-0.943801,-0.773108,-3.556775,0.908458,-2.723434,3.241940,1.380956,1.951004,3.881052,3.021896,2.249090,-4.059947,0.350784,3.174979,5.888350,0.251347,-2.973514,3.927324,0.820016,6.767383,2.601419,-4.059947,5.888350,0.315219,0.2
476,0.19640313564915973,1.368342596568988,19,56,1.4589049436177743,0.8298798651085488,0.15077916753328216,29,0.13387897951268443,-0.807409,-3.812031,0.657879,1.716716,2.636061,2.256101,0.610758,2.588813,2.663515,-1.983883,2.385928,-2.483227,0.604086,-1.383758,3.827279,-1.958472,4.808746,1.883952,-0.976562,-0.823138,-3.512865,0.997326,-2.821542,3.198560,1.425654,2.049352,3.851603,2.866226,2.159316,-4.038142,0.408613,3.214754,5.913676,0.371363,-3.058610,4.071582,0.819673,6.821989,2.611894,-4.038142,5.913676,0.313823,0.2
406,0.20107557447291496,1.3280579090193858,23,55,1.515820292862392,0.744145749157008,0.3371132742503342,24,0.11605944122802006,-0.791530,-3.880540,0.666023,1.716339,2.555140,2.334437,0.576706,2.724829,2.587928,-1.891898,2.400299,-2.598806,0.665819,-1.451192,3.786441,-1.931154,4.819086,1.907770,-0.937577,-0.909391,-3.489957,1.073080,-2.872824,3.067627,1.445140,2.082462,3.785261,2.900696,2.164247,-4.167273,0.501150,3.196565,6.055098,0.479368,-3.125398,4.056057,0.819445,6.925955,2.631721,-4.167273,6.055098,0.311372,0.2
328,0.18708297720021427,1.4684098342444039,18,48,1.3608633429912955,0.8008154483183135,0.30734760129802474,46,0.29219060937990804,-0.578915,-3.725504,0.599199,1.576604,2.820610,1.801356,0.724382,2.375325,2.641992,-2.110488,2.385261,-2.378648,0.393234,-1.223914,3.878659,-1.874853,4.913475,1.921230,-0.982415,-0.622418,-3.507536,0.860048,-2.586231,3.337036,1.300460,2.002429,3.831378,2.875551,2.320046,-4.020222,0.441330,3.209200,5.689999,0.142786,-2.913708,3.978767,0.819320,6.591750,2.567440,-4.020222,5.689999,0.319119,0.3
52,0.3167271437508191,1.549888735811118,46,60,1.385694279784418,0.7180331685797356,0.24901757955679443,15,0.18028471814253816,-0.500383,-3.714885,0.543106,1.475006,2.830148,1.393994,0.770047,2.265978,2.701407,-2.145789,2.388481,-2.365460,0.235611,-1.126303,3.808764,-1.871627,5.241642,2.060816,-1.031588,-0.447268,-3.495206,0.827495,-2.404854,3.215746,1.115343,1.897116,3.770297,3.038561,2.517035,-4.034993,0.514298,3.150940,5.843977,0.068678,-2.906445,3.859905,0.819155,6.605617,2.570140,-4.034993,5.843977,0.318720,0.2
108,0.19091153652457687,1.4121890875048313,16,41,1.3651113417208531,0.7788908371955854,0.3563145763163666,10,0.10378644679268516,-0.726668,-3.738106,0.608352,1.643383,2.785013,2.056745,0.671333,2.497543,2.646109,-1.998586,2.349379,-2.358611,0.471420,-1.300138,3.828183,-1.800897,4.814970,1.907109,-1.035093,-0.759290,-3.482423,0.912099,-2.688694,3.360495,1.351947,2.022710,3.879992,2.826666,2.078991,-4.039640,0.382023,3.287136,5.701793,0.187672,-2.939952,4.072189,0.818754,6.636611,2.576162,-4.039640,5.701793,0.317819,0.2
85,0.12709605947523306,1.6548648184409962,15,55,1.8064749116374414,0.7476940398692509,0.3084835304873824,7,0.095878765856639,-0.305248,-3.926024,0.594483,1.273568,2.806419,1.237499,0.603103,2.444741,2.852883,-2.165065,2.327333,-2.586861,0.201486,-1.431944,3.795030,-1.954582,5.571719,2.586392,-1.088246,-0.129988,-3.254237,0.898120,-2.090364,3.087470,1.129124,1.988285,3.904812,2.834638,2.443587,-4.074460,0.024551,2.943074,6.035657,0.060319,-3.232066,4.056551,0.818382,6.905178,2.627771,-4.074460,6.035657,0.311436,0.2
86,0.21559925891555776,1.840488420926056,25,45,1.6297575309996775,0.7750802251994298,0.23047834372261483,9,0.1041444508331869,-0.134973,-3.992378,0.721970,1.253772,2.718046,0.880773,0.708516,2.541404,2.769920,-2.195217,2.370598,-2.676613,0.126272,-1.475700,3.859067,-1.731082,5.437131,2.539579,-1.216819,0.128628,-2.991307,0.940791,-2.122919,2.919439,1.208403,1.741448,3.872395,2.671888,2.585946,-4.093653,0.343940,2.879447,6.037295,0.140924,-3.313293,3.977557,0.817533,6.759812,2.599964,-4.093653,6.037295,0.314440,0.2
176,0.1453625794423651,1.3697904970311943,27,36,1.444392736694734,0.6877642174285112,0.25563659146758255,7,0.137860902305854,-0.878337,-3.786664,0.636563,1.739201,2.619283,2.112551,0.676317,2.578369,2.672406,-1.971670,2.400235,-2.434474,0.589318,-1.325471,3.817916,-1.877779,4.866110,1.923806,-0.983390,-0.818155,-3.520911,0.968519,-2.809614,3.187784,1.366411,1.988865,3.846767,2.958757,2.194813,-4.080371,0.361092,3.210191,5.912097,0.324187,-3.015091,3.973670,0.817314,6.784795,2.604764,-4.080371,5.912097,0.313777,0.2
50,0.3196278461088371,1.5169534221444916,46,59,1.3588680222721692,0.7080251338892314,0.24581299425831957,15,0.18271553448397881,-0.546375,-3.691109,0.540412,1.515227,2.824913,1.474108,0.759177,2.259517,2.681542,-2.141532,2.390665,-2.327325,0.269764,-1.117908,3.807187,-1.858734,5.178824,1.990229,-1.029646,-0.506103,-3.537385,0.817592,-2.457256,3.256842,1.152238,1.900055,3.766400,3.035199,2.479885,-4.038544,0.513623,3.177716,5.804692,0.074428,-2.865458,3.859542,0.817011,6.582416,2.565622,-4.038544,5.804692,0.318446,0.2
434,0.32986355515269344,1.5023289849669446,135,49,1.429903269475153,0.7385709730858082,0.3141517676231883,30,0.12208675338007399,-0.661109,-3.782016,0.569638,1.529930,2.745778,1.452845,0.756982,2.284823,2.731420,-2.060135,2.400701,-2.389363,0.134075,-1.134669,3.683694,-1.967560,5.443403,2.160130,-0.996237,-0.529926,-3.499218,0.835835,-2.501386,3.248067,1.186482,1.941328,3.797208,3.000259,2.518911,-4.043031,0.396179,3.150646,5.905835,0.145565,-2.928987,3.885155,0.816979,6.743130,2.596754,-4.043031,5.905835,0.314616,0.3
57,0.2857150047396148,1.4396567083390084,73,60,1.4074975878393268,0.7173674269967274,0.2519712870285417,18,0.18364116091674235,-0.823316,-3.781941,0.596818,1.666613,2.743734,1.773311,0.685894,2.387252,2.700638,-2.008248,2.404713,-2.310524,0.232444,-1.212529,3.647106,-1.838902,5.229290,1.925855,-0.971487,-0.635012,-3.525816,0.822596,-2.674210,3.286089,1.289131,1.953141,3.836727,2.964304,2.329659,-4.069024,0.409028,3.211876,5.885713,0.234067,-2.913092,3.946281,0.816616,6.722042,2.592690,-4.069024,5.885713,0.314969,0.2
459,0.9379046645544684,1.6884792662315928,38,52,1.452113385657592,0.7726601126647434,0.31975373842201554,30,0.1147363128559916,-0.353588,-3.862102,0.627499,1.351205,2.812178,1.192167,0.734771,2.383971,2.755859,-2.174653,2.378758,-2.504812,0.200054,-1.242687,3.793129,-1.856383,5.322545,2.180151,-1.151444,-0.236286,-3.276492,0.874385,-2.277244,3.077201,1.186392,1.799441,3.779058,2.891521,2.566572,-4.065408,0.539365,3.020554,5.963961,0.095678,-3.056807,3.831960,0.813902,6.648072,2.578386,-4.065408,5.963961,0.315663,0.2
291,0.9307286827380632,1.626069077695979,14,46,1.9791265810256415,0.971212801600116,0.3351942790897612,32,0.10631841222727487,-0.303853,-3.976664,0.568185,1.256427,2.737289,1.165543,0.829940,2.390719,2.868809,-2.215306,2.310034,-2.539138,0.203344,-1.516205,3.739707,-1.959909,5.765368,2.663588,-1.101877,-0.117427,-3.305809,0.820128,-1.965289,3.141373,1.183977,1.985505,3.941596,2.754697,2.466647,-4.107879,-0.139430,2.802971,6.009318,0.047379,-3.290522,4.127112,0.812232,6.987809,2.643447,-4.107879,6.009318,0.307262,0.2
375,0.9819911207249719,1.5934604782178154,28,55,1.3528131253794926,0.6991504955250619,0.1964889146938344,36,0.28589618409742834,-0.458178,-3.735602,0.568454,1.465544,2.799219,1.278966,0.794780,2.322015,2.716526,-2.162554,2.396151,-2.391274,0.298418,-1.133006,3.920127,-1.791186,5.069475,2.127048,-1.107812,-0.392403,-3.423305,0.831542,-2.412632,3.239645,1.118973,1.826406,3.782954,3.015173,2.467953,-4.042356,0.439993,3.146157,5.679904,0.045769,-2.896884,3.828036,0.812001,6.514642,2.552380,-4.042356,5.679904,0.318135,0.3
361,0.7592640069469218,1.9572892878727624,23,50,1.5767925713767161,0.7615773431950275,0.1695665262511937,35,0.2827408496847666,0.018338,-4.071884,0.785711,1.168387,2.684872,0.721548,0.648379,2.630921,2.813899,-2.216545,2.336791,-2.752849,0.036414,-1.554914,3.865393,-1.678090,5.345524,2.546510,-1.344805,0.333776,-2.807349,0.980086,-2.029574,2.837327,1.242550,1.651365,3.826263,2.487364,2.572542,-4.124885,0.436214,2.848913,6.036842,0.209307,-3.374363,4.072516,0.810625,6.728901,2.594013,-4.124885,6.036842,0.312498,0.2
461,0.550202506187024,1.5126481468257238,130,47,1.4026924807180456,0.78552109718649,0.3567740459654512,34,0.12932055434949635,-0.637468,-3.771448,0.553827,1.517335,2.756578,1.408045,0.764860,2.261916,2.725385,-2.065903,2.402798,-2.381984,0.115933,-1.125671,3.698063,-1.955949,5.391357,2.133415,-1.011141,-0.501529,-3.500830,0.813070,-2.479529,3.257412,1.165409,1.915996,3.771020,2.982207,2.519816,-4.052109,0.391836,3.164209,5.843097,0.120026,-2.898442,3.873908,0.810153,6.686529,2.585832,-4.052109,5.843097,0.313305,0.3
78,0.1412735143837112,1.904112380348677,24,44,1.6852603777845552,0.8260164782144608,0.352015005400105,9,0.12358328175650962,-0.066381,-4.059284,0.777859,1.208483,2.685405,0.752399,0.662678,2.575660,2.878762,-2.225235,2.343497,-2.689700,0.096693,-1.551407,3.821656,-1.719509,5.424236,2.592558,-1.320014,0.268906,-2.903372,0.934632,-2.042968,2.878737,1.227308,1.692546,3.868389,2.545126,2.583516,-4.129332,0.310130,2.838604,6.046756,0.163725,-3.352486,4.037433,0.809889,6.779256,2.603700,-4.129332,6.046756,0.311053,0.2
391,0.5237556201193188,1.573914897767897,26,34,1.2979623336285817,0.8220661898005863,0.43030987809334226,33,0.2579318802212198,-0.450013,-3.688172,0.546852,1.492151,2.799726,1.335548,0.802392,2.303333,2.639799,-2.151969,2.404434,-2.360682,0.332737,-1.138011,3.933672,-1.724002,4.955374,2.042386,-1.115695,-0.414250,-3.452981,0.810510,-2.440982,3.308906,1.164664,1.817333,3.754567,2.918817,2.424556,-4.043600,0.536974,3.179904,5.567284,0.033751,-2.833292,3.818474,0.808625,6.408783,2.531557,-4.043600,5.567284,0.319418,0.2
281,0.5051380432239132,1.4850786784973484,117,51,1.3791463651615532,0.7248447460901024,0.35564074645449445,35,0.09619762796957024,-0.720787,-3.766422,0.566955,1.586381,2.740231,1.526626,0.738663,2.292337,2.708172,-2.046903,2.406971,-2.335927,0.149432,-1.123750,3.690299,-1.885429,5.291053,2.011202,-1.014896,-0.547118,-3.490965,0.800945,-2.567873,3.300823,1.235822,1.904573,3.776351,2.942243,2.449972,-4.060848,0.358214,3.192908,5.827643,0.152100,-2.882488,3.895962,0.808402,6.655327,2.579792,-4.060848,5.827643,0.313359,0.3
106,0.13510151038172624,1.3671520948237905,27,48,1.442913653550218,0.7977252728213465,0.26198448653518835,6,0.09127440706436407,-0.878109,-3.788595,0.640805,1.746165,2.617206,2.121103,0.429755,2.553857,2.674605,-1.965858,2.403498,-2.437905,0.596576,-1.326919,3.821576,-1.877395,4.852580,1.916320,-0.987624,-0.823352,-3.519517,0.971138,-2.815238,3.185026,1.369958,1.987117,3.841580,2.957169,2.193209,-4.084301,0.353889,3.213089,5.912145,0.331019,-3.011040,3.922924,0.808235,6.776227,2.603119,-4.084301,5.912145,0.310487,0.2
91,0.10202673706256504,1.6352728982506166,27,52,1.3342116559144477,0.6910803043664066,0.3439675130494519,9,0.12632342007040143,-0.396926,-3.732713,0.563556,1.446513,2.785820,1.242771,0.788601,2.353360,2.711368,-2.170659,2.385567,-2.408515,0.286271,-1.178505,3.923066,-1.732873,5.015537,2.121405,-1.150806,-0.313305,-3.378952,0.833664,-2.390340,3.236830,1.134105,1.790347,3.765362,2.910595,2.445508,-4.063976,0.454435,3.151507,5.628291,0.038741,-2.897594,3.862264,0.807231,6.459340,2.541523,-4.063976,5.628291,0.317617,0.2
418,0.9783985148335294,1.6948290835277733,16,57,1.3531157107529417,0.7787761477214913,0.3381945712279241,34,0.13147547293667297,-0.241495,-3.816367,0.588538,1.363890,2.837085,1.297091,0.729205,2.430999,2.704047,-2.132666,2.328165,-2.511735,0.210130,-1.246179,3.908576,-1.712560,5.000154,2.134386,-1.243151,-0.256244,-3.226696,0.869140,-2.302158,3.208586,1.169898,1.844479,3.769985,2.712121,2.331542,-4.057852,0.436177,3.182191,5.648183,0.034441,-2.986899,4.014072,0.806086,6.469502,2.543521,-4.057852,5.648183,0.316917,0.2
56,0.27738608320450514,1.4021744682024815,68,60,1.357198549148795,0.7087093223435151,0.2551683331533967,16,0.18018325330088078,-0.814307,-3.760938,0.618968,1.731354,2.672621,1.934232,0.633702,2.440720,2.678694,-1.964859,2.383159,-2.286803,0.319052,-1.252952,3.620129,-1.811512,5.037289,1.749355,-1.008655,-0.704933,-3.531138,0.822006,-2.791028,3.276662,1.391533,1.907075,3.779961,2.912952,2.229801,-4.100375,0.432403,3.289198,5.803923,0.270466,-2.894577,4.001921,0.805975,6.655985,2.579919,-4.100375,5.803923,0.312403,0.2
79,0.1622043749341635,1.7625535418578684,29,47,1.7614879191775081,0.7830317182802907,0.2877013664642319,5,0.0999505408577798,-0.294718,-3.987161,0.684764,1.285692,2.725472,1.017543,0.532322,2.459147,2.897651,-2.219862,2.367218,-2.583188,0.119526,-1.447848,3.794613,-1.858814,5.525207,2.582247,-1.170036,0.028694,-3.153962,0.859294,-2.123137,2.960738,1.159304,1.789980,3.902224,2.852127,2.590738,-4.093144,0.150278,2.829909,6.051678,0.120951,-3.284046,3.932358,0.805660,6.854766,2.618161,-4.093144,6.051678,0.307720,0.2
62,0.3444608182660613,1.490418747091841,49,53,1.272680789836834,0.7611373522465174,0.2954918567855098,19,0.15948614215733162,-0.561565,-3.666550,0.564710,1.592741,2.800374,1.574314,0.723205,2.254826,2.647799,-2.127524,2.395243,-2.263991,0.309858,-1.133364,3.775736,-1.777743,5.017160,1.814486,-1.067918,-0.553890,-3.601655,0.761058,-2.552500,3.342383,1.250173,1.867854,3.722025,2.961948,2.372178,-4.061355,0.482169,3.224397,5.674976,0.113825,-2.767736,3.890513,0.805504,6.485003,2.546567,-4.061355,5.674976,0.316310,0.2
3,0.6467903667112945,1.6167946962329223,82,5,1.9312640661491187,0.5325257964926398,0.476998491764,38,0.07604151339556871,-0.430833,-3.966960,0.546949,1.341361,2.672497,1.064943,0.714832,2.317634,2.934950,-2.191681,2.366391,-2.457381,0.020084,-1.393745,3.557729,-1.971793,5.873717,2.521155,-1.117665,-0.059045,-3.314188,0.711546,-2.155315,3.079609,1.147940,1.901818,3.885578,2.940333,2.597907,-4.055604,-0.056221,2.835365,6.100941,0.141113,-3.213833,4.009612,0.802771,6.966212,2.639358,-4.055604,6.100941,0.304154,0.4
90,0.1345291319764927,1.9168834866407605,14,54,1.7294936056610555,0.7934012555925992,0.31491075601629087,11,0.11734298183397951,0.032469,-4.104813,0.761151,1.140939,2.671026,0.807849,0.705607,2.607257,2.816062,-2.218629,2.284190,-2.750187,0.083532,-1.614480,3.815802,-1.742517,5.543162,2.596720,-1.306568,0.245643,-2.893137,0.931630,-1.919316,2.898547,1.232952,1.740446,3.829788,2.423055,2.467647,-4.128649,0.170560,2.871498,6.054719,0.078153,-3.395263,4.162746,0.802766,6.829671,2.613364,-4.128649,6.054719,0.307177,0.2
21,0.9103762514469974,1.7942205199051542,44,55,1.4519113577404787,0.6695148955243504,0.2071443085756974,10,0.20093739346378237,-0.209747,-3.887973,0.672855,1.317069,2.768111,1.005544,0.660614,2.444169,2.760714,-2.202850,2.359625,-2.548502,0.081113,-1.350676,3.804499,-1.763548,5.361433,2.222589,-1.257984,-0.034919,-3.152021,0.872559,-2.239964,2.982917,1.211544,1.713012,3.756273,2.744180,2.540163,-4.108514,0.495578,3.030696,5.988365,0.089533,-3.136341,3.906271,0.802677,6.652547,2.579253,-4.108514,5.988365,0.311205,0.2
98,0.2532831316300381,1.6732507189391406,27,48,1.3190156510824405,0.8622955665253053,0.23840531010328586,13,0.1491359602098971,-0.339598,-3.746012,0.588080,1.433398,2.778675,1.181340,0.759794,2.370529,2.720372,-2.182682,2.384351,-2.415947,0.272434,-1.203535,3.930800,-1.695186,4.978622,2.112873,-1.203730,-0.246995,-3.326655,0.829599,-2.374037,3.217812,1.155288,1.744742,3.748876,2.853537,2.442267,-4.082013,0.438379,3.146824,5.605032,0.040914,-2.898636,3.872796,0.802564,6.423724,2.534507,-4.082013,5.605032,0.316655,0.2
63,0.349341249515587,1.5654725986443483,49,53,1.2735674593675832,0.7559230150340163,0.23656629046772185,14,0.15683697681340103,-0.418385,-3.681431,0.542635,1.499771,2.818788,1.362077,0.749666,2.229694,2.673904,-2.160096,2.385937,-2.312714,0.241368,-1.112991,3.798151,-1.770256,5.063814,1.894976,-1.111825,-0.420300,-3.534449,0.744490,-2.438145,3.292858,1.158324,1.824993,3.688429,2.952958,2.437502,-4.058005,0.508568,3.200267,5.646365,0.056441,-2.784859,3.876498,0.801251,6.436033,2.536934,-4.058005,5.646365,0.315834,0.2
117,0.14081246272945888,1.4489749253793123,12,38,1.2434656197113938,0.7694527135294271,0.24249523849765592,13,0.12161434854661327,-0.623598,-3.724065,0.523398,1.547878,2.814662,1.883695,0.788053,2.392137,2.521195,-2.117553,2.322410,-2.235237,0.477053,-1.224881,3.827429,-1.742797,4.787225,1.827052,-0.977797,-0.772092,-3.507956,0.833907,-2.594461,3.530314,1.381101,1.951259,3.775018,2.809697,2.133028,-4.098040,0.327483,3.285588,5.459148,0.090705,-2.753629,3.926175,0.801208,6.434109,2.536555,-4.098040,5.459148,0.315865,0.2
54,0.28938648532480704,1.7445110821521892,45,60,1.392381603589655,0.7107862617242451,0.2509639004524501,16,0.1886702221095405,-0.259295,-3.818846,0.634707,1.359245,2.773470,1.091147,0.682503,2.389972,2.733453,-2.205184,2.363641,-2.468714,0.132363,-1.282026,3.816507,-1.744948,5.236738,2.110098,-1.240236,-0.116871,-3.234103,0.833994,-2.301041,3.063176,1.194014,1.722521,3.729696,2.787525,2.512977,-4.099556,0.502019,3.078868,5.863266,0.088905,-3.033971,3.933867,0.800830,6.554707,2.560216,-4.099556,5.863266,0.312798,0.2
105,0.2278958110182765,1.2788897992530188,23,46,1.5321120160950423,0.8362247390943105,0.17274788209102004,8,0.07618803475053389,-0.684256,-3.928649,0.625703,1.326640,2.472285,2.465499,0.565373,2.621218,2.500636,-1.714570,2.410693,-2.726957,0.765377,-1.508075,3.742556,-1.918891,4.687859,1.805432,-0.902918,-0.985934,-3.478500,1.111947,-3.002681,2.950361,1.494199,2.109486,3.673867,2.888338,2.119158,-4.240082,0.498679,3.376937,6.120485,0.524387,-3.144404,4.207637,0.800801,6.953984,2.637041,-4.240082,6.120485,0.303674,0.2
343,0.731518295982866,1.2704456902430261,19,45,1.5698859606179592,0.8312552946424016,0.40139382478965024,8,0.26889063232554644,-0.619797,-3.948008,0.717140,1.748919,2.448950,2.536187,0.370387,2.923519,2.535429,-1.835633,2.396106,-2.783071,0.790705,-1.544490,3.718893,-1.986467,4.650677,1.765355,-0.993578,-0.969801,-3.482619,1.109927,-3.074461,2.903202,1.508805,2.140906,3.650511,2.859597,2.094167,-4.267241,0.448544,3.325580,6.162770,0.529231,-3.184929,4.116373,0.798939,7.063773,2.657776,-4.267241,6.162770,0.300604,0.2
417,0.5457695924798884,1.871217208339241,25,53,1.4263144948504773,0.7141135271571186,0.4232273317046374,32,0.28015873419733867,-0.050994,-3.928532,0.721405,1.277547,2.710738,0.861854,0.664002,2.544536,2.708789,-2.220258,2.360386,-2.605653,0.140656,-1.430760,3.910926,-1.595157,5.137339,2.313940,-1.336210,0.134951,-2.976353,0.896130,-2.201365,2.978324,1.257255,1.626442,3.775710,2.562678,2.499655,-4.120191,0.453345,2.988252,5.800266,0.096658,-3.168145,3.969447,0.798823,6.512588,2.551977,-4.120191,5.800266,0.313021,0.3
387,0.7188430445345559,1.5931212798386576,24,50,1.203710164406101,0.7402256087253483,0.10747116483277719,35,0.28402650580053074,-0.367162,-3.678408,0.548302,1.498761,2.797094,1.315423,0.768335,2.267262,2.673606,-2.183910,2.382752,-2.294869,0.360135,-1.145408,3.953937,-1.655559,4.779168,1.942682,-1.198343,-0.410601,-3.446955,0.787565,-2.443274,3.362893,1.200478,1.766163,3.711221,2.803166,2.377238,-4.081958,0.580817,3.226325,5.404322,0.005808,-2.745019,3.868175,0.798060,6.291494,2.508285,-4.081958,5.404322,0.318170,0.2
111,0.16969343125999725,1.5759664680550565,17,54,1.427293369523605,0.817638323693195,0.3030049012479627,8,0.03907233569979979,-0.269434,-3.735077,0.476696,0.940514,2.911198,1.240495,0.913747,2.010989,2.419753,-2.046809,2.344953,-2.404733,0.159552,-1.357853,3.689438,-1.666855,5.082349,2.004429,-0.783692,-0.287164,-3.414008,0.929058,-2.256778,2.911169,1.217106,2.120718,3.760004,2.806471,2.340787,-3.872865,0.391188,3.521095,5.719343,-0.108119,-3.081319,4.089404,0.797660,6.380062,2.525879,-3.872865,5.719343,0.315795,0.2
55,0.3085224796733508,1.612741943279934,71,59,1.9980896078178896,0.7245492200989829,0.2505421941357782,16,0.18694028787179573,-0.425669,-3.963551,0.523161,1.324503,2.695477,1.006364,0.723054,2.294225,2.981171,-2.213658,2.361277,-2.442434,0.007705,-1.433642,3.545256,-1.971030,5.945408,2.556428,-1.133225,-0.031964,-3.354790,0.681152,-2.106463,3.087587,1.149997,1.930501,3.901550,2.919002,2.588000,-4.131451,-0.080889,2.769433,6.095459,0.120765,-3.244995,4.027198,0.797248,7.027132,2.650874,-4.131451,6.095459,0.300749,0.2
34,0.34374902613586683,1.6719602410244117,82,49,1.9252968293558501,0.5392281906711329,0.061407834536955884,23,0.14852228359052175,-0.385718,-3.996617,0.564110,1.310013,2.667190,0.930739,0.711100,2.318964,2.935653,-2.198086,2.362915,-2.498128,0.017373,-1.414633,3.529288,-1.931042,5.861415,2.550622,-1.177414,0.040543,-3.263827,0.703693,-2.108509,3.033574,1.165672,1.888936,3.867729,2.870170,2.582064,-4.126763,0.040385,2.820791,6.093563,0.128439,-3.236358,4.026022,0.796774,6.950900,2.636456,-4.126763,6.093563,0.302214,0.2
60,0.2084267317456728,1.3031076657790628,31,57,1.5087388201701009,0.6379487823886383,0.18760710832209743,13,0.18542517793224,-0.828128,-3.914429,0.682959,1.767697,2.512833,2.291247,0.500203,2.760024,2.577177,-1.863058,2.413036,-2.648387,0.649502,-1.404843,3.697474,-1.921532,4.793117,1.789583,-0.967453,-0.984521,-3.517156,1.037346,-2.951975,2.972993,1.469450,2.036721,3.704891,2.992865,2.163909,-4.248136,0.439500,3.235790,6.123672,0.424074,-3.105610,3.981081,0.796164,6.958816,2.637957,-4.248136,6.123672,0.301811,0.2
262,0.6780367745060968,1.507498768064583,22,52,1.1207929959478302,0.7566723730139367,0.32056745139271525,25,0.1009945907881013,-0.462510,-3.596187,0.497415,1.570611,2.807596,1.520455,0.765967,2.228202,2.584050,-2.183725,2.380210,-2.216589,0.429728,-1.100361,3.979371,-1.662045,4.645291,1.762229,-1.154163,-0.525194,-3.561284,0.755068,-2.543719,3.503114,1.286703,1.801868,3.680516,2.820966,2.300953,-4.073226,0.638412,3.263077,5.253674,0.017688,-2.661008,3.883645,0.795467,6.235557,2.497110,-4.073226,5.253674,0.318555,0.2
76,0.15113129428749378,1.9990754425899464,12,43,1.5629247224640404,0.8105551239621818,0.3212646021819851,8,0.10896158476658013,0.142897,-4.158480,0.785715,1.008287,2.704831,0.700256,0.685182,2.684748,2.747092,-2.222867,2.268408,-2.784059,0.019283,-1.621800,3.822440,-1.690047,5.417865,2.594099,-1.338192,0.299739,-2.727332,0.992160,-1.938310,2.826445,1.302881,1.654943,3.752357,2.385260,2.512379,-4.154845,0.175037,2.892568,6.077713,0.137975,-3.394529,4.072923,0.795362,6.757688,2.599555,-4.158480,6.077713,0.305961,0.2
125,0.12884513287935176,1.304720476070121,26,49,1.7775196959739605,0.8591295528112016,0.25744338982443715,12,0.12614124790041104,-0.756540,-3.914546,0.715768,1.721242,2.453488,2.249421,0.484662,2.820204,2.632366,-1.913207,2.405020,-2.640175,0.704759,-1.599424,3.666642,-1.911036,4.913708,1.962923,-1.035873,-0.801996,-3.454982,1.006938,-2.884791,2.943498,1.554339,2.037827,3.760916,2.838662,2.145181,-4.303808,0.202570,3.119636,6.160222,0.481603,-3.238629,4.054040,0.793906,7.024804,2.650435,-4.303808,6.160222,0.299538,0.2
99,0.12104228302512951,1.4502882994588195,19,46,1.1895551053503357,0.892693398145609,0.2798695495477199,7,0.1144558303949818,-0.587527,-3.617627,0.576671,1.661397,2.775934,1.816093,0.478008,2.325796,2.605299,-2.148826,2.390819,-2.237833,0.514611,-1.197259,3.922475,-1.729985,4.611007,1.700568,-1.112979,-0.662959,-3.589596,0.801451,-2.682464,3.474962,1.382614,1.875771,3.761282,2.788816,2.191845,-4.048014,0.476059,3.300151,5.386417,0.119283,-2.726341,3.954440,0.793065,6.374914,2.524859,-4.048014,5.386417,0.314103,0.2
312,0.9679212023013852,1.6106871022609437,19,48,1.3969541404964056,0.8623562616366076,0.2303811935808999,32,0.03310873083201521,-0.350655,-3.834571,0.534320,1.212918,2.577898,1.255277,0.891805,2.248166,2.510495,-2.055049,2.363850,-2.459355,0.282101,-1.194383,3.874577,-1.854800,5.041983,2.072581,-1.150028,-0.212501,-3.383847,0.898347,-2.364433,3.146486,1.145681,1.904315,3.725513,2.858677,2.410880,-3.908303,0.417367,3.203405,5.712932,0.006775,-2.979637,3.915332,0.790670,6.413203,2.532430,-3.908303,5.712932,0.312218,0.2
494,0.31029306156860215,1.301848392154908,24,56,1.383067813805518,0.8365629972062512,0.09466963144886256,7,0.29698506012041864,-0.677463,-3.824854,0.673163,1.775657,2.514162,2.297677,0.483572,2.731271,2.563447,-1.898626,2.401927,-2.556516,0.783723,-1.440218,3.779391,-1.803045,4.484006,1.663331,-1.057810,-0.970420,-3.529904,0.990379,-2.996936,3.081366,1.494661,1.989553,3.679457,2.813646,2.080949,-4.259944,0.509260,3.370846,5.796545,0.388239,-2.945075,4.055624,0.790029,6.734108,2.595016,-4.259944,5.796545,0.304441,0.2
30,0.9219164973008241,1.4039337545154067,124,53,1.2999278615555303,0.7507581473435998,0.40923283053504883,50,0.1680624476924532,-0.857144,-3.715381,0.603593,1.718445,2.649032,1.852996,0.616908,2.370935,2.658757,-2.009643,2.396190,-2.266860,0.321510,-1.217523,3.649751,-1.851063,4.986236,1.761053,-1.076464,-0.746264,-3.552320,0.801492,-2.804483,3.339539,1.452477,1.862080,3.755637,2.826385,2.259344,-4.105813,0.299633,3.311022,5.686032,0.217844,-2.823629,3.979438,0.787493,6.603878,2.569801,-4.105813,5.686032,0.306441,0.3
469,0.9986234206198771,1.4785792129167268,25,52,1.156375961376395,0.7282563528354387,0.19745890310810285,35,0.06220318801484667,-0.519528,-3.606654,0.517878,1.447307,2.667200,1.593247,0.829049,2.172500,2.539900,-2.131609,2.410648,-2.153273,0.470193,-1.144361,3.958905,-1.620336,4.690393,1.748703,-1.146878,-0.609105,-3.567363,0.774399,-2.622043,3.464191,1.326054,1.802797,3.724639,2.826101,2.273356,-4.079887,0.432282,3.304974,5.361032,0.034725,-2.688566,3.800931,0.785606,6.254519,2.500904,-4.079887,5.361032,0.314129,0.3
26,0.12188436978830847,1.829728780440897,37,19,1.9078571540051747,0.5885553397035245,0.47320636295881147,45,0.2042775198949353,-0.142808,-4.047682,0.652591,1.173085,2.675597,0.779540,0.643199,2.458148,2.939857,-2.315921,2.341188,-2.596020,0.091460,-1.562021,3.633600,-1.867977,5.694701,2.534026,-1.338099,0.211233,-3.094441,0.787512,-1.958470,2.913201,1.264059,1.718772,3.869280,2.682897,2.613641,-4.149914,0.032256,2.703688,6.122014,0.067609,-3.358677,3.983577,0.782075,6.905704,2.627871,-4.149914,6.122014,0.297608,0.3
33,0.14651354905174693,1.9517041589250692,40,7,1.452182667445323,0.7703175608050532,0.33684345567419294,39,0.17346575052339996,-0.015732,-4.003341,0.789096,1.211669,2.685158,0.730621,0.563853,2.568045,2.818211,-2.242079,2.330520,-2.650950,0.019931,-1.481245,3.797656,-1.664917,5.268337,2.269296,-1.473300,0.272171,-2.878430,0.879131,-2.122860,2.847139,1.288373,1.525888,3.705450,2.499237,2.543017,-4.148360,0.434642,2.943866,5.971792,0.130175,-3.246134,3.955609,0.781154,6.594401,2.567956,-4.148360,5.971792,0.304193,0.3
398,0.9278690434172419,1.199966156636394,29,55,1.5276793832771935,0.7478657119359629,0.36211655921006325,22,0.11220071422528882,-0.394381,-4.069129,0.668366,1.784740,2.298527,2.438254,0.239134,3.092545,2.531206,-1.675039,2.413854,-2.872825,0.810546,-1.513463,3.666713,-1.836004,4.502554,1.701211,-1.147508,-0.927192,-3.467194,1.096325,-3.291155,2.701921,1.543682,2.004619,3.410534,2.912292,2.041112,-4.394108,0.677494,3.539725,6.216776,0.456226,-3.164461,4.045939,0.778940,7.066403,2.658271,-4.394108,6.216776,0.293025,0.2
441,0.8990271254948289,1.4300314610225022,12,47,1.0672928970910769,0.9308993373583223,0.2976423872235903,41,0.2806250320617604,-0.604022,-3.638770,0.506360,1.613515,2.801720,1.921252,0.730095,2.354527,2.486063,-2.148952,2.318583,-2.120877,0.557509,-1.218262,3.843041,-1.626171,4.509959,1.574284,-1.064895,-0.821112,-3.550584,0.751901,-2.682209,3.641205,1.466608,1.852668,3.720302,2.718051,2.022140,-4.123399,0.330322,3.381969,5.152546,0.033550,-2.589287,3.936939,0.778794,6.245254,2.499051,-4.123399,5.152546,0.311636,0.3
479,0.16913732657551855,1.452710910353566,20,44,0.9836866590585569,0.8065947427459202,0.1656751122781597,32,0.1404695252955024,-0.520869,-3.543190,0.526038,1.703121,2.743487,1.744747,0.659631,2.255729,2.537836,-2.185261,2.379272,-2.119537,0.567051,-1.134304,3.953154,-1.594994,4.390063,1.460573,-1.220847,-0.669458,-3.636633,0.719005,-2.705814,3.622671,1.423720,1.757336,3.655849,2.753277,2.126315,-4.085753,0.611657,3.364410,5.070729,0.041076,-2.548687,3.896650,0.777724,6.153309,2.480586,-4.085753,5.070729,0.313524,0.2
246,0.985681439059696,1.5838075031097751,20,53,1.0300360388470289,0.762918258688112,0.3368468293080567,33,0.11096364896202263,-0.292057,-3.585465,0.492743,1.535334,2.783643,1.379645,0.719967,2.222476,2.586458,-2.232708,2.363262,-2.227722,0.414459,-1.084995,3.984378,-1.605862,4.539680,1.645604,-1.282638,-0.431201,-3.519197,0.711393,-2.492789,3.522095,1.272892,1.709173,3.610571,2.766190,2.275122,-4.078446,0.658154,3.300674,5.098253,-0.042174,-2.609480,3.869583,0.777139,6.106747,2.471183,-4.078446,5.098253,0.314481,0.2
486,0.2983093292849175,1.1390103654077566,22,46,1.547600117712298,0.82211124132816,0.14484807559938429,5,0.2966574248018034,-0.095043,-4.175540,0.565756,1.688571,2.197662,2.450251,0.087659,3.256438,2.551183,-1.526877,2.397619,-3.000278,0.833654,-1.622258,3.698292,-1.738675,4.322370,1.673334,-1.284710,-0.771944,-3.349302,1.161577,-3.470529,2.589293,1.639255,1.953286,3.241252,2.689337,1.950163,-4.430049,1.132295,3.711215,6.223266,0.478048,-3.215706,4.161874,0.777021,7.095205,2.663683,-4.430049,6.223266,0.291709,0.2
32,0.13361336987429298,1.5399871061972217,50,4,1.0444865201096087,0.6800953207056315,0.10717723069334815,38,0.25210215137810776,-0.387779,-3.577479,0.496779,1.563999,2.794122,1.375168,0.711468,2.152158,2.593566,-2.169462,2.381405,-2.168393,0.309448,-1.033684,3.843777,-1.649633,4.717942,1.588849,-1.241971,-0.488900,-3.612207,0.657003,-2.520624,3.446200,1.236123,1.691649,3.569472,2.859593,2.332671,-4.080198,0.504129,3.319616,5.298828,-0.032054,-2.568192,3.849682,0.771196,6.170672,2.484084,-4.080198,5.298828,0.310455,0.4
196,0.6479704980028169,1.1649356197098366,34,54,1.539906266992015,0.7144942265454883,0.31915019186068466,28,0.12323709780101379,-0.250270,-4.137300,0.618103,1.748644,2.247705,2.325101,0.149203,3.150857,2.557882,-1.586975,2.406235,-2.965835,0.759165,-1.504029,3.586598,-1.792835,4.480546,1.604917,-1.250656,-0.860972,-3.433314,1.112874,-3.357893,2.598488,1.657610,1.939653,3.289835,2.879018,2.055592,-4.447688,0.911894,3.654238,6.297357,0.429937,-3.187996,4.040106,0.770161,7.096862,2.663994,-4.447688,6.297357,0.289100,0.2
355,0.8018717831697612,1.5820582325658596,21,51,0.9400416870697854,0.7861842130686506,0.16933877927494861,34,0.2866624457663767,-0.294409,-3.539303,0.487073,1.553352,2.791817,1.385168,0.714566,2.195288,2.559442,-2.257471,2.354387,-2.158873,0.393229,-1.074184,4.011062,-1.534892,4.451034,1.586260,-1.306951,-0.438733,-3.481347,0.654546,-2.503053,3.555756,1.288317,1.685794,3.574580,2.701686,2.245927,-4.099991,0.676036,3.323890,4.969783,-0.058944,-2.549256,3.853133,0.769853,6.006989,2.450916,-4.099991,4.969783,0.314108,0.2
58,0.31177425110921136,1.726692664278749,89,53,1.219805276936692,0.7103084044342802,0.2376752924402064,17,0.1570574300197864,-0.282787,-3.794108,0.615982,1.445711,2.715986,1.042928,0.651358,2.288165,2.707747,-2.161365,2.362454,-2.369644,0.092778,-1.206117,3.726976,-1.624837,4.982943,1.871253,-1.374114,-0.122480,-3.252161,0.680680,-2.412962,3.208602,1.229189,1.630861,3.611073,2.689067,2.387223,-4.139786,0.526041,3.225756,5.535171,0.049587,-2.816518,3.925389,0.767946,6.296178,2.509219,-4.139786,5.535171,0.306050,0.2
0,0.6387926357773329,1.2022300234864176,62,45,1.7323522915498704,0.5779972601681014,0.07613762547568977,58,0.07212503291945786,-0.348618,-4.116416,0.657426,1.758485,2.250589,2.305352,0.180795,3.082965,2.608365,-1.654573,2.376357,-2.813664,0.672102,-1.611683,3.416733,-1.819461,4.829526,1.696590,-1.233690,-0.775565,-3.454732,0.994687,-3.248624,2.686171,1.652940,1.994691,3.359313,2.820454,2.063693,-4.477639,0.529164,3.495790,6.307149,0.486466,-3.271895,4.196035,0.766535,7.160064,2.675830,-4.477639,6.307149,0.286466,0.3
116,0.18432414905428804,1.2263098153639982,14,48,1.3546829388161854,0.7522889244138858,0.21278376433748689,7,0.0988700871776843,-0.359497,-3.987911,0.627444,1.759542,2.368307,2.517354,0.220594,3.025712,2.420714,-1.770580,2.322384,-2.773278,0.901729,-1.563647,3.723203,-1.768015,4.293896,1.506793,-1.138828,-1.021572,-3.508740,0.985578,-3.131642,2.998961,1.562906,2.074507,3.495659,2.681920,1.795207,-4.343997,0.611504,3.626948,5.726597,0.285582,-2.971261,4.274096,0.763005,6.826380,2.612734,-4.343997,5.726597,0.292033,0.2
5,0.5920392514089517,1.7896547008552977,103,33,1.8789978831283782,0.9847923138822793,0.39880977051250155,22,0.0799107029918923,-0.267360,-4.071242,0.614563,1.043043,2.369546,0.655811,0.697520,1.912235,2.882562,-2.116588,2.360280,-2.544412,-0.021174,-1.451543,3.500317,-1.857308,5.840000,2.534039,-1.289634,0.219017,-3.081693,0.736713,-2.088587,2.911186,1.230747,1.794759,3.817299,2.714967,2.630437,-4.055709,-0.042192,2.931818,6.119082,0.060195,-3.329685,3.991452,0.759735,6.811099,2.609808,-4.071242,6.119082,0.291108,0.2
18,0.8517722460303142,1.3551287236845648,99,8,1.1817858863764836,0.5932592551999272,0.06834881369964377,35,0.11661061754236868,-0.795894,-3.745821,0.613673,1.808152,2.535280,2.036978,0.527370,2.430382,2.577246,-1.967496,2.376296,-2.296907,0.479577,-1.228933,3.620661,-1.745835,4.580246,1.408588,-1.211915,-0.817894,-3.570000,0.757044,-2.943344,3.312977,1.491743,1.773147,3.625119,2.789185,2.099561,-4.137971,0.356843,3.448673,5.493904,0.229677,-2.718325,4.042450,0.756512,6.447670,2.539226,-4.137971,5.493904,0.297930,0.3
450,0.17785514325134102,1.5940413601328527,26,50,0.8709858987128777,0.7338517155558401,0.3183994405250748,33,0.11819630284800402,-0.288333,-3.599131,0.502906,1.568402,2.681306,1.200630,0.681973,2.159314,2.490243,-2.270457,2.389577,-2.114227,0.429707,-1.074245,3.918356,-1.417043,4.373116,1.563666,-1.402260,-0.322310,-3.500069,0.668109,-2.523402,3.423376,1.282915,1.593698,3.637689,2.666159,2.260660,-4.073895,0.584120,3.335870,4.942859,-0.165018,-2.432974,3.815523,0.749634,5.902227,2.429450,-4.073895,4.942859,0.308561,0.2
64,0.247904088097687,1.331597971556013,56,57,1.0983214220085018,0.8014722566119812,0.28553278627766104,19,0.15826195836593906,-0.640364,-3.665529,0.575705,1.818546,2.555548,2.078042,0.489834,2.466058,2.544444,-1.950273,2.371877,-2.293539,0.671574,-1.263938,3.666450,-1.677066,4.366754,1.244604,-1.216228,-0.895356,-3.654719,0.738018,-2.973230,3.264015,1.531856,1.780394,3.531502,2.783612,2.021959,-4.223386,0.392876,3.515331,5.364363,0.224679,-2.653547,4.074142,0.749028,6.367425,2.523376,-4.223386,5.364363,0.296836,0.2
11,0.382920382968694,1.5111022770860973,25,39,0.8207658460712595,0.9537832369630466,0.16218150311699372,6,0.16731408661446975,-0.324662,-3.673709,0.496082,1.662733,2.579721,1.223436,0.632669,2.046003,2.378634,-2.287566,2.430070,-2.027762,0.534354,-1.084867,3.835673,-1.343830,4.315804,1.518260,-1.354192,-0.316610,-3.568396,0.726412,-2.532968,3.348708,1.318863,1.653105,3.791629,2.653485,2.282055,-4.039141,0.553233,3.344396,4.871086,-0.258950,-2.281748,3.836064,0.748280,5.841644,2.416949,-4.039141,4.871086,0.309597,0.2
139,0.20468141665369666,1.3381665499212256,21,51,0.8864307349984349,0.7546753678492495,0.27793124287728743,6,0.1084587320775485,-0.549923,-3.591079,0.512968,1.822452,2.549678,2.100928,0.485909,2.422714,2.459364,-2.105284,2.357078,-2.204692,0.790884,-1.301291,3.858661,-1.547344,3.984569,1.181420,-1.257097,-0.883595,-3.610571,0.717853,-2.947691,3.436007,1.564791,1.750468,3.600016,2.634575,1.910482,-4.162193,0.586073,3.540883,4.869038,0.096350,-2.502518,4.044378,0.739285,6.111790,2.472204,-4.162193,4.869038,0.299039,0.2
39,0.16351187266038686,1.150948355751758,130,12,1.8804604828499152,0.513255655270811,0.3135990115730585,41,0.20345320511570522,-0.164839,-4.178397,0.614022,1.666908,2.044747,2.146837,-0.007935,3.180693,2.693186,-1.609539,2.364038,-2.874786,0.656467,-1.692392,3.389070,-1.846119,4.800736,1.760673,-1.429850,-0.640631,-3.340309,0.988246,-3.377090,2.566200,1.810263,1.875371,3.208283,2.591811,2.032599,-4.575318,0.537163,3.612354,6.295093,0.434505,-3.318696,4.258692,0.735335,7.196272,2.682587,-4.575318,6.295093,0.274114,0.3
439,0.9670873727415461,1.3837180648999434,23,53,0.7913115699401287,0.7254173739501508,0.32230625863993584,31,0.2718028251129153,-0.541234,-3.749403,0.508149,1.808673,2.397912,1.676445,0.510023,2.170815,2.389264,-2.217717,2.402576,-2.008354,0.759404,-1.274301,3.693323,-1.369267,4.009022,1.314950,-1.333753,-0.514159,-3.620823,0.788459,-2.749818,3.272801,1.523216,1.690355,3.897355,2.535844,2.036643,-4.038539,0.554021,3.446966,4.746205,-0.141250,-2.288537,4.071341,0.732128,5.883383,2.425569,-4.038539,4.746205,0.301838,0.2
385,0.5731554175623974,1.0378949524240155,19,51,1.5497812889598392,0.7232960682439213,0.13538415422747227,31,0.1086942111600362,0.292284,-4.284687,0.536125,1.495863,1.999816,2.255543,-0.342421,3.434039,2.650278,-1.416161,2.388988,-3.309237,0.637329,-1.592000,3.682488,-1.369834,4.012076,1.535685,-1.619652,-0.498933,-3.209396,1.197099,-3.720464,2.332796,1.604137,1.840920,2.993627,2.429404,1.830531,-4.451882,1.573148,3.882055,6.126417,0.296125,-3.383482,4.446429,0.729863,7.130830,2.670361,-4.451882,6.126417,0.273320,0.2
45,0.9148437787773374,1.1468757762465722,136,3,1.9012142938751122,0.6596568187952074,0.4775278851728622,26,0.05464740273225606,-0.151806,-4.216272,0.581049,1.468440,1.913115,2.157753,0.045190,3.086258,2.705052,-1.466564,2.330874,-2.845696,0.671066,-1.707124,3.387816,-1.841043,4.777131,1.780376,-1.485126,-0.606956,-3.323761,0.982783,-3.385102,2.566308,1.820772,1.850086,3.185369,2.583096,2.047659,-4.559547,0.448102,3.693750,6.292379,0.387220,-3.324008,4.194817,0.723429,7.140656,2.672201,-4.559547,6.292379,0.270724,0.6
379,0.6023115136757637,0.9877208054565263,11,49,1.4974833309540156,0.7352690339197505,0.16234699069997358,34,0.1007755533634643,0.478879,-4.360749,0.607449,1.183458,2.032726,1.968558,-0.512195,3.488347,2.578575,-1.383457,2.347925,-3.557379,0.625016,-1.601467,3.671453,-1.081189,3.972189,1.610619,-1.671634,-0.397200,-3.110190,1.136682,-3.554789,2.447682,1.588760,1.815575,3.044641,2.231288,1.751129,-4.502199,1.792318,3.873734,5.890664,-0.016076,-3.418649,4.554642,0.709032,7.067504,2.658478,-4.502199,5.890664,0.266706,0.2
20,0.889605418042883,1.059301156712013,58,56,1.1104016231989247,0.8299920230170895,0.41774999009054714,11,0.09964423948309202,0.243268,-4.025958,0.363146,1.661862,2.048360,2.066025,-0.265014,3.190276,2.643800,-1.402552,2.353060,-2.867504,0.656119,-1.424529,3.592808,-1.158300,3.584301,1.087613,-1.750151,-0.515397,-3.288615,0.846548,-3.675363,2.540523,1.830490,1.634586,2.973095,2.450759,1.673074,-4.496351,1.461453,4.177025,5.365258,0.031551,-2.912376,4.567719,0.701684,6.572238,2.563638,-4.496351,5.365258,0.273706,0.2
280,0.4769465119239613,0.9439545433077283,19,55,1.5293271621780997,0.710870409081179,0.33293063160443026,34,0.1062566139745282,0.679731,-4.313201,0.664723,1.208772,1.857646,1.821635,-0.744679,3.476482,2.653479,-1.442524,2.366137,-3.695737,0.466611,-1.381727,3.743604,-0.890332,3.891692,1.408756,-1.883858,0.007412,-2.974689,1.176185,-3.548796,2.353166,1.458847,1.669009,2.992611,1.962772,1.804761,-4.412505,2.106349,3.748623,5.949055,0.006176,-3.634783,4.695225,0.701295,7.046138,2.654456,-4.412505,5.949055,0.264195,0.2
263,0.9874948514317462,1.0827098369479058,26,48,0.8037374163809405,0.7307259658893069,0.3533262743634175,35,0.10647862808283468,0.214116,-4.031828,0.275718,1.748947,1.949228,1.974389,-0.197235,3.016553,2.485217,-1.586343,2.371511,-2.588228,0.886549,-1.485491,3.583390,-1.039337,3.232994,1.088092,-1.789947,-0.384572,-3.282377,0.805484,-3.511027,2.525612,1.877349,1.568636,3.337742,2.325144,1.572698,-4.334712,1.434312,4.223553,4.854914,-0.220106,-2.503239,4.494471,0.691449,6.168078,2.483562,-4.334712,4.854914,0.278410,0.2
365,0.7782259113863672,1.56497701636913,95,53,0.6342763301924446,0.6636340087470091,0.16813728214882837,31,0.29272364240176435,-0.303475,-4.079935,0.521337,1.709932,2.085922,0.705255,0.427019,1.747727,2.273851,-2.358441,2.437608,-1.908455,0.443331,-1.106098,3.167953,-1.135225,4.281354,1.436182,-1.541834,0.286734,-3.451902,0.731745,-2.374474,2.832152,1.253374,1.559988,4.148396,2.444084,2.384697,-3.897331,0.550244,3.360543,4.719105,-0.582597,-1.910182,3.967064,0.689601,5.559370,2.357832,-4.079935,4.719105,0.292473,0.3
419,0.7032346678420647,0.9218512271556032,30,48,1.7209780069228935,0.737714738471997,0.32956004416334833,39,0.14227301800316206,0.722787,-4.328983,0.746616,1.199041,1.815603,1.567385,-0.806868,3.494553,2.629490,-1.469353,2.360560,-3.705577,0.435489,-1.346773,3.630215,-0.768330,4.057155,1.471157,-1.916759,0.170745,-2.918865,1.085124,-3.419841,2.342514,1.471176,1.552487,3.025933,1.919130,1.833741,-4.515609,1.977773,3.649512,6.000168,-0.082265,-3.752145,4.630176,0.687699,7.032250,2.651839,-4.515609,6.000168,0.259329,0.3
480,0.28821543315742415,0.8668015899550466,27,53,1.5192790403882288,0.7927962005117404,0.17522150522641997,6,0.12725711859544422,0.937865,-4.265645,0.770924,1.087315,1.746666,1.369901,-0.896436,3.541266,2.589920,-1.454895,2.364682,-3.928775,0.345597,-1.220895,3.743388,-0.476745,3.880307,1.350387,-2.043974,0.409198,-2.766447,1.174532,-3.353858,2.375311,1.271666,1.462956,3.009650,1.715146,1.760083,-4.418935,2.454248,3.607753,5.934780,-0.191014,-3.789990,4.618912,0.686523,6.953839,2.637013,-4.418935,5.934780,0.260341,0.2
38,0.6542650882469948,1.0062725171601754,34,26,1.2517198314284728,0.5226520048860223,0.21857567658191204,29,0.20147528573426385,0.371110,-4.126629,0.420185,1.444687,1.981526,1.876685,-0.447983,3.320070,2.658679,-1.455135,2.355365,-3.179557,0.500013,-1.396429,3.617246,-0.974535,3.590284,1.200624,-1.875574,-0.352423,-3.175604,0.941378,-3.626508,2.449044,1.726959,1.595973,2.984248,2.352603,1.735286,-4.472096,1.764664,4.005698,5.488915,-0.068845,-3.150657,4.592847,0.685337,6.675977,2.583791,-4.472096,5.488915,0.265245,0.2
444,0.7113011427397122,0.768066877276914,21,52,1.588469205433368,0.75777175689343,0.36900864342420603,38,0.12425252890233157,1.348919,-4.270338,0.870838,0.923092,1.620195,1.184220,-1.109305,3.641932,2.640303,-1.529437,2.315714,-4.203379,0.155720,-1.290574,3.770121,-0.187086,3.879819,1.300858,-2.202544,0.833575,-2.505818,1.209910,-3.064531,2.437474,1.172404,1.348337,3.030206,1.379149,1.645296,-4.297409,2.902404,3.420155,5.984729,-0.319970,-3.999609,4.610084,0.684596,7.020118,2.649551,-4.297409,5.984729,0.258382,0.3
9,0.37988408954409597,0.9444298503238986,97,6,1.774425485152653,0.864803089169032,0.33690086210984593,23,0.11779949694722171,0.579250,-4.335844,0.735178,1.224696,1.782942,1.498788,-0.783211,3.402889,2.688469,-1.425296,2.363505,-3.576195,0.356136,-1.370363,3.476933,-0.882816,4.254152,1.421479,-1.968330,0.164580,-2.908368,1.019035,-3.493655,2.351286,1.544023,1.602228,2.933307,1.970933,1.914756,-4.563125,1.746195,3.744217,6.091116,0.023163,-3.692117,4.673817,0.682326,7.067640,2.658503,-4.563125,6.091116,0.256658,0.3
43,0.991454627800606,1.8615146512071294,35,49,0.6816070805060357,0.6860090428963916,0.39938583233389857,47,0.14140677276608515,0.115405,-4.183276,0.648664,1.488017,2.178448,0.393937,0.335254,2.078885,2.424709,-2.499403,2.380517,-2.035426,0.367704,-1.322053,3.372260,-0.978071,4.092919,1.581045,-1.831215,0.641671,-3.088809,0.784130,-2.164991,2.629409,1.442039,1.273117,4.067898,2.179176,2.389274,-3.988793,0.520732,3.204161,4.769232,-0.562823,-2.166703,3.987006,0.681224,5.557282,2.357389,-4.183276,4.769232,0.288974,0.3
17,0.7049219926652908,1.264611661187159,79,17,0.7355662654385065,0.6188187719961998,0.37769735687533684,60,0.23563729613875375,-0.400388,-3.969210,0.489464,1.930639,2.069698,1.810289,0.196723,2.377192,2.297797,-2.015093,2.374448,-2.218652,0.803600,-1.319359,3.242881,-1.330840,3.782391,0.975847,-1.473614,-0.522583,-3.562236,0.745999,-3.011092,2.853388,1.629866,1.676583,3.754340,2.521427,1.932986,-4.177380,0.520786,3.751601,4.790712,-0.179882,-2.154014,4.271856,0.679616,5.901773,2.429357,-4.177380,4.790712,0.279751,0.3
25,0.902841899659402,0.9850353876377278,44,25,1.1538077692527182,0.8974056517708242,0.27618669189733647,59,0.20040742901926098,0.486265,-4.044326,0.432727,1.375269,1.970327,1.830637,-0.597278,3.306609,2.653598,-1.458011,2.350480,-3.180920,0.447612,-1.375787,3.639390,-0.805491,3.520251,1.113961,-1.955278,-0.208475,-3.107865,0.911059,-3.633852,2.465987,1.730523,1.550969,2.980102,2.155707,1.678871,-4.479206,1.917391,4.014956,5.345456,-0.174239,-3.151066,4.695178,0.677820,6.597492,2.568558,-4.479206,5.345456,0.263891,0.3
119,0.12218601967293577,0.8400755528891839,25,43,1.4220446003246023,0.7452576308094672,0.22633096602569716,12,0.11053278202684753,1.104773,-4.202868,0.727321,1.033098,1.710507,1.322927,-0.967416,3.585632,2.543648,-1.474760,2.347375,-3.903395,0.267209,-1.257898,3.758654,-0.268024,3.697967,1.278358,-2.128898,0.490310,-2.692195,1.148623,-3.306055,2.422177,1.321284,1.377930,3.056702,1.572786,1.649887,-4.364872,2.631556,3.576255,5.704957,-0.309195,-3.767024,4.662136,0.676374,6.819699,2.611455,-4.364872,5.704957,0.259003,0.2
358,0.8219203830455523,1.5007794074882552,33,52,0.3987785013616173,0.7731046732365425,0.18054182555646325,35,0.2800244528476793,-0.291298,-4.397732,0.555574,1.834965,1.834033,0.570020,0.314920,1.622743,2.084194,-2.521501,2.496717,-1.710962,0.696940,-1.140865,2.991235,-0.899732,3.912697,1.410006,-1.613479,0.588663,-3.498391,0.920070,-2.202439,2.410428,1.361566,1.549313,4.586265,2.342859,2.465897,-3.748158,0.547261,3.271102,4.465004,-0.959755,-1.542742,3.939803,0.673478,5.407401,2.325382,-4.397732,4.586265,0.289621,0.3
314,0.3355765679442517,0.7403805575039117,24,55,1.4895575240817933,0.7643843078714221,0.2990698199615187,30,0.12052701615240002,1.407648,-4.233516,0.869244,0.880064,1.594156,0.995392,-1.140752,3.653686,2.630686,-1.507962,2.326764,-4.203536,0.120450,-1.248562,3.741463,-0.007689,3.721961,1.258266,-2.282128,0.886419,-2.485650,1.222882,-3.075603,2.427656,1.117716,1.255509,3.040961,1.288337,1.591392,-4.280769,3.011329,3.387644,5.898097,-0.384447,-3.960181,4.608064,0.670139,6.935545,2.633542,-4.280769,5.898097,0.254463,0.2
187,0.3770497315277265,1.3422073455423336,18,54,0.5202062072887734,0.7499699257297328,0.28589201750637405,43,0.11932757798679637,-0.336750,-4.190451,0.540383,1.904448,1.901565,1.361963,0.236204,1.988691,2.122217,-2.351625,2.434785,-1.951738,0.939384,-1.387475,3.179132,-1.107508,3.625512,1.137849,-1.483220,-0.037661,-3.552567,0.878102,-2.626370,2.628349,1.537536,1.721335,4.356045,2.263265,2.080268,-3.877423,0.488327,3.498744,4.369002,-0.596296,-1.865572,4.255401,0.668996,5.571745,2.360454,-4.190451,4.369002,0.283418,0.3
238,0.931126320773602,1.5314518878917724,20,51,0.29634124775902926,0.7558424911294996,0.24682179775234767,40,0.13599364838985506,-0.125292,-4.467188,0.529041,1.810285,1.659401,0.337915,0.268467,1.546004,1.940398,-2.584098,2.498119,-1.692653,0.793186,-1.185512,2.915952,-0.792210,3.815998,1.453623,-1.644468,0.825417,-3.428454,0.976874,-2.076315,2.370468,1.317599,1.602720,4.747757,2.203588,2.458183,-3.694424,0.688528,3.267105,4.219105,-1.049565,-1.464645,3.996543,0.667707,5.308066,2.303924,-4.467188,4.747757,0.289813,0.3
31,0.43802465737594964,1.0852892694151532,122,22,0.9311960362649203,0.789140070498087,0.06617402320853394,54,0.05537512375703463,0.094141,-3.983241,0.235735,1.627198,1.984241,2.058209,-0.125836,3.037766,2.596158,-1.748853,2.353761,-2.688183,0.663284,-1.379159,3.586722,-1.302879,3.498285,1.004095,-1.811871,-0.629137,-3.273119,0.752547,-3.644692,2.628601,1.919135,1.579700,2.939583,2.407483,1.665005,-4.418376,1.170539,4.295227,5.089474,-0.055430,-2.635139,4.481911,0.665914,6.387578,2.527366,-4.418376,5.089474,0.263481,0.3
14,0.5596725723198092,1.8858194078250383,125,3,0.6752303428072559,0.6110539052353652,0.10393941530015727,53,0.14270097085017033,0.107801,-4.211530,0.653712,1.518329,2.028196,0.300556,0.283254,2.016313,2.401212,-2.468065,2.380413,-2.034869,0.242143,-1.330791,3.250270,-0.977515,4.244468,1.617976,-1.865334,0.765330,-3.012084,0.752635,-2.221598,2.639547,1.401410,1.296077,4.055038,2.023255,2.369907,-3.982671,0.387532,3.235934,4.742876,-0.518435,-2.174192,4.052039,0.665809,5.551889,2.356245,-4.211530,4.742876,0.282572,0.6
167,0.1314932993969577,0.6584576155093989,24,53,1.5789866291075199,0.6768758746710895,0.2513245696289518,7,0.17155996435191181,1.631592,-4.234892,0.963766,0.778432,1.510027,0.746416,-1.247003,3.697912,2.617154,-1.548619,2.314522,-4.417426,0.038295,-1.254681,3.732000,0.165027,3.783513,1.238678,-2.363283,1.170409,-2.347311,1.253418,-2.908356,2.430311,1.012681,1.163199,3.023854,1.097599,1.561781,-4.217705,3.203753,3.257867,6.025659,-0.463865,-4.117885,4.533068,0.661942,7.033876,2.652145,-4.417426,6.025659,0.249587,0.2
37,0.8699145256099066,0.9469435415611314,26,5,0.9832317502336647,0.7370869145436626,0.09402537229295067,7,0.2199876220326064,0.669211,-4.025889,0.508486,1.372998,1.827323,1.850051,-0.769342,3.464822,2.664030,-1.484082,2.288212,-3.153652,0.347510,-1.305541,3.554175,-0.563143,3.122770,1.030427,-2.087298,-0.039372,-2.846728,0.872063,-3.585872,2.600962,1.631994,1.449362,3.020590,1.933831,1.582094,-4.322499,1.890069,3.929634,4.900219,-0.330957,-3.207450,4.822845,0.655885,6.316710,2.513307,-4.322499,4.900219,0.260965,0.3
1,0.8491983767203796,1.0495128632644757,109,59,0.6084844859190754,0.5909124836035503,0.1325320294340452,6,0.08733155988313457,0.227721,-4.288745,0.260600,1.725161,1.625419,1.544918,-0.501441,2.822407,2.491461,-1.605234,2.350736,-2.477408,0.649294,-1.318844,3.095589,-0.685364,3.184253,1.013020,-1.995172,0.103777,-3.082030,0.787396,-3.386677,2.155862,1.848166,1.490860,3.583819,2.063983,1.658237,-4.215812,1.521096,4.299679,4.691661,-0.557292,-2.253685,4.717719,0.654031,5.917565,2.432605,-4.288745,4.717719,0.268861,0.2
8,0.7561064512368886,1.726206851751187,10,43,0.23173811905025943,0.5370223258670452,0.21130957784492269,50,0.23824299360520537,0.171795,-4.766957,0.586538,1.641957,1.722112,0.179431,0.154585,1.719591,1.944745,-2.590529,2.409519,-1.743357,0.742418,-1.336615,2.797640,-0.575212,3.853663,1.557966,-1.747610,1.063279,-3.139353,1.019357,-1.815527,2.071765,1.415251,1.515843,4.875388,1.902945,2.313609,-3.742519,0.461763,3.246834,4.216845,-1.161817,-1.477902,3.999826,0.652424,5.295647,2.301227,-4.766957,4.875388,0.283511,0.3
13,0.8266961396476563,0.8542155772525126,36,34,0.45587032508388337,0.6590017374859319,0.09952336603745454,54,0.27194465097934317,0.975542,-4.362376,0.416188,1.261903,1.480586,1.125746,-1.154465,3.286045,2.572597,-1.645088,2.252604,-2.827332,0.259989,-1.073035,2.995779,0.292850,2.867497,0.997062,-2.336506,0.902529,-2.551471,0.883002,-3.025546,1.987036,1.564251,1.175772,3.796597,1.508528,1.464529,-4.049342,2.670080,3.956856,4.655701,-1.037033,-2.664104,4.844336,0.651870,5.878800,2.424624,-4.362376,4.844336,0.268854,0.3
6,0.27638457617723067,1.6574750183038587,94,8,0.5426980635477918,0.6626651653816322,0.2249047803602669,56,0.042211368005845275,-0.125324,-4.337501,0.527286,1.612121,1.825892,0.440211,0.359632,1.724084,2.195094,-2.714242,2.443517,-1.855702,0.463441,-1.196825,2.930672,-0.964808,4.179581,1.411095,-1.733727,0.649251,-3.264966,0.800663,-2.271611,2.487906,1.294158,1.462570,4.251485,2.290732,2.363821,-3.801970,0.451066,3.356019,4.617056,-0.731022,-1.769393,3.991108,0.648927,5.458234,2.336286,-4.337501,4.617056,0.277760,0.4
27,0.48536573348558293,0.7701954572038505,62,56,0.5888977841391714,0.9818099885446264,0.43385425496031205,5,0.2909968011417908,1.268170,-4.249013,0.473744,1.131085,1.456107,0.995384,-1.277843,3.473141,2.687834,-1.543278,2.229679,-3.118975,-0.071838,-1.036051,3.034733,0.560428,2.995756,0.952404,-2.462773,1.064362,-2.407632,0.890193,-3.074834,2.140535,1.331935,1.111453,3.556366,1.333770,1.305301,-4.062415,2.945068,3.785119,4.861406,-0.897415,-2.978278,4.853428,0.646029,6.030556,2.455719,-4.249013,4.861406,0.263071,0.2
475,0.2641452662512673,0.6403501195906587,18,53,1.3293368370908625,0.8165614474974047,0.12827801555926846,32,0.14150794184777482,1.752504,-4.132627,0.815491,0.719379,1.522799,0.922642,-1.309460,3.776868,2.741170,-1.571993,2.257173,-4.290550,-0.116696,-1.276849,3.702132,0.280368,3.418076,1.092756,-2.452695,1.107151,-2.314822,1.169409,-2.979504,2.450460,1.055876,1.150063,3.059314,1.076267,1.409347,-4.117887,3.259227,3.290732,5.581312,-0.638088,-3.919159,4.705140,0.644315,6.816783,2.610897,-4.290550,5.581312,0.246779,0.2
47,0.4973774512360393,1.5230212634349445,79,34,0.2859833641056717,0.6754575062760393,0.10268015739242264,8,0.26968012934474095,-0.225999,-4.530080,0.527504,1.847982,1.572967,0.284983,0.245945,1.457400,1.983694,-2.499643,2.496571,-1.664146,0.611973,-1.179280,2.574703,-0.789298,3.963582,1.390917,-1.679963,0.842322,-3.414707,0.900970,-2.170528,2.252065,1.279003,1.549130,4.671740,2.203384,2.471414,-3.676457,0.592927,3.316350,4.380817,-1.068796,-1.371553,4.011066,0.643305,5.306720,2.303632,-4.530080,4.671740,0.279257,0.2
271,0.9860710219386288,0.47107373280753273,17,49,1.5453078286858888,0.7406012330487186,0.3312148520995781,34,0.12619611355842775,2.053605,-4.188838,1.038936,0.564356,1.384764,0.384020,-1.448338,3.790215,2.675917,-1.609111,2.257721,-4.753050,-0.238811,-1.266384,3.761120,0.475065,3.669315,1.160035,-2.569911,1.572812,-2.109822,1.306689,-2.662798,2.453594,0.879049,1.027789,2.985305,0.798607,1.437211,-4.030822,3.574636,3.098598,6.036568,-0.696665,-4.263373,4.523347,0.640871,7.176179,2.678839,-4.753050,6.036568,0.239235,0.2
458,0.9701203715578351,0.37848908444521967,13,51,1.5557950159136125,0.8552791225568007,0.43096341481665124,16,0.13659666323365913,2.181282,-4.180829,1.084446,0.389450,1.330366,0.284197,-1.434943,3.849331,2.616168,-1.600854,2.232051,-4.863107,-0.217043,-1.355282,3.750046,0.674436,3.688185,1.211958,-2.525249,1.667314,-2.025465,1.326710,-2.442521,2.449388,0.909932,1.014263,2.949245,0.672935,1.356084,-4.003908,3.603921,3.047109,6.087435,-0.885822,-4.277009,4.469200,0.639817,7.180313,2.679611,-4.863107,6.087435,0.238772,0.2
22,0.17572596849554395,0.2029430857320642,135,40,0.018394103233259296,0.9492770942635396,0.32289307684681545,48,0.07363975280554572,2.105441,-4.272343,0.417724,0.749799,1.127047,0.528325,-1.949415,3.897623,2.864903,-1.686563,2.039903,-3.035991,-0.932851,-0.751174,2.388378,1.890732,2.807826,0.943036,-3.035189,1.905637,-1.599493,0.930320,-2.486911,1.836993,0.899661,0.599586,3.998585,0.752080,0.813589,-3.532492,3.945381,3.387453,5.104908,-1.311620,-2.854887,4.304808,0.633078,6.047038,2.459073,-4.272343,5.104908,0.257446,0.3
42,0.7270634488277355,0.564069145142613,124,9,1.6069618607696972,0.9387360067635264,0.3807819697117486,20,0.19981456863056868,1.697292,-4.199266,1.027469,0.754101,1.385584,0.330583,-1.380717,3.583839,2.670772,-1.565089,2.325325,-4.511486,-0.209916,-1.125568,3.624979,0.244089,3.936592,1.147493,-2.478607,1.459035,-2.179750,1.127592,-2.864805,2.437923,0.941662,1.071119,2.874055,0.945619,1.604101,-4.165276,3.156086,3.185686,6.145057,-0.528680,-4.196567,4.473678,0.631778,7.044265,2.654103,-4.511486,6.145057,0.238038,0.3
294,0.639210812995211,1.5905895349227976,20,45,0.00779384036414299,0.7328019005788746,0.3519466821076216,33,0.11614692215032073,-0.010336,-4.781310,0.566598,1.844470,1.321906,-0.045749,0.110747,1.402972,1.774682,-2.683377,2.518602,-1.571724,0.849144,-1.262503,2.553359,-0.544753,3.624016,1.455359,-1.781722,1.296496,-3.277814,1.064996,-1.885011,1.960056,1.338806,1.520197,5.090114,1.955475,2.512829,-3.578218,0.677348,3.213799,4.001429,-1.346188,-1.187885,4.018236,0.630973,5.222280,2.285231,-4.781310,5.090114,0.276109,0.2
310,0.5582551900354038,1.316482180124563,22,49,0.07948492019851994,0.8769284045968034,0.3608066878556382,34,0.123297395186442,-0.246483,-4.606146,0.525646,2.006344,1.379309,0.727521,0.053391,1.698166,1.831889,-2.477689,2.503054,-1.739150,1.138415,-1.494789,2.648266,-0.715947,3.349113,1.200747,-1.609599,0.644762,-3.437572,1.056626,-2.365190,2.069916,1.553008,1.606508,4.897038,2.030356,2.187377,-3.716857,0.554033,3.459234,3.967705,-1.053834,-1.328740,4.265320,0.626715,5.310177,2.304382,-4.606146,4.897038,0.271967,0.2
289,0.6164548208256988,0.26524860990266463,23,50,1.4716766578820406,0.6815154262189054,0.3527794540675523,36,0.11747888750719572,2.271804,-4.112159,1.013741,0.481346,1.271312,0.215461,-1.564584,3.845743,2.658849,-1.632483,2.255126,-4.807570,-0.402568,-1.208383,3.704302,0.946397,3.530760,1.083465,-2.693482,1.862756,-1.926922,1.289920,-2.515013,2.481510,0.708557,0.840822,3.028478,0.602794,1.294189,-3.966646,3.818972,2.908316,5.860115,-0.779312,-4.290841,4.416919,0.624769,7.104028,2.665338,-4.807570,5.860115,0.234405,0.2
4,0.49613724436564116,0.5175599632000338,52,42,1.8186408041575641,0.7475884550556351,0.06547483450184828,10,0.06295032340809029,1.974864,-4.166069,1.098057,0.623232,1.397562,0.220726,-1.453705,3.489480,2.655276,-1.630019,2.266093,-4.548911,-0.198404,-1.297955,3.531128,0.418477,3.969239,1.157476,-2.449551,1.599226,-2.157618,1.101721,-2.604900,2.454706,0.857940,1.067445,2.962248,0.840173,1.505454,-4.140362,3.190335,3.099547,6.158858,-0.660741,-4.295695,4.440399,0.624326,7.040991,2.653487,-4.548911,6.158858,0.235285,0.2
7,0.2268318024772864,0.3974313630683448,60,34,1.5444895385933148,0.5372753218398854,0.49409912147023277,20,0.24659318480359071,2.044407,-4.169495,1.067263,0.641175,1.334674,0.063197,-1.506274,3.699912,2.636499,-1.559865,2.286906,-4.738545,-0.362466,-1.094283,3.641527,0.687362,3.821709,1.033016,-2.598162,1.752541,-2.055776,1.171782,-2.693456,2.398522,0.743861,0.950917,2.835975,0.800433,1.448071,-4.078019,3.633421,3.046811,6.154447,-0.701029,-4.324875,4.429100,0.623369,7.175523,2.678717,-4.738545,6.154447,0.232712,0.2
40,0.5910551103843414,0.3915822695785929,64,29,1.8107012839121275,0.6930513189003871,0.4825357537207614,41,0.2841954983696618,2.156017,-4.150374,1.130975,0.604916,1.333125,-0.006871,-1.498069,3.775120,2.663936,-1.648450,2.246274,-4.667799,-0.300732,-1.250733,3.515092,0.651369,3.936403,1.103658,-2.553480,1.834710,-2.012901,1.094883,-2.563318,2.463390,0.758650,0.966722,2.925994,0.661491,1.439402,-4.099067,3.412669,3.026218,6.166114,-0.696344,-4.378305,4.380266,0.622804,7.155718,2.675017,-4.667799,6.166114,0.232822,0.3
2,0.22554447458683766,0.39934756431671947,70,38,1.5703519227860272,0.6831809216468459,0.25523149289766617,21,0.1088790551045089,2.025057,-4.177035,1.067102,0.647240,1.318175,0.074841,-1.508624,3.706584,2.653650,-1.574044,2.297042,-4.752105,-0.383388,-1.105461,3.619614,0.650672,3.815537,1.019938,-2.577095,1.737926,-2.031698,1.154136,-2.691297,2.414351,0.761197,0.981457,2.856805,0.769147,1.449976,-4.080920,3.602757,3.052033,6.151332,-0.660317,-4.303072,4.417856,0.622205,7.161351,2.676070,-4.752105,6.151332,0.232507,0.2
24,0.8643010694447602,0.5304047353634509,55,40,0.735431606118867,0.7841543016677358,0.09215364552264162,46,0.20755548092109272,1.836619,-4.077379,0.570005,0.774323,1.360629,0.671977,-1.508252,3.821738,2.803417,-1.566444,2.170098,-3.674838,-0.478718,-1.041589,3.182287,0.999954,3.000385,0.938923,-2.737235,1.363267,-2.084412,0.988299,-2.859534,2.304019,0.948562,0.906955,3.358382,1.003926,1.077278,-3.964009,3.441633,3.332261,5.086722,-0.930246,-3.437635,4.664939,0.617953,6.271970,2.504390,-4.077379,5.086722,0.246748,0.3
35,0.24079333840397746,0.5598677938918857,108,13,1.3203947534354625,0.7746133323530602,0.37156816521502806,27,0.09756558250444074,1.683971,-4.113860,0.831590,0.748123,1.392477,0.510037,-1.390198,3.656676,2.750794,-1.539007,2.271372,-4.294193,-0.331660,-1.088027,3.566704,0.517580,3.535793,1.043492,-2.595781,1.344049,-2.162547,1.057721,-2.955068,2.450779,0.929133,1.023961,2.967782,0.991625,1.404618,-4.138659,3.249611,3.242424,5.721128,-0.631181,-3.989330,4.579866,0.617828,6.775902,2.603056,-4.294193,5.721128,0.237347,0.3
28,0.6011211362125152,1.2300144533983395,130,12,0.19435298754153707,0.8480148983374864,0.30652752654021426,22,0.28276178902341087,-0.186173,-4.560560,0.462256,2.058515,1.324680,1.042825,-0.128768,1.954635,1.993885,-2.214149,2.441657,-1.936637,0.966850,-1.389546,2.523242,-0.862368,3.426265,1.081378,-1.733283,0.356647,-3.365170,0.917679,-2.685918,2.028293,1.657527,1.614599,4.567490,2.083371,2.062686,-3.848116,0.507354,3.800450,4.256017,-0.931213,-1.450101,4.405253,0.617821,5.460969,2.336872,-4.560560,4.567490,0.264379,0.3
23,0.5938604104299275,0.47449817499360014,103,12,1.4243584426950717,0.8259806297513003,0.1509211892572519,5,0.21681170337702718,1.832809,-4.153929,0.949754,0.684957,1.338160,0.301066,-1.464388,3.647514,2.715840,-1.553266,2.286943,-4.509759,-0.384405,-1.087649,3.594992,0.627689,3.645415,1.028354,-2.624881,1.550171,-2.062294,1.105235,-2.824934,2.430363,0.835439,0.973868,2.921513,0.892238,1.427978,-4.091445,3.403225,3.144504,5.919521,-0.648176,-4.143823,4.512231,0.617245,6.937862,2.633982,-4.509759,5.919521,0.234339,0.2
15,0.4272666421413646,0.6017566196335393,55,43,0.9944970117847709,0.9812236474710556,0.16330203312141386,34,0.2923811623346594,1.731749,-3.995450,0.657282,0.775159,1.469825,0.733008,-1.348908,3.783384,2.802291,-1.514056,2.223146,-3.958996,-0.350301,-1.125463,3.495499,0.635401,3.169013,0.967825,-2.612860,1.128183,-2.242649,1.010372,-3.006810,2.491560,0.979322,1.018030,3.062084,1.105380,1.211049,-4.132124,3.239738,3.296147,5.225139,-0.715359,-3.718499,4.708257,0.616594,6.474144,2.544434,-4.132124,5.225139,0.242330,0.3
19,0.6806555113685049,0.2750418882919865,12,16,1.873459977473469,0.845468869051233,0.22403090583524185,33,0.07707893583134769,2.332380,-4.180849,1.189980,0.248567,1.304340,-0.013695,-1.489431,3.897812,2.578393,-1.652900,2.157083,-4.748878,-0.282974,-1.583921,3.669908,0.656067,3.774680,1.262825,-2.554717,1.913897,-1.895347,1.181417,-2.207434,2.630824,0.898088,0.763326,2.969824,0.486406,1.422805,-3.940165,3.357768,2.935620,5.976047,-0.908799,-4.422268,4.410556,0.614923,7.120588,2.668443,-4.748878,5.976047,0.230443,0.2
29,0.8896357647351599,0.5871836885289867,149,33,0.7189823024395103,0.848507870497634,0.36611783779419915,12,0.2300075267936352,1.699075,-4.097170,0.549084,0.839083,1.319438,0.693844,-1.452293,3.702125,2.821157,-1.612282,2.192148,-3.569006,-0.470960,-1.022030,3.174446,0.815538,3.055907,0.992713,-2.708976,1.264913,-2.129911,0.949380,-2.961413,2.311493,1.112920,0.969022,3.371161,1.029196,1.162883,-3.977842,3.238967,3.414765,5.027259,-0.881673,-3.360829,4.662266,0.614567,6.201554,2.490292,-4.097170,5.027259,0.246785,0.3
16,0.5524111209059753,0.2897897441824462,50,38,0.47912378133394484,0.6393232321183058,0.45871964868499415,7,0.04389926283749712,2.155572,-4.152501,0.523457,0.273276,1.241472,0.579589,-1.660002,3.684921,2.827276,-1.630944,2.096552,-3.500836,-0.767448,-0.942501,2.813093,1.599887,2.877168,0.927251,-2.923773,1.748794,-1.799594,1.011501,-2.581634,2.070013,0.835355,0.714819,3.684797,0.800903,0.877167,-3.705271,3.809980,3.244845,5.149503,-1.190894,-3.225518,4.545924,0.611450,6.176521,2.485261,-4.152501,5.149503,0.246030,0.2
41,0.18499866468033557,0.04654387147165173,19,4,1.6897506219389091,0.5355943242301144,0.1935390336321926,10,0.21441182882241636,2.512684,-4.102902,1.187338,0.405333,1.170479,-0.097617,-1.666358,3.882498,2.667370,-1.697783,2.219611,-4.979039,-0.445515,-1.334678,3.649139,0.923372,3.612152,1.053676,-2.756904,2.158661,-1.757988,1.270886,-2.322183,2.541065,0.669186,0.709515,2.918218,0.379567,1.341530,-3.839594,3.741980,2.844738,6.005549,-0.936502,-4.483295,4.409951,0.607059,7.264612,2.695294,-4.979039,6.005549,0.225229,0.3
44,0.7790885866762142,0.6400992020612235,131,46,1.6529149322154832,0.9512764533397833,0.27736356760153574,29,0.05784344458570181,1.629878,-4.289879,0.969170,0.606881,1.174197,0.335110,-1.217390,3.453793,2.447274,-1.406385,2.294343,-4.382070,-0.113987,-1.192763,3.548200,0.027927,4.018016,1.113593,-2.455202,1.417148,-2.269752,1.121289,-2.925111,2.235979,1.047670,1.149766,2.757772,1.073668,1.652892,-4.233947,2.941819,3.337785,6.150899,-0.557372,-4.140082,4.508247,0.606372,6.946221,2.635568,-4.382070,6.150899,0.230072,0.3
332,0.8547625023006835,0.0038112027484187294,16,53,1.4575702564885105,0.8141392839258105,0.14770707875062905,6,0.25965481847992605,2.546597,-4.096586,1.066256,0.325084,1.202161,-0.020163,-1.677202,3.949763,2.722700,-1.647490,2.202930,-5.015288,-0.532501,-1.235798,3.677082,1.165731,3.452238,1.053860,-2.889281,2.060240,-1.741258,1.327549,-2.345161,2.464375,0.593457,0.750536,2.990277,0.422580,1.139641,-3.820790,4.014787,2.819794,5.864945,-1.054809,-4.355440,4.430742,0.605877,7.259444,2.694336,-5.015288,5.864945,0.224871,0.2
46,0.3957980908329244,0.18241220609738074,99,20,1.5792362855891078,0.87618726471884,0.4062105696766318,30,0.21157998314080037,2.186623,-4.132837,1.148127,0.526752,1.207379,-0.236916,-1.635152,3.644022,2.665256,-1.615593,2.288673,-4.913419,-0.493225,-1.052418,3.617256,0.917737,3.753322,0.981660,-2.727518,2.043259,-1.827871,1.141690,-2.540647,2.426525,0.636061,0.828870,2.848032,0.560115,1.406693,-3.971869,3.687811,2.912421,6.139853,-0.778150,-4.398717,4.335644,0.599429,7.194729,2.682299,-4.913419,6.139853,0.223476,0.3
382,0.558023534632698,0.12886351989857459,100,48,1.5177461370680319,0.7567457294758607,0.4608563498190726,33,0.10409404510903708,2.220565,-4.121421,1.122539,0.513981,1.183176,-0.238676,-1.658190,3.654585,2.678201,-1.612678,2.279015,-4.917434,-0.541953,-1.035778,3.609989,1.019391,3.687718,0.964831,-2.765811,2.074870,-1.802051,1.146897,-2.544369,2.418330,0.609598,0.802104,2.849375,0.535585,1.360814,-3.948070,3.763914,2.891314,6.091024,-0.810141,-4.395344,4.347189,0.595364,7.187428,2.680938,-4.917434,6.091024,0.222073,0.3
36,0.650548671610917,0.028786977259511737,144,35,1.5156922209287382,0.6238654947505787,0.21018770539306772,46,0.14329201685550327,2.355068,-4.087664,1.129424,0.450685,1.129618,-0.354998,-1.674575,3.689990,2.692570,-1.681195,2.266205,-4.972750,-0.588733,-1.053107,3.623189,1.012351,3.757526,0.989074,-2.798063,2.137085,-1.751699,1.180068,-2.492640,2.414284,0.643564,0.777603,2.819159,0.428835,1.351131,-3.915555,3.832628,2.811261,6.081580,-0.837632,-4.414154,4.289307,0.589984,7.229719,2.688814,-4.972750,6.081580,0.219422,0.3
49,0.8315196105317524,0.16700143339733753,149,24,0.7525191710618315,0.9930005319114354,0.3890201833665237,25,0.2857571158936419,2.277540,-4.021988,0.631451,0.543229,1.170670,0.309847,-1.718956,3.957681,2.921795,-1.653560,2.134705,-3.967225,-0.902573,-1.004501,3.123959,1.450243,2.998381,0.969585,-2.994310,1.732897,-1.734387,1.044377,-2.684431,2.337809,0.743238,0.718710,3.318882,0.663230,0.922561,-3.790599,3.752236,2.989169,5.204447,-1.003805,-3.651694,4.427595,0.589339,6.438607,2.537441,-4.021988,5.204447,0.232257,0.3
10,0.6051494778125466,0.05083825348819038,26,47,0.8550820367170993,0.7468977981821954,0.28522977322189735,44,0.23816113858773147,2.473489,-3.947439,0.677838,0.411441,1.191455,0.420275,-1.687350,4.194045,2.810925,-1.660976,2.126057,-4.280606,-0.843314,-1.169043,3.292573,1.582132,2.899678,0.999155,-3.029783,1.756755,-1.722527,1.199136,-2.596288,2.461621,0.619959,0.611556,3.317163,0.594335,0.809231,-3.758836,3.972840,2.780589,5.119560,-1.066125,-3.848722,4.346915,0.584937,6.609067,2.570811,-4.280606,5.119560,0.227530,0.3
48,0.730872218313208,0.16967542817038384,97,7,0.16269756128379953,0.9109300296451781,0.3678090022204233,10,0.04964601171833225,2.323735,-4.266673,0.403867,0.236031,1.249122,0.221983,-1.837367,3.024028,2.546709,-1.669400,2.025027,-3.188490,-0.909349,-0.884398,2.275322,1.889275,2.819891,0.641720,-2.875124,2.026417,-1.602246,0.952455,-2.531576,1.492293,0.875418,0.837343,3.862246,0.740848,0.837951,-3.638106,3.892967,3.585749,5.088722,-1.316550,-2.979066,4.448006,0.572188,5.945166,2.438271,-4.266673,5.088722,0.234670,0.3
