trial,blend_rate,borrow_penalty,equal_weight_blend,momentum_lookback,rebalance_freq,spread_penalty,zero_negative,Month_0,Month_1,Month_2,Month_3,Month_4,Month_5,Month_6,Month_7,Month_8,Month_9,Month_10,Month_11,Month_12,Month_13,Month_14,Month_15,Month_16,Month_17,Month_18,Month_19,Month_20,Month_21,Month_22,Month_23,Month_24,Month_25,Month_26,Month_27,Month_28,Month_29,Month_30,Month_31,Month_32,Month_33,Month_34,Month_35,Mean_Sharpe,Var_Sharpe,Std_Sharpe,Min_Sharpe,Max_Sharpe,Objective_Value,Duration_s
9,0.48677258283541813,0.07290071680409874,0.06952143571507782,6,66,0.07068573438476171,True,0.170233,-5.937164,0.501350,2.787185,4.716747,0.619337,-2.157692,2.419907,2.766910,-2.867874,1.982255,-4.303140,2.918310,2.556050,5.194498,-1.935286,-1.596067,4.510469,2.175295,-2.151266,0.488362,-1.858549,-1.489081,7.563252,3.970914,2.828059,2.957949,1.996277,3.298111,-3.428097,3.890660,3.776813,3.995560,-1.517049,-2.658901,4.156654,1.120583,9.767157,3.125245,-5.937164,7.563252,0.358558,0.1
284,0.7890296663380428,0.08398944461903828,0.26101206879458105,18,18,0.045844077976357124,True,0.898296,-3.261770,0.241438,2.395740,1.244021,2.574891,-3.646391,4.363938,2.949850,0.962893,1.619255,-2.824242,3.258063,1.603959,0.143327,-2.534757,2.146663,3.680061,-1.949318,1.923403,-2.386499,0.960471,-1.057052,6.207197,2.973380,0.640661,3.620445,0.171710,2.183060,-2.979139,1.399889,6.409186,3.139527,0.483804,-1.739453,3.363082,1.088322,6.582586,2.565655,-3.646391,6.409186,0.424189,0.1
102,0.5885314969510976,0.07943734908583752,0.17901749643476877,6,32,0.07008882948572448,True,0.000485,-5.892138,0.501350,2.652518,4.485039,0.619337,-2.131881,2.467915,2.766910,-2.822712,1.982255,-3.815708,-1.009864,2.450425,5.089810,-1.765527,-1.420742,4.787446,1.853289,-2.164515,0.751927,-1.640854,-1.562365,7.405335,3.821618,2.765401,2.876375,2.478374,3.121849,-3.428097,3.890660,4.032089,4.941371,-1.642683,-2.854035,4.156654,1.048536,9.697579,3.114094,-5.892138,7.405335,0.336707,0.1
452,0.8184762249468558,0.09136756791638084,0.20604120772983797,18,18,0.018148930635062257,True,0.479146,-3.172195,0.225889,2.393541,1.227494,3.054404,-3.780576,4.228787,3.044177,0.957793,1.810392,-2.766774,3.488710,1.303892,0.126726,-2.521794,1.897828,3.582911,-2.157410,1.860587,-2.364676,0.921548,-1.612340,5.545836,2.994901,0.570861,3.676004,0.225847,2.100934,-3.090834,1.432336,6.863756,3.465562,0.526250,-1.487290,2.503989,1.043228,6.639381,2.576700,-3.780576,6.863756,0.404870,0.1
191,0.7581587159232495,0.08411469067428641,0.22931335642106873,18,18,0.01754396033873882,True,0.426725,-3.269190,0.241482,2.518463,1.264178,2.598708,-3.740602,4.221789,2.919089,0.682768,1.981116,-2.165831,3.486969,1.321623,0.369036,-2.043544,1.905071,3.334278,-2.233963,1.996631,-2.163558,0.934813,-2.222248,5.531908,3.084721,0.513168,3.706697,0.108722,2.049340,-3.137421,1.530647,6.754517,3.665529,0.453797,-1.514451,2.280479,1.038652,6.454769,2.540624,-3.740602,6.754517,0.408818,0.1
142,0.7894544479153891,0.0730985220713978,0.2709755076350345,5,12,0.06738774897377348,True,-0.046402,-7.126717,-0.690923,1.779675,0.734588,0.619337,-1.139159,2.857760,-2.067638,-1.708563,0.303500,-1.914820,2.024132,-0.357872,6.353751,-0.930539,4.630336,4.329587,-1.137725,-0.868630,1.443549,0.075945,-4.766599,3.943566,6.355301,2.678954,4.675969,3.209220,1.100314,-0.155768,5.892163,5.191699,7.048433,-2.494864,-7.089332,3.810956,1.015644,12.286373,3.505192,-7.126717,7.048433,0.289754,0.1
368,0.5463688911113418,0.0943010171121478,0.22607413244664906,18,20,0.021294771722924648,True,-1.149871,-4.493367,0.530688,3.176043,0.945905,1.344166,-3.667882,3.378058,1.949713,0.098555,2.148845,-2.870598,3.059235,1.860239,-0.917549,-0.573593,0.338476,3.595902,-1.533200,1.591122,0.003057,1.009477,-0.605301,6.560653,4.451458,1.430925,3.203041,-0.343374,2.653396,-3.514999,0.645393,6.260505,3.099759,0.923324,-1.584069,3.128875,1.003695,6.577205,2.564606,-4.493367,6.560653,0.391364,0.1
171,0.7762370116477012,0.08931205609070632,0.15692192658879303,18,20,0.01334497826553126,True,-1.111974,-4.298110,0.541319,3.424003,0.919061,1.033634,-3.806766,3.363153,1.836149,0.020967,2.228946,-3.318056,3.312880,1.701017,-0.670012,-0.732921,0.528552,3.346488,-1.358555,1.729170,-0.066577,1.122140,-1.253353,6.130912,4.535442,1.583204,3.151245,-0.062709,2.574024,-3.340464,0.747108,6.483521,3.182684,1.120851,-1.332155,2.445919,0.991965,6.499773,2.549465,-4.298110,6.483521,0.389087,0.1
192,0.7978741976714351,0.0838786195026198,0.2188492181825879,19,18,0.017533914907190508,True,1.072749,-5.039013,0.233007,2.560046,-0.119098,1.874708,-3.448951,4.290754,3.419704,2.581516,1.875636,-2.779506,-1.530293,1.326718,0.493901,-1.945913,1.714962,2.285644,-1.508854,1.466896,-2.022609,1.059161,0.306964,5.681111,3.246817,0.044358,6.489956,1.073161,2.054081,-2.634995,0.910266,6.710655,4.107612,0.349594,-1.807204,1.086012,0.985543,7.205941,2.684388,-5.039013,6.710655,0.367139,0.1
413,0.47479802915219255,0.09546948759878135,0.19966456943411376,18,20,0.011431519173718888,True,-1.238868,-4.515354,0.493638,3.209138,1.055328,1.415690,-3.685158,3.343120,1.852306,0.064713,2.249051,-2.736606,3.207385,1.785882,-0.962305,-0.567360,0.142186,3.550731,-1.502504,1.522251,0.006370,1.003915,-0.713215,6.095390,4.457799,1.381851,3.170163,-0.357046,2.647551,-3.474039,0.681003,6.374019,3.194962,0.928892,-1.512369,2.794799,0.982314,6.442299,2.538168,-4.515354,6.374019,0.387017,0.1
190,0.7376735709619,0.08367110642216936,0.2376940821183073,18,19,0.016921772074140966,True,0.231185,-3.609024,0.673425,2.619874,1.355081,1.254041,-3.706040,3.992832,2.172634,0.092763,2.212797,-3.909158,3.162386,1.172924,0.211650,-1.140798,0.997012,3.199526,-1.698649,2.158814,-1.138366,0.627681,-2.151221,5.839337,4.042054,0.620906,3.603951,-0.092063,2.477658,-2.996023,1.086935,6.561506,3.760666,0.875858,-2.031577,2.487836,0.972734,6.586776,2.566471,-3.909158,6.561506,0.379016,0.1
372,0.5206687533840221,0.09737844389762737,0.2282361857588059,18,20,0.0014627585560683526,True,-1.037045,-4.511080,0.488713,3.110847,1.124732,1.460388,-3.717388,3.371472,1.884440,-0.045257,2.304889,-2.909581,3.119580,1.573966,-0.792943,-0.488027,0.253506,3.375018,-1.564652,1.548361,-0.156718,1.017231,-0.888953,5.495696,4.314846,1.391122,3.468052,-0.132914,2.543260,-3.346536,0.861658,6.387077,3.444656,0.819116,-1.527204,2.676621,0.969915,6.247283,2.499457,-4.511080,6.387077,0.388050,0.1
219,0.489496205724802,0.09331067647714064,0.21164273915759096,18,24,0.02204820560848298,True,-1.569350,-4.743503,0.400304,3.134033,1.142850,1.365825,-3.480393,3.348022,1.689948,0.248637,2.233036,-2.185022,3.286765,2.136705,-1.265286,-0.377940,-0.342641,3.842737,-1.554948,1.320838,0.239326,0.862770,-0.431658,6.876318,4.481342,1.001376,3.168856,-0.933202,2.792190,-3.673862,0.352537,6.190484,2.978612,0.730937,-1.687187,3.176811,0.965452,6.830748,2.613570,-4.743503,6.876318,0.369400,0.1
222,0.49271807919573873,0.09358189433851696,0.23338556426944904,18,24,0.021344045363498827,True,-1.467747,-4.748541,0.404179,3.092007,1.145703,1.369553,-3.479194,3.373566,1.722249,0.201290,2.240522,-2.228583,3.212812,2.092649,-1.206117,-0.327953,-0.274727,3.784528,-1.596054,1.340145,0.195826,0.862770,-0.482973,6.785276,4.415273,0.994713,3.199615,-0.890052,2.751401,-3.683185,0.417660,6.156142,3.062737,0.684317,-1.726967,3.193311,0.960726,6.762228,2.600428,-4.748541,6.785276,0.369449,0.1
364,0.20311753614565714,0.08831196849468011,0.19300283707094365,18,17,0.022770774161480913,True,-1.266201,-4.914889,0.494519,3.058142,0.971924,1.615880,-3.604529,3.583709,1.989762,0.773349,1.939842,-1.946380,3.502272,2.156579,-0.868184,-0.904787,0.270756,3.685646,-1.744284,1.326318,-0.496278,0.841307,-0.945024,6.789328,4.126408,1.074012,3.170020,-0.815196,2.608707,-3.559201,0.593591,6.335815,3.251378,0.459471,-1.763666,2.587193,0.954925,6.810505,2.609694,-4.914889,6.789328,0.365915,0.1
484,0.26262903523301995,0.09654722399083272,0.23713515279634492,18,42,0.014674205172187975,True,-1.452577,-4.765921,0.404854,3.044758,1.171060,1.538286,-3.495110,3.346211,1.740010,0.168628,2.300160,-2.233206,3.205021,2.002937,-1.186274,-0.323703,-0.324372,3.741905,-1.608901,1.291595,0.177790,0.862770,-0.371360,6.396310,4.377005,1.015975,3.191412,-0.827140,2.723906,-3.671799,0.509565,6.199989,3.158662,0.671477,-1.733103,3.100604,0.954095,6.619006,2.572743,-4.765921,6.396310,0.370847,0.1
348,0.535068295983077,0.09126778595642795,0.21576208444158185,18,37,0.021592361130856316,True,-1.494545,-4.730897,0.401034,3.168552,1.122130,1.234116,-3.487076,3.378807,1.668563,0.210775,2.247444,-2.194597,3.300661,2.106312,-1.184413,-0.336104,-0.284332,3.755263,-1.575666,1.364301,0.197585,0.862770,-0.692037,6.825355,4.445621,0.974582,3.189871,-0.939690,2.768199,-3.664928,0.406448,6.186220,3.049799,0.708203,-1.691319,2.997134,0.952615,6.781969,2.604221,-4.730897,6.825355,0.365796,0.1
72,0.6575361200234252,0.07461226070265668,0.1350006938374465,19,18,0.023110678826590073,True,0.737373,-5.201610,0.240939,2.761116,-0.311978,1.361093,-3.395890,4.092298,3.116523,2.552222,1.963367,-3.136638,-1.513560,1.520148,0.202945,-1.549589,1.234893,2.296103,-1.300614,1.412534,-1.677912,1.061619,0.396947,6.154285,3.571189,0.103630,6.205318,0.749298,2.238396,-2.604674,0.662725,6.653289,3.924459,0.520815,-1.687135,0.889716,0.951212,7.142962,2.672632,-5.201610,6.653289,0.355908,0.1
499,0.5434864474857136,0.09673426022329551,0.2223012859845382,18,15,0.014199914172035213,True,-0.951814,-4.608820,0.418245,2.786535,0.018969,1.678666,-3.269236,4.341256,2.657162,0.387589,1.774816,-1.910667,3.570730,1.613347,-0.893234,-2.210976,0.615834,3.727611,-2.080561,1.473346,-1.615130,-0.029914,-0.242618,5.933665,4.448525,1.658719,3.666438,-0.732721,2.403178,-3.572103,1.299143,6.984964,3.924861,-0.065470,-1.816143,2.815171,0.949982,7.309070,2.703529,-4.608820,6.984964,0.351386,0.1
162,0.7331350296661117,0.08811401752686979,0.15917720923716808,18,17,0.012504746149540596,True,-0.654475,-5.375713,0.722724,2.390412,0.799393,2.920742,-3.903987,4.019632,2.825732,1.914609,1.233278,-1.227037,3.902537,2.062853,0.063278,-2.249880,1.689870,3.464906,-2.257197,1.193810,-2.363616,0.765633,-1.255902,5.918563,3.136561,1.362750,3.056285,-0.285042,2.103842,-3.259661,1.126891,6.737535,3.861942,-0.268428,-1.884279,1.837002,0.947932,7.197615,2.682837,-5.375713,6.737535,0.353332,0.1
295,0.3603932148249248,0.08568349947637101,0.22214579041827062,18,15,0.026924483874624476,True,-1.013873,-4.600897,0.405838,3.067691,0.307922,1.011015,-3.360719,4.117474,2.291114,0.240484,1.922373,-2.214451,3.510746,1.852466,-0.793898,-1.499764,0.513041,3.648640,-1.813742,1.620770,-1.138624,0.315675,-0.955809,6.766118,4.484316,1.373005,3.527168,-0.869222,2.537854,-3.607033,1.072843,6.622889,3.663085,0.239676,-1.818391,2.652369,0.946615,7.213598,2.685814,-4.600897,6.766118,0.352450,0.1
419,0.4921848112594455,0.09748747942431576,0.19945055591419028,18,24,0.005184169413923769,False,-1.552572,-4.762363,0.398160,3.103622,1.294242,1.590763,-3.532718,3.295291,1.660642,0.190729,2.389562,-2.179291,3.377558,1.914196,-1.229281,-0.370376,-0.463675,3.679337,-1.565662,1.237464,0.134443,0.862770,-0.458682,5.948411,4.415839,1.024292,3.256159,-0.766990,2.737887,-3.507808,0.573046,6.343614,3.214228,0.701452,-1.658634,2.763399,0.946085,6.502564,2.550013,-4.762363,6.343614,0.371012,0.1
416,0.4975336061469265,0.09522810216991597,0.18555399478744228,18,24,0.009149405819516386,True,-1.601664,-4.746495,0.395740,3.170698,1.263733,1.474945,-3.526833,3.302314,1.627736,0.219532,2.359651,-2.192289,3.427759,1.983960,-1.250682,-0.391162,-0.465708,3.713837,-1.540223,1.262838,0.182332,0.862770,-0.534173,6.195697,4.465659,1.010801,3.131553,-0.842021,2.769898,-3.562442,0.500896,6.339871,3.141323,0.752580,-1.633307,2.735614,0.944576,6.602135,2.569462,-4.746495,6.339871,0.367616,0.1
482,0.4905851427174883,0.09327446714137677,0.23554616653079224,18,39,0.015851881304142453,True,-1.393023,-4.744680,0.404568,3.108742,1.160639,1.340738,-3.499111,3.385074,1.701461,0.142902,2.298757,-2.245857,3.241698,1.999484,-1.127333,-0.288130,-0.259681,3.663870,-1.619913,1.351413,0.147362,0.862770,-0.689512,6.456578,4.359929,0.980045,3.211052,-0.850328,2.712100,-3.661564,0.534004,6.192865,3.198756,0.659366,-1.726289,2.929977,0.942742,6.621176,2.573165,-4.744680,6.456578,0.366375,0.1
165,0.6816680216330391,0.0943170064121984,0.16166098128589573,18,76,0.0077537572697887825,True,-1.673363,-4.735013,0.391642,3.231059,1.289018,1.430440,-3.536957,3.284598,1.577046,0.255841,2.402020,-2.239306,3.523434,1.987683,-1.269608,-0.423028,-0.523468,3.711152,-1.506993,1.255088,0.190679,0.862770,-0.597312,6.170374,4.510412,1.006733,3.134538,-0.845190,2.794293,-3.514968,0.479646,6.394697,3.118291,0.782667,-1.589706,2.603682,0.942580,6.635928,2.576029,-4.735013,6.394697,0.365904,0.1
221,0.49321849564542547,0.09027796570106089,0.23152481601378025,18,28,0.020276513838582345,True,-1.385023,-4.726769,0.403845,3.161313,1.112316,1.167794,-3.491733,3.411376,1.675410,0.154966,2.265273,-2.286475,3.265098,2.052329,-1.092151,-0.279591,-0.210753,3.661912,-1.614315,1.399291,0.145282,0.862770,-0.863256,6.705648,4.379605,0.954996,3.220520,-0.907367,2.725880,-3.663602,0.487459,6.166804,3.159056,0.664892,-1.717878,2.893201,0.940503,6.713839,2.591108,-4.726769,6.705648,0.362974,0.1
4,0.7473864212097255,0.08083973481164612,0.26409149624376077,17,77,0.09656320330745594,True,-0.702284,-5.214785,0.409756,3.223971,1.591827,1.512474,-2.344059,3.566760,0.656759,0.156619,4.170921,-1.769692,-1.600754,2.545192,-2.832502,-1.191205,0.170992,3.883727,-1.671347,2.374662,-0.874890,0.862770,1.377064,6.536281,4.985171,0.598551,3.092938,-1.211533,3.008956,-3.181701,0.188253,5.170457,3.111334,0.827557,-1.728795,4.156654,0.940447,7.183143,2.680139,-5.214785,6.536281,0.350895,0.1
197,0.4637593532182246,0.0862687062264071,0.21637233720557295,18,30,0.026461922087446355,True,-1.420355,-4.701550,0.401142,3.240975,1.080457,0.929893,-3.481630,3.430950,1.626917,0.164450,2.230383,-2.337005,3.329412,2.137188,-1.073105,-0.290581,-0.175655,3.685950,-1.587849,1.452244,0.167167,0.862770,-1.049322,7.069195,4.435619,0.925057,3.218270,-1.002303,2.763173,-3.662424,0.395782,6.146882,3.065195,0.693637,-1.688688,2.827058,0.939147,6.875862,2.622186,-4.701550,7.069195,0.358154,0.1
492,0.5412510883843661,0.0948382534509134,0.23969094191631915,18,37,0.01166030561172581,True,-1.368485,-4.753550,0.405315,3.075426,1.221819,1.423473,-3.508441,3.375086,1.711244,0.118547,2.333458,-2.257944,3.232757,1.939932,-1.117538,-0.277816,-0.276676,3.625448,-1.632438,1.329620,0.116106,0.862770,-0.651102,6.214120,4.327907,0.988598,3.210989,-0.791573,2.690199,-3.640017,0.597610,6.215339,3.266224,0.646071,-1.732974,2.885075,0.939016,6.530747,2.555533,-4.753550,6.215339,0.367444,0.1
215,0.3767964598402014,0.08893322998852557,0.21068691440840714,18,28,0.021123475667298507,True,-1.456476,-4.715161,0.400136,3.221831,1.098738,1.096166,-3.495552,3.398560,1.631632,0.179639,2.269484,-2.309284,3.348356,2.088511,-1.115808,-0.312163,-0.253705,3.684070,-1.580700,1.401024,0.172126,0.862770,-0.918903,6.794520,4.433523,0.948928,3.198366,-0.951404,2.758506,-3.650096,0.438780,6.199386,3.105275,0.703506,-1.678320,2.795799,0.938668,6.781377,2.604108,-4.715161,6.794520,0.360457,0.1
355,0.7026574217431437,0.09935664835659713,0.22430537023781622,19,17,0.004313885526581895,True,-0.088073,-4.169144,0.625433,2.378260,-0.286828,2.398427,-3.724553,3.860845,3.360365,1.057478,1.289030,-1.756975,-0.935013,1.908626,0.153862,-1.554817,1.369710,2.385812,-1.569827,0.265790,-1.991017,0.677703,-1.659953,5.678609,3.494898,1.862482,6.719985,0.660930,2.065631,-2.329980,0.600829,6.763317,4.312411,0.653483,-2.276148,1.546049,0.937434,6.963768,2.638895,-4.169144,6.763317,0.355237,0.1
431,0.4583451601188425,0.0946719771913252,0.22759223238658205,18,25,0.008054717850727335,True,-1.385203,-4.749206,0.403141,3.100789,1.275482,1.413660,-3.523254,3.364466,1.678481,0.128572,2.379595,-2.333765,3.296199,1.899360,-1.106830,-0.284753,-0.313584,3.584546,-1.622284,1.321272,0.085979,0.862770,-0.719562,6.045334,4.332300,0.985068,3.213579,-0.752381,2.689322,-3.563790,0.630458,6.264546,3.305710,0.652737,-1.708352,2.745344,0.933215,6.489594,2.547468,-4.749206,6.264546,0.366330,0.1
272,0.43221119846724476,0.09383404598913872,0.21417931182402333,18,39,0.0070669167980641975,True,-1.418065,-4.741342,0.400753,3.139871,1.288881,1.371893,-3.531318,3.357682,1.645465,0.147304,2.413176,-2.379943,3.356630,1.897643,-1.108679,-0.298976,-0.342450,3.573229,-1.605307,1.322155,0.085584,0.862770,-0.782716,6.024124,4.355192,0.979363,3.241640,-0.749714,2.701341,-3.532847,0.623055,6.297780,3.301559,0.666310,-1.684201,2.651550,0.931372,6.510717,2.551611,-4.741342,6.297780,0.365013,0.1
390,0.7100908099713565,0.09050945394686287,0.1288624342117316,18,25,0.005961013465367947,True,-1.710423,-4.701787,0.386147,3.354179,1.299989,1.221684,-3.555064,3.287548,1.478891,0.265173,2.460001,-2.443026,3.676940,1.940066,-1.194280,-0.431905,-0.553740,3.633893,-1.475021,1.292462,0.171662,0.862770,-0.873356,6.147614,4.545868,0.971957,3.199754,-0.831487,2.811090,-3.437459,0.476132,6.467010,3.139180,0.804233,-1.532022,2.305358,0.929445,6.694087,2.587293,-4.701787,6.467010,0.359235,0.1
181,0.6584221586346992,0.08822932942355927,0.12434796480289297,18,23,0.010974157251594773,True,-1.722960,-4.687845,0.385403,3.403151,1.252132,1.091770,-3.542805,3.302503,1.463383,0.261315,2.453453,-2.460064,3.691400,2.029295,-1.183038,-0.435011,-0.523595,3.663341,-1.459771,1.327872,0.216025,0.862770,-0.956177,6.418117,4.575755,0.955426,3.089987,-0.910580,2.833284,-3.518445,0.413817,6.435074,3.076903,0.838907,-1.521868,2.291813,0.928076,6.798297,2.607354,-4.687845,6.435074,0.355945,0.1
173,0.7677643144383755,0.08988434058494947,0.13361212630711136,18,23,0.005234085264021622,True,-1.668852,-4.698760,0.386933,3.353877,1.299497,1.181863,-3.558543,3.299601,1.476394,0.241146,2.466140,-2.498183,3.671712,1.899149,-1.148784,-0.410815,-0.528614,3.595558,-1.488599,1.308550,0.147985,0.862770,-0.938685,6.103093,4.522238,0.962074,3.239473,-0.807638,2.795976,-3.423978,0.503835,6.463612,3.179196,0.783656,-1.540463,2.268655,0.925030,6.674246,2.583456,-4.698760,6.463612,0.358059,0.1
108,0.5560406371291051,0.08590365633609998,0.1081225145916373,5,23,0.04421136886841683,True,-2.785204,-6.070395,0.501350,2.633438,1.072568,0.619337,-2.049283,2.322536,-1.292875,-2.363617,1.982255,-2.645660,-1.009864,-0.357872,5.160664,-1.879537,2.861171,4.164404,0.687927,-4.553999,1.337976,-1.785976,-2.316704,7.606058,4.114997,4.147994,4.130630,4.973098,3.187280,-3.428097,3.890660,4.113430,6.750181,-1.614735,-3.047049,4.156654,0.922604,11.467243,3.386332,-6.070395,7.606058,0.272449,0.1
201,0.4094343826635629,0.08900427646090882,0.23444523695175995,18,35,0.015223601985930832,True,-1.293599,-4.717409,0.404370,3.180907,1.180652,1.097574,-3.510986,3.431230,1.648889,0.086938,2.380696,-2.509461,3.295626,1.954322,-0.991745,-0.231234,-0.178993,3.529631,-1.641858,1.425065,0.092886,0.862770,-1.070250,6.410652,4.317756,0.931855,3.237002,-0.821950,2.682899,-3.641015,0.601474,6.196609,3.307024,0.634754,-1.717872,2.647193,0.922567,6.630457,2.574967,-4.717409,6.410652,0.358283,0.1
196,0.465563352981482,0.08427508379540191,0.218713123195323,18,30,0.02381585972122534,True,-1.338286,-4.689373,0.401558,3.274464,1.063689,0.826755,-3.496099,3.453130,1.600380,0.086143,2.336867,-2.536835,3.358349,2.057002,-0.962056,-0.245626,-0.134350,3.574447,-1.590728,1.486470,0.134661,0.862770,-1.262234,6.894350,4.388336,0.899367,3.235024,-0.956589,2.730057,-3.644680,0.478952,6.163209,3.184276,0.666654,-1.688426,2.579987,0.921989,6.825621,2.612589,-4.689373,6.894350,0.352903,0.1
202,0.44572523355723864,0.08620230893978748,0.23685286459653632,18,34,0.02079666819326543,True,-1.272033,-4.702906,0.404803,3.215793,1.102309,0.936574,-3.498439,3.459588,1.639574,0.066198,2.344835,-2.533921,3.288699,2.004155,-0.949987,-0.216335,-0.112685,3.538124,-1.637970,1.473034,0.098841,0.862770,-1.203721,6.698850,4.329673,0.909340,3.252076,-0.890002,2.692897,-3.651139,0.551342,6.150956,3.262232,0.630837,-1.722432,2.646710,0.921351,6.728829,2.593999,-4.702906,6.698850,0.355186,0.1
175,0.7296493679889481,0.08880597119232571,0.12491713608271746,18,26,0.00404631374391842,True,-1.671234,-4.689298,0.385496,3.384115,1.300825,1.115644,-3.573840,3.298680,1.448113,0.232116,2.478657,-2.562001,3.714140,1.853302,-1.114343,-0.409482,-0.537138,3.563385,-1.470989,1.318867,0.141954,0.862770,-1.008642,6.062990,4.525211,0.950855,3.281638,-0.792027,2.795953,-3.390331,0.507911,6.487888,3.196822,0.782259,-1.525440,2.179768,0.920128,6.679259,2.584426,-4.689298,6.487888,0.356028,0.1
212,0.5041354985863381,0.08585391062305983,0.24846197507193654,18,28,0.021643524680406354,True,-1.219528,-4.702872,0.406902,3.195767,1.091062,0.913587,-3.493700,3.477680,1.656211,0.041863,2.336192,-2.552327,3.246271,1.994161,-0.915787,-0.189963,-0.064832,3.515920,-1.656396,1.490143,0.080081,0.862770,-1.241446,6.715562,4.299074,0.902667,3.269791,-0.879983,2.674736,-3.658846,0.572570,6.121635,3.289205,0.607115,-1.744095,2.673050,0.919840,6.718759,2.592057,-4.702872,6.715562,0.354869,0.1
336,0.7612174832670917,0.08645469020868567,0.20912780210722065,18,66,0.015960313970911487,True,-1.357575,-4.698013,0.399860,3.269382,1.175616,0.966535,-3.519678,3.422943,1.585443,0.096969,2.425448,-2.592370,3.407565,1.971031,-0.966693,-0.257955,-0.217440,3.526303,-1.594262,1.441146,0.121042,0.862770,-1.189328,6.502275,4.372735,0.915145,3.215093,-0.855240,2.714926,-3.619325,0.556551,6.240063,3.269635,0.673461,-1.671061,2.473186,0.918505,6.708235,2.590026,-4.698013,6.502275,0.354632,0.1
374,0.5229812990348558,0.09703088676359566,0.22914795456574477,19,18,0.00020189453045975792,True,0.456195,-4.987718,0.306370,2.710414,-0.006535,1.718488,-3.459431,3.897501,3.059112,1.880288,2.037238,-2.799086,-1.599297,1.337378,0.114614,-1.365702,0.918898,2.447819,-1.389172,0.878658,-1.330369,0.963602,-1.439076,5.109907,3.641816,0.354124,7.114524,0.838562,2.225039,-2.815988,0.858356,6.594187,4.126228,0.381516,-1.850065,2.082357,0.916965,7.160805,2.675968,-4.987718,7.114524,0.342667,0.1
323,0.4526071604590084,0.08476437108236197,0.23294273962998988,18,32,0.01968052343958392,True,-1.247669,-4.693422,0.404100,3.246069,1.123829,0.864333,-3.506229,3.467797,1.615214,0.042282,2.396545,-2.636685,3.323422,1.971425,-0.886505,-0.201765,-0.101617,3.488727,-1.624256,1.491585,0.096696,0.862770,-1.309152,6.633916,4.318733,0.894313,3.255192,-0.868191,2.684282,-3.639076,0.578788,6.165726,3.304986,0.625999,-1.713180,2.517556,0.915182,6.721043,2.592497,-4.693422,6.633916,0.353012,0.1
101,0.668870820160082,0.07818842753205324,0.1260104344984821,5,28,0.01432797545927698,True,-1.512934,-3.988938,0.501350,2.689678,4.168666,0.619337,-2.695794,1.929447,-1.920621,-2.164178,1.982255,-3.452199,3.329462,2.505000,2.993221,-1.852259,1.358378,2.600120,1.777337,-2.809866,0.694508,-1.750831,-1.184971,6.505010,4.061184,6.023467,4.403590,1.127754,2.823871,-3.428097,-0.933700,5.143210,3.714114,-1.554967,-3.085659,4.156654,0.910350,8.828610,2.971298,-3.988938,6.505010,0.306381,0.1
251,0.4814820290670773,0.08196751525353824,0.2146399941771968,9,26,0.08886836056938993,True,-0.029150,-3.594458,0.501350,2.628345,3.121847,0.619337,-1.325682,3.466439,2.766910,-2.998520,1.982255,-3.187093,-1.009864,2.409587,1.979176,-0.861549,-1.351671,5.297261,-1.612335,0.382228,-0.617486,-1.561915,-2.316704,7.346673,3.030401,-1.047485,3.231221,3.710028,2.984851,-3.428097,3.890660,4.160274,2.379445,-0.415272,-2.039546,4.156654,0.906892,7.607242,2.758123,-3.594458,7.346673,0.328808,0.1
154,0.7522074137444796,0.08957670187334778,0.24926561128928393,18,24,0.004606355019778115,True,-1.143815,-4.718281,0.407048,3.123600,1.281283,1.120216,-3.536204,3.448648,1.645318,0.003859,2.438255,-2.702217,3.285099,1.709738,-0.831914,-0.158861,-0.144083,3.347315,-1.693881,1.432694,-0.046154,0.862770,-1.207098,5.827472,4.194903,0.915198,3.418123,-0.627216,2.601843,-3.491103,0.795490,6.232616,3.528267,0.544348,-1.748934,2.466709,0.905029,6.423808,2.534523,-4.718281,6.232616,0.357081,0.1
477,0.43705777508614685,0.08691584055652492,0.24371943367648477,18,76,0.008720712269762738,True,-1.149163,-4.703513,0.406043,3.178587,1.271977,0.994822,-3.531746,3.464667,1.622269,-0.005982,2.440056,-2.751509,3.312752,1.765735,-0.801393,-0.157360,-0.115083,3.353918,-1.666276,1.467918,-0.010379,0.862770,-1.312445,6.042757,4.220019,0.897394,3.288999,-0.681748,2.617936,-3.545274,0.750054,6.216430,3.494874,0.574281,-1.737233,2.411870,0.902417,6.499283,2.549369,-4.703513,6.216430,0.353977,0.1
152,0.6891762805760927,0.0903519582809485,0.2396770418747511,18,23,0.0002064792271946014,True,-1.165905,-4.719672,0.405312,3.122547,1.284454,1.138723,-3.577817,3.428846,1.625308,0.011462,2.448020,-2.719892,3.286078,1.628045,-0.833487,-0.171038,-0.192690,3.322763,-1.684288,1.411112,-0.066788,0.862770,-1.186997,5.635009,4.195812,0.918673,3.549141,-0.574759,2.599733,-3.415966,0.807423,6.280533,3.553327,0.531605,-1.732568,2.421458,0.900730,6.386925,2.527237,-4.719672,6.280533,0.356409,0.1
260,0.7495588663131533,0.08003123567683464,0.14486424291637404,18,34,0.012239361782524091,True,-1.389426,-4.635884,0.388809,3.475324,1.236996,0.717259,-3.555413,3.391414,1.413070,0.090567,2.487782,-2.875760,3.702343,1.845028,-0.854015,-0.297880,-0.328014,3.429338,-1.446750,1.478660,0.152107,0.862770,-1.542175,6.381077,4.458609,0.866434,3.162178,-0.839307,2.759955,-3.509080,0.524592,6.385784,3.279644,0.752407,-1.556229,1.953694,0.899053,6.772105,2.602327,-4.635884,6.385784,0.345480,0.1
81,0.6667627058946752,0.07771733146488162,0.12390545549002732,18,27,0.013516641318660389,True,-1.411738,-4.612951,0.385330,3.546601,1.219421,0.619756,-3.558000,3.380813,1.362774,0.097677,2.499309,-2.933427,3.786214,1.854247,-0.840426,-0.317000,-0.359039,3.428732,-1.394657,1.494746,0.189876,0.862770,-1.724353,6.465204,4.500432,0.851071,3.144522,-0.874466,2.785764,-3.505999,0.480603,6.413833,3.241642,0.784340,-1.518431,1.836786,0.893944,6.856028,2.618402,-4.612951,6.465204,0.341408,0.1
408,0.6238571694765372,0.08723373411079065,0.3040261094475248,18,21,0.017319644068774585,True,-0.965606,-4.744932,0.402479,3.054010,1.138050,0.962601,-3.498101,3.519949,1.727706,-0.095404,2.358409,-2.691127,3.034809,1.820222,-0.770283,-0.091284,0.068277,3.345505,-1.780611,1.505153,-0.043030,0.849827,-1.341665,6.336477,4.091172,0.875298,3.318079,-0.749119,2.546336,-3.691131,0.761587,6.019336,3.500912,0.471629,-1.866898,2.715381,0.891500,6.535333,2.556430,-4.744932,6.336477,0.348729,0.1
463,0.8503020277938023,0.08703226592704201,0.16770179297804644,19,19,0.013954160353331467,True,0.757817,-3.731473,0.754432,2.221648,0.215050,0.912355,-3.589323,3.625796,2.658461,1.297553,2.189339,-4.975812,-1.931061,1.183679,0.119328,-0.951306,0.804805,2.356480,-0.935382,1.463614,-0.771227,0.618692,-3.563830,5.723673,4.210765,0.406742,6.961885,1.065745,2.568436,-2.400056,0.487946,6.756865,4.178517,1.027942,-2.165520,2.220594,0.882588,7.793285,2.791646,-4.975812,6.961885,0.316153,0.1
69,0.662153652001018,0.07809564480635123,0.12994552289209604,19,17,0.02250683143225078,True,-0.003312,-4.396905,0.603891,2.530576,-0.557268,1.631871,-3.708786,3.779111,3.175223,1.224274,1.409240,-2.379134,-1.038527,2.066528,0.005877,-1.237384,1.151140,2.381483,-1.268709,0.602832,-1.925406,0.719995,-2.056834,6.630566,3.709748,1.859267,5.976751,0.225596,2.203335,-2.213038,0.208934,6.659842,4.083933,0.919045,-2.185886,0.511383,0.869424,7.060015,2.657069,-4.396905,6.659842,0.327212,0.1
143,0.7834237238481337,0.0660472894930878,0.27483640676316545,5,13,0.06585537343656088,True,-0.374474,-7.989384,-0.246201,2.846298,0.479117,2.588910,-0.780662,5.303062,-3.054330,-2.196187,-0.072403,-2.422956,-0.490315,0.887783,4.995556,-1.241233,2.822684,3.729921,-0.559250,0.208385,0.879271,-1.164960,-4.829228,4.322498,5.562304,2.692427,5.758985,3.015977,1.323926,-1.681461,4.322788,4.448236,7.044148,-2.238816,-6.517771,3.377695,0.854176,12.213748,3.494817,-7.989384,7.044148,0.244412,0.1
140,0.6740843023398425,0.0679393339139322,0.13822040529126223,34,6,0.07370443625825275,True,-0.093211,-5.296728,-0.603494,1.406171,-0.399941,3.922978,-2.162876,4.429244,1.131525,-1.488171,2.164788,-5.672092,1.018277,2.117398,2.695286,1.028986,-0.517221,2.281923,-2.970450,2.111054,-1.685118,0.818234,-0.799942,5.740731,4.612895,0.988745,4.648912,-1.427907,1.209649,-3.652499,3.826148,5.800466,5.874063,0.434760,-3.831478,3.044266,0.852927,9.193068,3.032007,-5.672092,5.874063,0.281308,0.1
103,0.5875776926494247,0.0803824450535689,0.18491411731569518,5,34,0.07191771278851786,True,-2.614874,-7.614655,0.501350,2.553578,1.072568,0.619337,-1.604014,3.340847,2.766910,-2.221938,1.982255,-2.780884,-1.009864,-0.357872,2.389245,-1.755296,2.861171,4.808414,0.299967,-3.953149,1.291065,-1.628070,-2.316704,7.458595,4.042392,4.083367,3.683668,0.634215,2.873123,-3.428097,3.890660,4.152891,6.767481,-1.652834,-3.217189,4.156654,0.835398,10.965857,3.311474,-7.614655,7.458595,0.252274,0.1
407,0.7156674697986263,0.09193897647962801,0.2288609443988867,5,25,0.014279198868192358,True,-1.754691,-4.343573,0.501350,2.607164,4.940365,0.619337,-2.457546,1.798804,-1.118965,-2.288844,1.982255,-2.862655,3.012099,-0.357872,3.553925,-1.675021,1.686814,3.268607,0.543038,-4.096747,0.820618,-1.529250,-1.308906,6.220626,3.894653,5.346570,4.444286,0.656873,3.113239,-3.428097,-0.583583,4.468888,5.050423,-1.602083,-3.318996,4.156654,0.832215,9.070510,3.011729,-4.343573,6.220626,0.276325,0.1
123,0.7739348518055962,0.06364733397389677,0.12478425027379604,19,17,0.01649013009387617,True,0.409280,-4.543271,0.627026,2.239921,-0.327780,1.529692,-3.672493,3.761847,3.082101,1.001167,1.397667,-2.302389,-1.109130,1.691682,0.582673,-0.692373,1.265962,2.124390,-1.514688,0.822887,-2.195919,0.722539,-2.112274,6.092013,3.324434,1.927459,5.729087,-0.067504,2.022191,-2.500983,0.565405,6.601554,4.229765,0.952772,-2.138532,0.247308,0.827041,6.732156,2.594640,-4.543271,6.601554,0.318750,0.1
138,0.6379970803987174,0.06610605552187707,0.11461676193995769,18,12,0.06558705508843667,True,0.021959,-3.678716,1.912382,2.742291,-0.347689,1.181108,-2.458020,3.740071,1.691596,-0.157123,1.005934,-2.498511,3.804127,1.805744,-1.161360,-0.701583,2.153324,3.926119,-2.464952,0.672570,-1.623889,0.656801,-4.050631,7.592035,4.270744,1.701940,2.235346,-1.345160,2.521678,-3.672983,3.281492,6.009623,4.052232,-0.165312,-2.970413,0.008512,0.824758,7.860677,2.803690,-4.050631,7.592035,0.294169,0.1
263,0.740305793407494,0.08774354138371991,0.26801873877497756,19,20,0.015589666365843807,True,0.038372,-4.660174,0.582095,2.810946,-0.269684,0.116989,-3.614610,3.509048,2.428063,-0.656672,2.114615,-4.428491,-1.656148,1.358144,-0.223171,-0.057626,0.615933,2.289792,-1.265177,1.071451,-1.166782,1.033305,-0.542213,5.939273,4.247185,1.090582,6.487411,0.688187,2.410206,-3.025156,0.478683,5.968493,4.054031,0.770656,-1.941201,2.604293,0.811129,7.238249,2.690399,-4.660174,6.487411,0.301490,0.1
157,0.6898091169957169,0.09011376613529144,0.28093369967527426,17,19,0.010356870681585351,True,0.645010,-4.208181,0.589558,2.514538,1.430254,1.658635,-2.901571,3.446485,1.638955,0.512651,3.408438,-3.221159,-1.235174,0.858471,-0.263734,-1.390263,0.564420,2.960650,-1.547542,2.233904,-0.483906,0.678720,-4.207331,4.514565,4.371333,0.277702,4.138894,-0.064274,2.381659,-2.217273,1.077078,6.537268,3.915223,0.663503,-1.974272,1.585072,0.802453,6.404183,2.530649,-4.208181,6.537268,0.317094,0.1
139,0.6462628940257792,0.06149657584689124,0.11326622058135073,18,12,0.0589139737256581,True,0.176016,-3.693303,1.902263,2.790011,-0.390250,1.237638,-2.497540,3.748084,1.630695,-0.391309,1.221852,-5.110334,3.772290,1.792327,-0.702687,-0.648163,2.142169,3.689035,-2.409569,0.717203,-1.456296,0.657377,-4.287741,7.573083,4.139269,1.598656,2.276194,-1.290946,2.451564,-2.443988,3.301704,6.019319,4.165570,-0.191818,-2.869238,0.262748,0.802275,8.194329,2.862574,-5.110334,7.573083,0.280263,0.1
52,0.8884538922356179,0.05916836359300595,0.23006375062504494,21,12,0.00769953648209628,False,0.941988,-3.938867,2.285126,2.514565,-1.851105,5.443223,-1.953503,2.549730,1.921491,-1.495024,1.973153,-5.163971,-1.539677,1.775963,1.646251,0.403338,1.400495,3.010368,-2.384076,-0.356785,-1.347871,-1.079502,-4.684765,6.610069,3.541612,1.179601,3.911651,-1.399322,1.538517,-1.445431,3.338527,6.401206,5.646628,0.787482,-3.517745,2.155245,0.800516,9.025328,3.004218,-5.163971,6.610069,0.266464,0.1
469,0.4569985601102907,0.09999468207780626,0.20191688894617812,19,29,0.027159455131067482,True,-1.001126,-4.968817,0.398592,3.067656,-0.327421,0.454019,-3.330132,3.258273,2.089503,0.291859,2.185464,-3.245806,-1.613117,2.166180,-1.103073,-0.448450,-0.651002,2.878403,-0.685565,-0.087305,0.222179,0.862770,-2.177247,7.258330,4.611560,0.817556,6.538120,-0.111655,2.849327,-3.136325,-0.245371,5.907750,3.563699,0.730957,-2.007896,3.572109,0.794000,7.945740,2.818819,-4.968817,7.258330,0.281678,0.1
129,0.8162370650173952,0.07415674381813109,0.0909371574925495,18,10,0.020053516093370652,True,1.048106,-2.622993,0.507436,2.658579,0.525464,0.546863,-2.209252,4.003282,3.253398,-2.511589,1.750972,-3.993853,3.021393,-0.087037,-0.115975,-0.975026,2.269243,2.987904,-1.430658,-0.583749,-1.459371,0.375226,-4.677016,6.536013,3.923941,1.594870,2.849456,-0.402636,2.038847,-5.648360,5.518263,5.750444,4.885609,0.316190,-2.547784,1.481949,0.793838,8.625648,2.936945,-5.648360,6.536013,0.270294,0.1
224,0.5383698193454759,0.09900149480224109,0.2246619428035693,17,42,0.024321778698122125,True,-0.789664,-5.245960,0.402617,3.065319,1.652204,1.482055,-2.675596,3.407459,0.939248,0.183883,3.996823,-2.002141,-1.301863,2.002232,-1.840150,-1.019994,-0.756019,4.037512,-1.740892,1.540578,-0.026337,0.862770,-0.771331,5.208745,4.971399,1.033189,3.057393,-0.606563,2.602285,-2.913152,0.214117,6.051241,3.008376,0.703552,-1.670207,1.440032,0.791754,6.355318,2.520976,-5.245960,6.051241,0.314067,0.1
168,0.6714510716300517,0.09436242726070376,0.20023888458725492,5,79,0.01054022647153043,True,-1.918890,-4.519140,0.501350,2.634724,4.968335,0.619337,-2.436779,1.565252,-1.160543,-2.289491,1.982255,-2.809060,3.106705,-0.357872,3.333646,-1.728124,1.605939,3.260843,0.441486,-4.494547,0.876004,-1.594322,-1.272462,5.973201,3.952728,5.456910,4.473672,0.521293,3.163898,-3.428097,-0.686783,4.425176,4.892025,-1.600127,-3.252387,4.156654,0.787856,9.164658,3.027319,-4.519140,5.973201,0.260249,0.1
332,0.5032882331604531,0.09296927278659584,0.09885124133967602,5,24,0.00950327516013063,True,-2.315568,-4.520255,0.501350,2.711193,5.160738,0.619337,-2.439160,1.305432,-1.565887,-2.325080,1.982255,-2.630037,3.403270,-0.357872,3.172853,-1.893306,1.429031,3.343764,0.877146,-4.665737,1.030866,-1.803811,-1.155329,6.097937,4.141517,5.835974,4.455504,0.528591,3.258602,-3.428097,-1.017119,4.518086,4.460745,-1.592362,-3.006738,4.156654,0.785402,9.498160,3.081909,-4.665737,6.097937,0.254843,0.1
146,0.6151565393804085,0.077397922457669,0.321001491662001,12,17,0.06941230787164306,True,0.576056,-8.069393,1.334500,2.671704,1.770646,1.907475,-2.630031,4.191291,3.222719,-1.912114,1.158332,-1.614218,-1.025459,-0.093668,-0.228296,-1.627737,0.519582,3.002495,-2.118146,-0.656618,-1.456397,4.068736,-1.396825,5.347969,1.695222,-1.119505,4.079187,-0.545837,2.009054,-0.291492,8.545600,5.455380,-1.184407,0.108381,-0.823144,3.351654,0.783964,8.856567,2.975999,-8.069393,8.545600,0.263429,0.1
93,0.6161736788463165,0.0771550948346633,0.11151097674069597,8,22,0.05668570478110882,True,0.705884,-7.017215,4.702172,2.385594,2.597605,0.619337,-1.506828,3.152961,-2.964421,-2.881158,1.982255,-3.875654,-0.162825,2.518760,5.133473,-0.360437,2.861171,3.784935,-0.218009,-0.043753,-0.287286,-1.779393,-2.316704,6.477976,3.238709,0.019501,3.916107,2.500713,2.035968,-4.249744,3.890660,4.263552,-2.040957,-0.665666,-2.380723,4.156654,0.783145,9.485485,3.079851,-7.017215,6.477976,0.254280,0.1
430,0.49484624585713116,0.09224419920953049,0.18113577675522416,27,18,0.01919705818154137,True,-1.319681,-4.959832,0.243286,3.764810,-0.744513,4.230540,-2.324184,2.330186,2.874841,1.098882,1.597635,-6.092192,-4.127325,0.536292,1.204683,-0.019216,-0.545304,1.975581,-2.591363,1.331474,-1.572164,-0.117348,-2.123130,5.419442,3.989686,1.011812,5.291894,0.100073,0.903714,-1.420784,5.061347,5.953954,5.661776,0.497438,-1.611499,2.645247,0.782113,9.015914,3.002651,-6.092192,5.953954,0.260474,0.1
243,0.4659963853130622,0.08883815195192625,0.22971665753682904,15,35,0.09730789491579703,True,-3.003576,-5.634070,0.403521,2.060897,1.567405,2.036964,-1.553176,4.031199,-1.804756,0.063643,1.982255,-1.788127,-1.330566,2.386079,-3.212615,-2.469468,2.861171,3.330746,-2.151192,1.561240,0.484728,0.862770,0.036356,7.360474,3.529108,1.332859,3.968173,0.051625,3.072796,-3.168666,0.693096,4.819450,2.218314,0.622329,-1.240610,4.156654,0.781584,7.472013,2.733498,-5.634070,7.360474,0.285928,0.1
422,0.5197838514871349,0.0949199539547598,0.1811645997886289,19,24,0.009874581411016447,False,-0.777228,-5.026474,0.394981,3.120575,-0.178560,0.390694,-3.390901,3.292650,2.107233,0.336721,2.333099,-3.585425,-1.616624,1.837011,-0.752634,-0.176695,-0.583401,2.806686,-0.878462,0.322047,0.103935,0.862770,-2.278713,6.268533,4.487405,0.774747,6.951430,-0.016340,2.740998,-3.086352,0.039040,6.109688,3.829792,0.700338,-1.909577,2.576027,0.781361,7.684310,2.772059,-5.026474,6.951430,0.281870,0.1
358,0.5743897856149501,0.09463563694087442,0.2047443143398067,19,69,0.006637929360790214,False,-0.652517,-5.044398,0.399088,3.075211,-0.106273,0.414310,-3.404460,3.324574,2.121552,0.282927,2.338257,-3.608911,-1.612617,1.743002,-0.653172,-0.070492,-0.445055,2.757613,-0.963120,0.400230,0.042113,0.862770,-2.322870,6.002720,4.397958,0.774733,6.979700,0.021593,2.682114,-3.107561,0.164574,6.073032,3.914586,0.644397,-1.937691,2.620112,0.780779,7.581509,2.753454,-5.044398,6.979700,0.283563,0.1
122,0.7436248114891126,0.06687284676169875,0.1477142915143262,27,14,0.019793632231050785,True,-0.159370,-5.520458,1.102985,4.092162,-1.016149,4.062958,-1.861482,2.940486,2.812844,0.934920,1.470561,-5.919554,-2.143231,0.429817,1.136892,0.579449,-0.095452,1.950086,-2.055623,0.848140,-1.625324,-0.189141,-4.300731,5.503772,4.132897,1.251644,5.667778,-1.555373,1.123190,-0.886429,2.374503,6.417482,5.365228,0.841723,-1.789398,2.163504,0.780147,8.807417,2.967729,-5.919554,6.417482,0.262877,0.1
223,0.4952595364147872,0.09296052856654106,0.2342573776667795,19,24,0.02229340196737914,True,-0.624016,-4.951077,0.404336,3.026596,-0.193769,0.231101,-3.340128,3.380049,2.184624,0.244932,2.297544,-3.600799,-1.607054,1.957612,-0.732482,-0.152917,-0.443549,2.738504,-0.903297,0.402932,0.106414,0.862770,-2.336086,6.945463,4.418357,0.754732,6.495893,-0.075098,2.711856,-3.150935,-0.084340,5.936466,3.817334,0.619092,-2.013518,2.720988,0.779126,7.698922,2.774693,-4.951077,6.945463,0.280797,0.1
371,0.23264990015805517,0.09368046760064702,0.20266231137105947,5,16,0.020490312495266515,True,-1.976229,-5.611342,0.499633,2.848795,3.707835,1.479078,-2.168114,2.033537,-0.542973,-2.362376,1.534518,-2.822246,3.286199,-0.798286,5.287643,-2.011757,1.912704,3.629218,0.461903,-4.637801,0.152952,-1.840418,-2.316704,6.415510,3.480911,4.391063,4.661273,1.068627,2.696712,-3.814494,0.204162,4.777047,5.771667,-1.493934,-3.706246,3.772107,0.776949,10.211031,3.195470,-5.611342,6.415510,0.243141,0.1
396,0.20017947424565366,0.09264845208722274,0.11396031537343031,19,22,0.02150250128176301,True,-1.071919,-4.963392,0.383701,3.250773,-0.396438,0.174435,-3.335266,3.233421,2.049094,0.464751,2.311876,-3.550011,-1.626156,2.114304,-1.020445,-0.400141,-0.823478,2.923105,-0.638968,0.216744,0.301568,0.862770,-2.257733,7.180997,4.720373,0.769028,6.633707,-0.168099,2.902612,-3.024417,-0.346130,6.115792,3.549153,0.854340,-1.825470,2.400167,0.776796,7.966299,2.822463,-4.963392,7.180997,0.275219,0.1
83,0.6230429564949299,0.09135785243994239,0.04661512797892542,19,24,0.026509588019160257,True,-1.329455,-4.929128,0.373044,3.367343,-0.553192,0.036430,-3.306481,3.168047,1.973372,0.575080,2.298568,-3.501657,-1.633336,2.279144,-1.226083,-0.553820,-1.014466,3.022133,-0.454469,0.131114,0.453446,0.862770,-2.220779,7.381895,4.895645,0.764235,6.456306,-0.273180,3.024559,-2.958410,-0.584025,6.140340,3.327178,0.991881,-1.731868,2.691166,0.776204,8.110916,2.847967,-4.929128,7.381895,0.272547,0.1
442,0.560338436440126,0.09229146207405803,0.20219886299482426,19,29,0.013501986484141965,True,-0.657646,-5.014650,0.398641,3.089193,-0.165988,0.279192,-3.383109,3.343216,2.128097,0.304143,2.330604,-3.695069,-1.613068,1.835444,-0.690077,-0.085166,-0.482051,2.761029,-0.920563,0.442455,0.087096,0.862770,-2.389223,6.417121,4.434882,0.752385,6.762551,-0.036818,2.710973,-3.107622,0.041256,6.049602,3.862167,0.657790,-1.940370,2.506446,0.774323,7.659833,2.767640,-5.014650,6.762551,0.279777,0.1
303,0.843066131155084,0.09374481319520898,0.22805751821758413,19,25,0.018505600549286003,True,-0.636753,-4.971769,0.403224,3.035470,-0.174825,0.291035,-3.355104,3.364099,2.178207,0.256645,2.306636,-3.599310,-1.608275,1.907308,-0.714968,-0.152824,-0.463526,2.744628,-0.917701,0.387872,0.089397,0.862770,-2.319145,6.724618,4.414142,0.761008,6.631936,-0.048113,2.705305,-3.141947,-0.020928,5.979664,3.843524,0.624649,-1.997834,2.482153,0.774202,7.653136,2.766430,-4.971769,6.724618,0.279856,0.1
150,0.422641649991759,0.06976504266525625,0.06806166563730394,9,20,0.0684787678786948,True,0.966961,-4.641749,0.388119,3.388477,2.837063,0.779580,-1.057957,3.532798,-3.092061,-3.237467,1.905862,-3.630012,3.773014,2.382789,3.332617,-1.349698,-1.090276,4.433211,-1.028569,0.388739,-0.665405,-1.560978,-1.999819,7.183107,2.855584,-0.686995,3.158659,3.714215,2.834406,-4.146999,4.003818,4.417530,-2.171004,-0.689435,-1.624600,4.143182,0.770742,8.667804,2.944113,-4.641749,7.183107,0.261791,0.1
67,0.7384636248094314,0.08776657217418438,0.23949638791819605,17,19,0.013302910089805805,True,0.647024,-4.101788,0.601275,2.570625,1.427034,1.688336,-2.898827,3.407715,1.602310,0.639698,3.414844,-3.285201,-1.339366,0.873978,-0.266713,-1.605873,0.549729,2.997261,-1.420003,2.299743,-1.700458,0.677985,-4.465794,4.698333,4.485592,0.180007,4.032230,-0.093975,2.447043,-2.094694,1.000338,6.657751,3.826127,0.770012,-1.928365,1.421969,0.769886,6.670596,2.582750,-4.465794,6.657751,0.298088,0.1
234,0.4987722844510363,0.08916048821726072,0.22019164953130613,19,27,0.02520877791008411,True,-0.603405,-4.955945,0.401820,3.066103,-0.225872,0.069623,-3.340109,3.396231,2.167121,0.278279,2.307756,-3.783643,-1.609784,1.978042,-0.722941,-0.098262,-0.400184,2.737293,-0.884229,0.519155,0.135760,0.862770,-2.476374,6.942976,4.444988,0.728537,6.338233,-0.122844,2.728853,-3.132836,-0.136129,5.942270,3.792134,0.639910,-1.983327,2.696056,0.769390,7.721135,2.778693,-4.955945,6.942976,0.276889,0.1
248,0.7390792848210769,0.08978231857970313,0.17141145786639422,17,20,0.015350910278715494,True,-0.212330,-4.827313,0.474969,3.384331,1.200206,1.253032,-3.061119,3.139072,1.192809,-1.212739,3.618962,-3.159979,-1.575191,1.227927,-1.000675,-1.429766,0.297411,3.289617,-1.134521,1.822904,-0.245124,0.975908,-2.120249,5.002517,4.904807,1.069086,3.527709,0.116804,2.437457,-2.583683,0.615275,6.447295,3.286282,1.046619,-1.247437,1.156746,0.768823,6.344491,2.518827,-4.827313,6.447295,0.305230,0.1
227,0.5107087208997657,0.09096617022438191,0.2340763311518843,19,28,0.019150184782925853,True,-0.546960,-4.981935,0.404303,3.031852,-0.157461,0.197838,-3.361247,3.396559,2.178958,0.249796,2.315707,-3.751450,-1.607090,1.869261,-0.647473,-0.048625,-0.367949,2.713538,-0.956312,0.511727,0.071792,0.862770,-2.438885,6.689466,4.377182,0.739017,6.539316,-0.057571,2.680532,-3.144240,0.015330,5.972120,3.881429,0.603012,-1.998014,2.406717,0.767861,7.641043,2.764244,-4.981935,6.689466,0.277784,0.1
235,0.5240818639059363,0.09630099596151066,0.2553735248728744,17,24,0.020483961764996877,True,-0.592041,-5.218929,0.408160,3.072429,1.575001,1.509804,-2.727576,3.423635,1.022871,0.032552,3.859244,-2.181748,-1.278691,1.799592,-1.588234,-0.795283,-0.573030,3.696474,-1.774028,1.549526,-0.052971,0.862770,-1.357540,4.980122,4.808685,1.002320,3.271666,-0.589267,2.516187,-2.899987,0.258138,6.043758,3.260511,0.618867,-1.728191,1.408199,0.767305,6.230838,2.496165,-5.218929,6.043758,0.307394,0.1
208,0.455644144446686,0.09272786333008745,0.23317022997177078,17,38,0.026504138867939057,True,-0.654221,-5.212818,0.404141,3.167335,1.559223,1.372595,-2.706649,3.425224,0.944204,0.060267,3.859926,-2.176745,-1.301605,1.917271,-1.626184,-0.837268,-0.550410,3.748776,-1.715635,1.587445,-0.091438,0.862770,-1.293498,5.296475,4.891826,0.998421,3.133766,-0.679870,2.569543,-2.867291,0.225030,6.039015,3.144107,0.674766,-1.681090,1.130872,0.767174,6.300791,2.510138,-5.212818,6.039015,0.305630,0.1
457,0.7985585775075857,0.08940996070200342,0.17665933728673028,19,41,0.015867654741597945,True,-0.698948,-5.018256,0.394205,3.147377,-0.218313,0.152239,-3.382226,3.335830,2.080714,0.354138,2.339788,-3.790354,-1.617347,1.876218,-0.723922,-0.062454,-0.504378,2.784138,-0.870998,0.499382,0.134913,0.862770,-2.481932,6.582407,4.494504,0.735286,6.662166,-0.084690,2.748780,-3.078384,-0.040113,6.057450,3.808246,0.703298,-1.895190,2.322780,0.766920,7.721865,2.778824,-5.018256,6.662166,0.275987,0.1
292,0.4592241136346025,0.08427417642275942,0.19841005420139415,17,55,0.03926862766474081,True,-0.703012,-5.189965,0.397977,3.349083,1.501965,1.078901,-2.666354,3.430945,0.806062,0.073040,3.820222,-2.231109,-1.352248,2.101438,-1.614070,-0.858363,-0.399015,3.765911,-1.577556,1.685447,-0.202974,0.862770,-1.252492,5.935045,5.012061,0.954066,3.134652,-0.876476,2.657869,-2.800339,0.193961,5.997602,2.996554,0.757007,-1.605087,0.245454,0.761916,6.485701,2.546704,-5.189965,5.997602,0.299177,0.1
439,0.7955169319637386,0.09491969762278334,0.1870999511276468,5,15,0.043924983287811345,False,-1.607485,-8.154507,0.744163,3.425903,-1.172728,3.691100,-1.008548,2.755559,0.895371,-1.909365,1.787095,-3.189131,0.426927,-1.992897,1.946663,-1.764490,3.175860,6.171446,-0.789694,-2.035805,-0.418310,-1.795402,-1.090685,5.440984,3.764430,2.522827,2.518960,2.664177,1.843018,-2.065288,5.345040,4.783511,6.199454,-1.642827,-3.964991,1.887544,0.760774,10.104410,3.178743,-8.154507,6.199454,0.239332,0.1
279,0.7463711418893649,0.09206502482754038,0.21090700519069597,17,38,0.022980242105452273,True,-0.706700,-5.213099,0.400174,3.222479,1.545208,1.425139,-2.727334,3.364119,0.918526,0.055408,3.844974,-2.235170,-1.288798,1.841624,-1.600581,-0.824105,-0.588538,3.665438,-1.649447,1.533462,-0.026702,0.862770,-1.487047,5.201665,4.913709,1.002300,3.139279,-0.706632,2.581445,-2.823486,0.193425,6.116515,3.161932,0.710399,-1.635295,1.083729,0.757522,6.298974,2.509776,-5.213099,6.116515,0.301828,0.1
180,0.7362205007063025,0.08442310664421498,0.10129811738087657,19,72,0.006598506829019329,True,-0.775709,-5.089808,0.381648,3.283165,-0.143642,0.091000,-3.387877,3.274998,1.895525,0.517027,2.391580,-3.885379,-1.627672,1.689019,-0.833781,0.093427,-0.545204,2.743339,-0.833495,0.476501,0.179084,0.862770,-2.651510,6.133628,4.572162,0.719231,6.815833,-0.092726,2.782621,-2.982580,0.003967,6.126181,3.786309,0.793817,-1.742743,2.235666,0.757121,7.689732,2.773037,-5.089808,6.815833,0.273030,0.1
478,0.5086197095453794,0.09774817651581491,0.21271021496372178,5,68,0.01310403287587579,True,-2.105824,-4.408207,0.501350,2.620971,4.406053,0.619337,-2.315793,1.479152,-0.973383,-2.312057,1.982255,-2.832262,3.066100,-0.357872,4.176436,-1.705372,1.714252,3.412067,0.302605,-5.158057,0.864569,-1.566297,-2.316704,6.119395,3.877880,5.054091,4.474938,0.421668,3.258711,-3.428097,-0.642390,4.214686,5.521959,-1.603824,-3.281282,4.156654,0.756603,9.588140,3.096472,-5.158057,6.119395,0.244344,0.1
66,0.744208099778842,0.08795989590347458,0.25342827797760487,17,20,0.012031759648245812,True,0.095950,-4.816819,0.441157,3.217255,1.155759,1.173313,-3.122319,3.242539,1.347595,-1.412960,3.478026,-3.275652,-1.365180,1.015820,-0.664436,-1.070978,0.556716,3.001580,-1.258303,1.826242,-0.364977,0.978426,-2.443179,4.727928,4.621799,1.029453,3.775206,0.171756,2.280867,-2.640082,0.876220,6.284866,3.600926,0.831073,-1.425365,1.364197,0.756512,6.216992,2.493390,-4.816819,6.284866,0.303407,0.1
432,0.4537690638595851,0.09549751011438323,0.20435547056362313,17,28,0.010321736819970655,True,-0.715587,-5.222006,0.399020,3.170563,1.546205,1.530439,-2.811252,3.272859,0.970546,0.019327,3.829035,-2.283554,-1.113563,1.610256,-1.535307,-0.767122,-0.716066,3.492425,-1.631528,1.367465,0.021764,0.862770,-1.821600,4.701946,4.850803,1.013426,3.698293,-0.638288,2.537832,-2.723463,0.387448,6.237979,3.306241,0.700332,-1.623156,1.290919,0.755983,6.258907,2.501781,-5.222006,6.237979,0.302178,0.1
163,0.7268564800021253,0.08803013687571924,0.24580277224932653,31,15,0.03202934638274536,True,-0.308136,-5.599620,1.281019,3.826412,0.969840,4.047465,-2.938230,4.164068,3.517728,0.035472,2.782523,-3.932337,-0.896145,1.326701,1.480875,0.811998,-0.371203,1.276038,-2.146508,0.072438,-2.508937,0.225367,-3.535713,2.631819,4.506422,0.990454,5.958809,-0.737424,0.022518,-2.750651,0.799265,5.946600,5.577207,0.389950,-2.650292,2.880001,0.754050,8.319753,2.884398,-5.599620,5.958809,0.261424,0.1
270,0.391820608016284,0.0824809920889148,0.13307339270154667,19,27,0.024178917909944572,True,-0.743796,-4.994190,0.386844,3.249266,-0.341207,-0.186410,-3.363882,3.336542,2.000513,0.445750,2.351563,-4.034875,-1.623708,1.991902,-0.785492,-0.000422,-0.508812,2.813416,-0.770291,0.644210,0.242338,0.862770,-2.702516,7.020498,4.602596,0.690432,6.287965,-0.209803,2.823382,-3.029056,-0.237021,6.037635,3.685671,0.782770,-1.819800,2.094626,0.749984,7.861611,2.803856,-4.994190,7.020498,0.267483,0.1
148,0.7254722398836527,0.07367146019093508,0.14426509245929406,5,15,0.064369999985208,True,-1.323480,-8.128521,0.637820,3.276157,-0.652166,3.571459,0.447368,2.299105,-2.083414,-4.500642,1.678058,-3.159838,0.304183,-1.857672,4.319804,-1.880719,3.365825,5.309109,-0.061432,-0.061086,-0.939565,-1.972644,-2.316704,5.735964,4.032731,2.652113,2.467212,2.956662,2.035144,-2.127138,5.480996,4.988354,6.327584,-1.665645,-4.226349,2.051557,0.749450,11.134718,3.336872,-8.128521,6.327584,0.224596,0.1
427,0.49859474513507385,0.09382988689910311,0.2131201309154213,17,42,0.005728888218743697,False,-0.628482,-5.207233,0.400566,3.161770,1.501779,1.496116,-2.899505,3.242243,1.004714,-0.087319,3.758621,-2.414877,-0.919565,1.452448,-1.381773,-0.650490,-0.652578,3.296924,-1.601764,1.315943,-0.034771,0.862770,-2.002681,4.537141,4.763331,1.003711,3.904501,-0.634344,2.493486,-2.669421,0.557728,6.253332,3.435009,0.664877,-1.637499,1.278167,0.748969,6.192680,2.488510,-5.207233,6.253332,0.300971,0.1
205,0.4924595658310696,0.08204032963402684,0.24273284588618751,19,31,0.022031846624464415,True,-0.323127,-4.989428,0.405864,3.032713,-0.134474,-0.087477,-3.376433,3.471938,2.116715,0.234403,2.337436,-4.052279,-1.605336,1.782694,-0.484584,0.244477,-0.131122,2.627819,-1.041049,0.827819,0.044958,0.862770,-2.758577,6.656942,4.296266,0.675273,6.236521,-0.098467,2.625898,-3.141948,0.079508,5.871173,3.960158,0.557961,-1.986122,2.223459,0.748954,7.583562,2.753827,-4.989428,6.656942,0.271968,0.1
495,0.25968561958631636,0.09439943584081185,0.25651736602441316,17,44,0.009450875534909774,True,-0.490593,-5.199675,0.408369,3.085286,1.504169,1.471683,-2.845139,3.330934,1.076763,-0.108193,3.737336,-2.416031,-1.065145,1.485652,-1.322803,-0.599360,-0.503092,3.316568,-1.704780,1.407528,-0.078850,0.862770,-1.984062,4.572562,4.674749,0.983893,3.795378,-0.580040,2.445631,-2.764233,0.552803,6.138528,3.495210,0.582974,-1.725129,1.396896,0.748293,6.149753,2.479870,-5.199675,6.138528,0.301747,0.1
16,0.9543277631300153,0.022210781047073025,0.19392175921245314,6,42,0.041741100314877905,False,2.157867,-5.293604,3.919176,2.811113,1.453710,-1.438368,-2.399471,2.607441,-1.750329,-2.015388,0.649182,-4.521203,-1.402190,2.051906,4.424355,-1.226199,1.815189,1.699960,-1.488905,0.371423,0.059915,-0.153377,-1.789510,6.556859,2.907980,2.254293,4.332139,1.134379,2.367034,-2.270861,1.235945,4.330478,2.830197,-0.939188,-2.603780,4.156654,0.745412,7.436087,2.726919,-5.293604,6.556859,0.273353,0.1
266,0.7258493009259832,0.08584843174849204,0.22964940696571604,17,26,0.027873685841272478,True,-0.532011,-5.181731,0.403509,3.276598,1.469420,1.270163,-2.741403,3.390802,0.930561,-0.059153,3.732319,-2.426209,-1.298700,1.784098,-1.381101,-0.671454,-0.334363,3.476311,-1.611801,1.588276,-0.122656,0.862770,-1.704780,5.364790,4.834000,0.942576,3.184703,-0.766563,2.547869,-2.805275,0.277200,6.056084,3.261441,0.659506,-1.667527,0.803303,0.744766,6.260717,2.502143,-5.181731,6.056084,0.297651,0.1
382,0.5116602629084409,0.09164652632685805,0.13918649448857884,17,22,0.0024886155705569108,True,-0.817958,-5.206291,0.387860,3.306379,1.488142,1.512829,-2.962238,3.106926,0.871538,-0.096653,3.767903,-2.419366,-0.771826,1.434540,-1.540237,-0.732914,-0.863964,3.280057,-1.421070,1.194400,0.005990,0.862770,-2.027488,4.582333,4.913902,1.017069,3.968821,-0.743919,2.578851,-2.531585,0.501153,6.419636,3.311959,0.801225,-1.493230,1.086877,0.743678,6.288424,2.507673,-5.206291,6.419636,0.296561,0.1
115,0.6538728129195459,0.07930548564040893,0.25199586192800066,19,22,0.008950604037762398,True,-0.150141,-5.045218,0.407545,2.964516,0.109599,0.034362,-3.358300,3.488203,2.016400,0.241700,2.360151,-4.018569,-1.603394,1.433917,-0.391921,0.474576,0.005471,2.431278,-1.182871,0.812234,-0.047145,0.862770,-2.840476,5.867290,4.130235,0.660783,6.412052,-0.010905,2.527044,-3.137454,0.393036,5.836792,4.117118,0.494060,-1.967724,2.409763,0.742688,7.315093,2.704643,-5.045218,6.412052,0.274598,0.1
231,0.48877142612922775,0.08951576309545745,0.25981311086002984,17,28,0.01545972326996948,True,-0.415706,-5.179950,0.408972,3.157188,1.461623,1.383537,-2.819818,3.356057,1.052864,-0.164289,3.683104,-2.510628,-1.228426,1.515288,-1.232940,-0.541843,-0.363937,3.262646,-1.668359,1.469428,-0.120570,0.862770,-2.012971,4.809055,4.666894,0.949596,3.581292,-0.643352,2.448585,-2.792751,0.513941,6.087784,3.498235,0.573990,-1.728723,1.207260,0.736829,6.148432,2.479603,-5.179950,6.087784,0.297156,0.1
253,0.7623174382705913,0.08576838651570498,0.19764518593294952,17,24,0.02289338297745669,True,-0.607046,-5.185822,0.397844,3.337560,1.462275,1.346463,-2.763832,3.309903,0.890566,-0.061760,3.737906,-2.457366,-1.282923,1.708210,-1.395765,-0.684965,-0.471352,3.416706,-1.530404,1.492345,-0.046781,0.862770,-1.853399,5.242773,4.877370,0.945295,3.208097,-0.795527,2.571481,-2.752763,0.262067,6.154430,3.257496,0.712974,-1.603154,0.800838,0.736181,6.274000,2.504795,-5.185822,6.154430,0.293909,0.1
309,0.46541367631862407,0.040778108433470274,0.25017298677935346,18,31,0.024264087115849976,True,0.102242,-4.713250,0.455512,2.529048,1.010906,-0.348942,-3.503363,3.483192,1.291269,-0.783472,2.351674,-4.201096,2.746118,1.178343,0.272305,0.636855,0.587010,2.629793,-1.276705,1.806017,-0.021048,0.862770,-3.518411,6.112524,3.098609,0.566141,3.407962,-0.545637,2.215095,-2.953302,0.927589,5.987132,3.918750,0.371117,-1.511050,1.313553,0.735701,6.402122,2.530241,-4.713250,6.112524,0.290763,0.1
26,0.7697433770780288,0.06918951976926933,0.14234945249808004,5,15,0.05487337893665861,True,-0.971710,-7.550476,0.653293,3.329872,-0.584945,3.578841,0.537046,2.009766,-2.090045,-4.919661,1.582596,-3.108413,0.393639,-1.841176,4.217949,-1.874876,3.353099,4.551951,0.221433,0.539454,-1.575502,-2.065996,-1.227786,5.484224,3.814748,2.390767,2.539266,2.798656,2.207573,-2.128411,4.718423,5.318361,5.857077,-1.698323,-4.055209,2.061884,0.735205,10.174325,3.189722,-7.550476,5.857077,0.230492,0.1
176,0.7335255915640532,0.08906277046507495,0.13540920811787796,17,23,0.0035975237832285515,True,-0.766404,-5.193265,0.387232,3.348622,1.455778,1.472709,-2.976332,3.097677,0.855431,-0.162607,3.702090,-2.485531,-0.778227,1.413815,-1.509785,-0.692879,-0.823867,3.220828,-1.381296,1.199238,-0.013594,0.862770,-2.118337,4.651132,4.905916,0.988000,3.927973,-0.780844,2.579804,-2.519944,0.512661,6.417309,3.328684,0.801775,-1.484043,1.016881,0.734982,6.285067,2.507004,-5.193265,6.417309,0.293172,0.1
423,0.48341625452459375,0.09799860318134788,0.1745427112787531,32,19,0.014874191610741008,False,-1.696096,-5.916647,0.852019,3.752589,1.540241,4.416361,-2.712115,4.568280,2.853910,0.028355,2.388356,-3.176175,-1.887858,1.956175,1.249788,0.567591,-0.668344,0.990252,-1.627915,0.408651,-0.058573,0.986899,-4.036840,0.692575,4.344250,1.033758,5.598735,0.603226,-1.039860,-2.515487,-1.571404,5.658706,5.978118,0.507652,-1.818621,4.204489,0.734862,8.259797,2.873986,-5.916647,5.978118,0.255694,0.1
120,0.7460963797753819,0.07059922610133262,0.1493895941977667,17,17,0.01519884274245711,True,0.261593,-3.989843,0.758434,1.950346,0.781719,3.485467,-3.276504,3.172443,2.277321,0.929547,2.077929,-4.051851,-0.477459,1.590121,0.014204,-1.864584,1.448334,2.947592,-2.089109,1.654874,-2.651135,0.685258,-2.837635,4.955478,3.076979,1.476677,3.553991,-0.300669,1.915515,-1.895154,1.052367,6.784976,4.014365,-0.427824,-1.954675,1.377626,0.734075,6.466628,2.542957,-4.051851,6.784976,0.288670,0.1
121,0.7454036982296876,0.06711006072521515,0.1488639548132472,17,18,0.0162049201832739,True,1.249330,-4.340214,0.246866,2.609744,1.130080,2.070519,-3.278036,3.939268,2.196434,0.033933,2.707739,-3.913084,-1.055579,0.484429,0.348048,-2.189321,1.143212,2.562038,-1.183556,1.917598,-2.592913,0.909581,-4.020275,4.583597,3.495878,0.533991,3.919293,0.143327,2.036344,-1.575414,1.253062,6.889866,3.644535,0.595804,-1.176585,1.105200,0.734021,6.597302,2.568521,-4.340214,6.889866,0.285776,0.1
106,0.623783995842767,0.07328979812564487,0.17794364075462105,9,67,0.06105035469805192,True,0.620273,-3.935934,0.501350,3.074728,2.836413,0.619337,-1.192134,3.514207,-2.743268,-3.027064,1.982255,-3.347262,3.176968,2.302212,2.879095,-0.445383,-1.422720,4.381536,-1.632743,0.661663,-0.619573,-1.643170,-2.316704,7.033774,2.682445,-0.455372,3.342547,3.175188,2.649558,-4.273510,3.890660,4.468624,-2.196135,-0.646379,-1.722176,4.156654,0.731388,8.028804,2.833514,-4.273510,7.033774,0.258120,0.1
7,0.8629900073215435,0.032533033076326434,0.21405199601615357,22,18,0.004522728891053806,True,0.550862,-5.216256,-0.669499,2.947778,-0.077980,2.894024,-3.337185,4.758782,3.160012,-0.033055,1.694135,-3.708515,-4.370230,1.415703,3.946962,0.310903,0.575069,1.733731,-1.706889,0.659783,-1.997548,-1.247813,-0.849797,4.382780,2.271744,1.145485,5.419247,0.132927,1.538825,-1.823392,1.420494,6.299759,5.208992,0.182692,-2.709486,1.400315,0.730649,7.853526,2.802414,-5.216256,6.299759,0.260721,0.1
240,0.45528085068792634,0.08651915064568155,0.22406443973797271,17,27,0.017031492006773005,True,-0.483325,-5.178207,0.402510,3.266705,1.442097,1.357307,-2.828741,3.304606,0.970893,-0.172967,3.685462,-2.539571,-1.247056,1.543483,-1.262102,-0.574671,-0.424382,3.259361,-1.566697,1.444203,-0.097236,0.862770,-2.052137,4.960569,4.755696,0.933975,3.495979,-0.730126,2.501502,-2.744012,0.454172,6.148290,3.421500,0.642772,-1.654826,0.988494,0.730175,6.205339,2.491052,-5.178207,6.148290,0.293119,0.1
287,0.8233385085161408,0.08320972378948718,0.25944115183200656,19,21,0.02499331751906314,True,-0.326869,-5.023453,0.385455,2.992843,-0.157094,-0.104505,-3.376923,3.452478,2.126858,0.185307,2.303318,-4.055333,-1.633434,1.790995,-0.520515,0.161520,-0.160139,2.614865,-1.058397,0.776915,0.021281,0.846419,-2.758657,6.720636,4.260315,0.660193,6.133599,-0.140413,2.608866,-3.188185,0.020851,5.833080,3.928160,0.518786,-2.059245,2.376477,0.726557,7.605021,2.757720,-5.023453,6.720636,0.263463,0.1
339,0.7775452220299143,0.09230148285153472,0.5733143947429029,17,51,0.011295417978901795,True,0.792966,-4.978968,0.469643,2.350949,1.327633,1.148534,-2.764603,3.761364,1.770571,-0.787204,3.177598,-2.894136,-1.099878,0.864219,-0.084946,0.353029,0.932191,2.498585,-2.279708,1.765225,-0.590585,0.862770,-2.322557,3.781460,3.429399,0.788524,3.982861,-0.112832,1.829995,-3.127192,1.568344,5.246213,4.426511,-0.136436,-2.384052,2.384671,0.720838,5.720383,2.391732,-4.978968,5.246213,0.301387,0.1
381,0.5053562597918301,0.09999059689335373,0.21484424725050172,28,18,0.0076956745352698315,True,-1.605943,-5.446815,0.669034,3.882905,-0.302520,4.265277,-2.823964,3.146490,2.564971,1.047126,1.825710,-6.252395,-3.719963,1.156426,0.401726,0.394720,-0.813769,2.101740,-3.155687,0.220819,-1.079970,0.070393,-2.135795,2.904062,4.609468,1.317830,5.773088,0.051719,0.322681,-2.465207,4.910785,5.718151,6.403765,0.275307,-2.298373,3.983008,0.719911,9.761722,3.124375,-6.252395,6.403765,0.230418,0.1
297,0.3550054470300037,0.09612235518946431,0.2067430683876702,19,14,0.042948439312531866,True,-0.694434,-4.708022,0.827216,2.817114,-1.161389,0.714655,-2.914897,3.988824,2.480919,0.596092,1.449958,-3.097177,-0.923113,2.168232,-1.153247,-0.451406,-0.327027,2.873576,-1.828056,-0.011787,-0.999876,0.516596,-3.050419,6.954324,4.337716,1.364676,6.139588,-0.560061,2.688815,-3.212289,0.616648,5.953428,3.620458,-0.001472,-2.117323,2.758796,0.712657,7.784126,2.790005,-4.708022,6.954324,0.255432,0.1
127,0.7337875634087972,0.07029315442302736,0.10580418955118874,24,14,0.02479248604225616,True,-1.100656,-5.137065,0.998177,2.882665,-1.433916,4.256607,-2.365688,2.476191,2.730842,0.917032,3.608271,-4.850076,-3.817657,0.656361,2.848053,1.116151,-1.363222,2.787189,-2.549721,0.634383,-1.968726,-1.422372,-3.314794,6.819536,4.554226,1.238832,6.119571,-1.588563,0.387119,-2.607268,4.774901,6.532797,4.089167,0.722203,-3.347647,1.319787,0.711186,10.416950,3.227530,-5.137065,6.819536,0.220350,0.1
126,0.7598966265003705,0.07129676388456825,0.1479563183808152,5,16,0.016421722821353898,True,-0.901955,-6.832338,0.393739,3.357260,2.947330,2.853977,-2.138611,2.909346,-0.724017,-4.877291,2.335640,-3.147238,4.259953,0.663388,3.768253,-2.878650,1.170905,2.601572,0.736441,-1.335759,-1.477330,-2.541565,-1.205136,5.090965,2.340598,4.126647,5.338130,2.147371,1.099973,-4.268491,0.911379,7.597929,4.062654,-1.426107,-4.359338,2.860502,0.707226,10.781071,3.283454,-6.832338,7.597929,0.215391,0.1
91,0.665313923569994,0.07832824728654528,0.13024906184031235,17,27,0.014970555035717894,True,-0.582309,-5.145054,0.386376,3.552717,1.317681,1.292534,-2.924936,3.119492,0.787481,-0.327695,3.582586,-2.693893,-1.034836,1.462881,-1.375888,-0.573313,-0.609559,3.106657,-1.267418,1.304406,-0.031288,0.862770,-2.305523,5.118008,4.876055,0.876782,3.527156,-0.938526,2.599918,-2.549134,0.429928,6.338645,3.328009,0.801560,-1.466836,0.588193,0.706490,6.309919,2.511955,-5.145054,6.338645,0.281251,0.1
111,0.6696950122031995,0.07778111007866323,0.13681734098109646,17,28,0.021415134188990166,True,-0.594768,-5.154339,0.387466,3.553169,1.332851,1.260369,-2.855418,3.172634,0.773605,-0.255733,3.664992,-2.657665,-1.275287,1.586809,-1.356558,-0.608537,-0.538672,3.202225,-1.296499,1.387634,-0.033346,0.862770,-2.158536,5.334856,4.923786,0.876474,3.276689,-0.959626,2.620364,-2.617106,0.322941,6.276684,3.257017,0.803182,-1.479241,0.389997,0.706255,6.352384,2.520394,-5.154339,6.276684,0.280216,0.1
71,0.6609065985554432,0.07814690246964116,0.1355302403768412,17,28,0.014611653798777545,True,-0.557005,-5.141633,0.387252,3.544742,1.312150,1.288362,-2.929607,3.123303,0.798840,-0.346378,3.564051,-2.708120,-1.019538,1.444738,-1.357925,-0.555360,-0.591800,3.086459,-1.274105,1.304789,-0.039292,0.862770,-2.325855,5.096128,4.855337,0.873063,3.547801,-0.931639,2.589566,-2.550328,0.450190,6.331726,3.350584,0.789060,-1.476543,0.610585,0.705732,6.295706,2.509125,-5.141633,6.331726,0.281266,0.1
455,0.8226691324030235,0.09137372727070786,0.1864931212148155,31,20,0.016808901730625162,True,-1.496935,-4.735211,1.317445,3.853344,1.366410,3.872694,-3.027745,4.590040,2.462389,-0.215013,1.893894,-3.469765,-2.466783,1.665920,1.564485,0.880259,-0.296302,0.965174,-1.691864,-0.379461,-0.967537,0.883360,-3.426218,1.012593,4.271758,1.138723,5.675023,1.049905,-1.312885,-2.812956,-1.357884,5.611036,6.177705,0.528399,-2.139881,4.336299,0.703345,8.014459,2.830982,-4.735211,6.177705,0.248446,0.1
375,0.5412693491027745,0.09750153227791182,0.12396905406264039,33,20,0.0014261105241754222,True,-1.905019,-6.045391,1.066934,3.515797,1.391088,4.337775,-2.139970,5.018530,2.547361,-0.223766,1.903847,-2.468281,-2.245881,2.017031,0.456842,0.426385,-0.744135,1.400080,-0.922002,0.087751,-0.333357,0.975067,-3.508655,-0.521866,4.495377,0.544712,5.906170,0.950866,-0.855083,-3.120112,-1.570001,5.929153,5.458634,0.462161,-1.186478,3.890611,0.694227,8.015715,2.831204,-6.045391,5.929153,0.245206,0.1
479,0.7888900378239556,0.09139997749811739,0.1669252213642002,28,20,0.021156578885489642,True,-1.840453,-5.214075,0.747670,4.120260,-0.350037,3.086967,-3.107557,3.414370,1.850325,0.739767,1.309808,-6.378441,-3.614444,1.365209,0.259493,1.096603,-1.271585,2.148534,-2.291918,-0.082750,-0.518821,0.026661,-2.370568,3.294686,4.945095,0.999155,5.378148,0.671395,0.187026,-2.550454,4.098129,5.777640,6.676385,0.623375,-2.419391,4.082304,0.691348,9.477149,3.078498,-6.378441,6.676385,0.224573,0.1
68,0.7362929667404708,0.08825199582805378,0.20776977797990262,35,20,0.011865240189347193,True,-0.971104,-5.633082,1.609297,3.451830,2.191717,3.309419,-2.671640,5.392207,2.499793,-0.388140,2.743928,-2.873328,-1.649424,1.672600,1.100784,0.387574,-0.512903,2.945879,-1.624206,1.006347,-0.059045,0.736288,-3.547623,-0.247220,3.733934,0.595209,5.458653,0.113421,-0.367051,-4.375767,-1.058851,4.652915,6.037644,0.005116,-1.405333,2.434595,0.685956,7.644960,2.764952,-5.633082,6.037644,0.248090,0.1
156,0.7120518173893257,0.09286940647589616,0.2975924786661866,20,17,0.004284775857903785,True,-0.124402,-5.712706,0.683230,2.815221,-0.994781,2.266140,-3.484823,3.247184,3.453948,0.707109,1.451275,-2.587558,-1.189282,2.184574,1.264734,-0.637525,1.089128,2.410299,-1.556706,-1.632277,-2.436559,0.765123,-2.656769,6.874440,3.149291,2.200342,4.456876,0.181961,1.830872,-3.111914,0.631004,6.593737,4.293455,0.231659,-3.116333,1.041611,0.682822,7.893406,2.809521,-5.712706,6.874440,0.243039,0.1
450,0.499139143090118,0.0945380403479813,0.2267194343968982,22,13,0.022425254457864117,True,-1.056064,-4.398165,1.341192,3.398273,-0.354734,4.419373,-2.562678,2.910448,2.711056,0.195408,1.537429,-5.459267,-4.271753,2.128099,1.811601,0.199169,-0.389579,2.624201,-2.313670,-0.311185,-2.208892,-1.599958,-4.701242,6.871749,4.033119,0.985903,5.169731,-0.495741,1.351781,-1.784710,5.022914,6.492348,5.236212,0.609393,-4.279324,1.704391,0.682412,10.635687,3.261240,-5.459267,6.871749,0.209249,0.1
44,0.9521841931399662,0.06424192782063157,0.34528450672552735,134,15,0.007056874740042985,False,2.216711,-5.531128,1.719916,2.514877,1.296174,2.645402,-2.441908,5.068865,2.115476,-1.585486,1.144076,-1.048595,-3.383647,0.487215,1.552536,1.700565,3.240281,-1.004099,-2.534235,1.029458,-2.504673,0.917940,-0.819895,0.322933,0.017527,0.236097,6.735800,-0.188879,1.736789,-3.022617,4.764175,4.194951,4.681702,-0.994833,-1.201195,0.428423,0.680742,6.975857,2.641185,-5.531128,6.735800,0.257741,0.1
73,0.7368957872027511,0.0743484936111284,0.13077019742869883,31,18,0.02206329409028234,True,-0.954403,-6.115929,0.779948,3.872296,1.009567,4.970760,-2.873202,4.083656,3.484510,0.179114,2.384923,-3.607557,-2.771075,1.832682,2.257429,-0.235875,-0.503742,0.835929,-2.229730,-0.034857,-1.535079,1.218926,-3.979578,1.189705,3.805256,1.611975,5.631115,0.394295,-0.694273,-2.217285,-0.869875,5.628536,5.648438,0.400281,-2.002616,3.744189,0.676068,8.545203,2.923218,-6.115929,5.648438,0.231275,0.1
114,0.5957245760700872,0.08474645979576981,0.13638893739576188,9,29,0.048287652933189124,True,0.179117,-3.702928,0.501350,2.887310,3.010550,0.619337,-1.013875,3.333116,-2.883865,-3.004794,1.982255,-3.046079,3.300202,1.238474,2.445769,-0.588395,-1.547871,5.113347,-1.549149,0.298114,-0.427086,-1.729990,-2.316704,6.717237,3.026366,-0.467986,3.156374,2.876462,2.793011,-4.259103,3.890660,4.691034,-3.311834,-0.533615,-1.564588,4.156654,0.674135,8.092404,2.844715,-4.259103,6.717237,0.236978,0.1
410,0.5152527439297382,0.0890453221562192,0.240518316931203,24,18,0.005400918509248313,True,-1.370124,-4.925852,-0.528591,3.055256,-0.972273,3.255061,-2.994895,2.190105,3.028020,0.898071,2.028913,-4.313755,-4.725106,0.825616,2.846770,0.757914,-0.434367,2.714458,-2.681167,0.546568,-1.693767,-1.000383,-1.193167,5.291286,4.097075,0.939342,5.813860,0.425223,0.812366,-2.783067,4.842068,6.217737,4.264802,0.537414,-3.331170,1.827492,0.674104,8.928592,2.988075,-4.925852,6.217737,0.225598,0.1
19,0.39011003519391974,0.02420552715115004,0.4369298091671157,33,41,0.09856504541106008,False,-0.595788,-5.146797,1.622636,2.267210,0.911130,2.968230,-2.300129,5.028141,3.112995,-1.057855,2.091796,-2.435377,-3.003457,1.683166,1.774989,1.314934,0.595068,1.008130,-1.882275,1.378024,-0.602107,0.461735,-3.250111,1.884596,2.997931,0.173812,5.040241,0.143898,-0.054104,-3.583687,0.405780,4.490473,5.530455,-0.277681,-2.151828,3.673159,0.672704,6.694160,2.587308,-5.146797,5.530455,0.260001,0.1
39,0.32514963413686887,0.0695974206093698,0.15014573889875718,9,78,0.08359801205122058,True,0.382596,-3.877589,0.501350,3.165404,2.952469,0.619337,-1.303013,3.523364,-2.838176,-3.233242,1.982255,-3.399932,-1.009864,2.372097,2.861989,-0.611198,-1.471991,4.438226,-1.638118,0.697557,-0.714158,-1.701849,-2.316704,7.400429,2.692010,-1.007812,3.379557,3.517148,2.806624,-3.428097,3.890660,4.221219,-0.481998,-0.624283,-1.730502,4.156654,0.671456,7.878640,2.806891,-3.877589,7.400429,0.239217,0.1
384,0.6685958466336281,0.09387028599974309,0.20489795224654905,25,14,0.004407171351224759,True,-0.776726,-6.125735,0.737728,3.427534,-0.441670,4.713662,-2.712769,2.850693,2.545951,0.705242,2.015697,-2.981326,-3.629006,0.205954,-0.363379,0.956802,-1.617372,2.689159,-3.024534,1.597277,-2.120028,-0.132585,-4.574216,6.820073,3.745346,1.545869,6.010389,-0.726700,1.267028,-2.703523,2.002407,6.487790,4.611937,0.776589,-2.657808,3.039892,0.671268,9.887059,3.144369,-6.125735,6.820073,0.213482,0.1
447,0.47737828666056675,0.09283578715794148,0.18717311423964433,25,20,0.09320519084299511,True,-2.996179,-5.765380,0.504419,3.905149,-1.218574,2.643554,-3.285087,2.122695,1.977882,0.866280,1.878484,-4.527864,-1.031307,0.804115,-3.283687,1.258413,-0.968377,3.021355,-3.043310,2.935575,-1.222120,-0.916723,-2.535012,7.311056,4.279579,0.667697,4.138087,1.317604,1.743899,-3.245075,4.030536,4.877098,3.988480,1.143114,-3.292046,6.035396,0.669992,10.113158,3.180119,-5.765380,7.311056,0.210682,0.1
296,0.37806020501216536,0.08599727157942486,0.22028071172486183,34,15,0.026533804474391777,True,-1.279350,-5.678517,1.568363,2.811399,1.271732,4.117718,-2.579440,5.194608,2.922717,-0.486793,2.740259,-3.014236,-2.027248,1.493186,1.070654,1.043646,-1.144563,2.216164,-1.519857,1.042650,-0.986965,-0.259727,-2.485050,0.877909,4.212844,0.488529,5.882376,-0.390139,-0.186359,-4.101234,0.225399,5.211777,5.352562,0.228241,-1.714647,1.892162,0.666966,7.543681,2.746576,-5.678517,5.882376,0.242835,0.1
306,0.4267342636890436,0.08652874036922961,0.203558970070866,20,19,0.0311728828171859,True,-0.514049,-6.256219,0.575279,3.428501,-1.086345,0.691647,-3.060235,2.617262,2.485103,0.844873,2.298773,-5.772465,-1.752531,2.501366,0.475488,-0.495433,0.203057,2.751553,-0.527759,-1.261699,-0.824521,0.781349,-0.525361,7.054860,4.227614,0.475213,4.794850,0.310023,2.392303,-2.862900,0.317648,6.494083,3.791148,0.894071,-2.847251,1.134510,0.659828,8.335715,2.887164,-6.256219,7.054860,0.228538,0.1
110,0.6354529166448103,0.08163933949816614,0.03350003129408219,32,32,0.0534937151468745,True,-3.322328,-5.592779,0.555936,3.935554,1.466277,5.025526,-2.282944,4.501093,3.076073,-0.013042,2.360882,-2.115201,-1.642464,2.620252,1.085500,0.703569,-0.920750,0.948309,-1.569857,0.073358,0.160986,0.620478,-3.440245,0.806827,4.519125,0.354311,5.014297,0.546877,-1.831270,-4.003189,-1.765246,5.098768,5.883987,0.674969,-1.772938,3.916918,0.657712,8.323586,2.885063,-5.592779,5.883987,0.227971,0.1
256,0.7198733741746327,0.08993329081716661,0.24872802491579157,20,19,0.00538288036187883,True,0.179862,-6.739099,0.675346,3.012859,-1.008976,1.275128,-3.068898,2.552762,2.661156,1.144510,2.144888,-5.794364,-1.841045,1.880001,1.119405,-0.435560,0.715719,2.441386,-0.749708,-0.792615,-1.176952,0.682696,-1.959654,6.635781,3.748739,0.499274,4.771669,0.831339,2.159915,-2.681423,0.634412,6.822678,4.219016,0.632195,-2.850393,1.270406,0.655902,8.425754,2.902715,-6.739099,6.822678,0.225961,0.1
275,0.40935281298153386,0.09285136450841824,0.5004621343371798,31,42,0.007513099005993488,True,-0.564234,-5.153224,0.691735,3.047614,1.200480,3.153881,-2.667992,4.467770,2.821815,-0.813057,1.962158,-3.391011,-1.853661,1.328620,1.461477,1.347609,0.790904,1.035220,-2.448374,0.253675,-0.941672,0.892282,-2.835407,1.376846,3.576344,0.592441,5.437272,0.761643,-0.219033,-3.612215,-0.418543,5.020970,5.989781,-0.256548,-2.489810,3.832254,0.649389,7.172053,2.678069,-5.153224,5.989781,0.242484,0.1
299,0.3652485322637579,0.09148304218950364,0.22476811194558435,28,18,0.027601594645686907,True,-1.814838,-5.639999,0.675800,3.909845,-0.408401,4.029510,-2.838034,3.107414,2.500495,0.980893,1.796000,-6.420008,-3.871552,1.350562,0.309919,0.602858,-0.958444,2.106778,-3.099021,-0.004384,-0.940050,-0.075550,-2.281398,3.381630,4.658956,1.099555,5.406692,0.059512,0.318374,-3.007578,4.658617,5.581433,6.525026,0.260741,-2.567987,3.915778,0.647476,10.000381,3.162338,-6.420008,6.525026,0.204746,0.1
315,0.6244107598615763,0.08564710006865653,0.17329055539581262,20,19,0.019457114976935017,True,-0.198447,-6.675916,0.645235,3.279539,-1.095612,0.992924,-3.068888,2.518111,2.563218,1.242777,2.190830,-6.062504,-1.824845,2.289818,0.847367,-0.581214,0.415982,2.631686,-0.526165,-0.990615,-1.017618,0.710681,-1.179733,6.902185,4.035991,0.438346,4.726197,0.648607,2.314621,-2.657248,0.393383,6.833319,3.951508,0.875938,-2.817657,0.484754,0.645460,8.571861,2.927774,-6.675916,6.902185,0.220461,0.1
60,0.7488606426620108,0.0795867761893573,0.2425763536581195,15,27,0.0008281503248154316,True,-1.630310,-5.224675,1.366676,2.187013,1.190764,1.823699,-2.154103,3.935187,-0.170802,-1.058677,2.278132,-1.940057,-2.309510,-0.110767,-1.397332,-0.640912,-0.633538,2.582463,-1.556342,0.549827,0.232551,2.943736,-1.404450,3.440039,2.010349,1.786620,3.666661,0.622881,2.064718,-1.962272,2.685251,5.586065,3.057643,0.296458,-1.010548,2.113009,0.644874,5.118741,2.262463,-5.224675,5.586065,0.285032,0.1
349,0.5315979400261855,0.09250728775561139,0.21131282102581425,35,39,0.005925544876788429,True,-1.811709,-5.891281,1.332889,3.534440,2.069214,3.570243,-2.259490,5.146002,2.724859,-0.409863,2.753472,-2.415621,-1.082036,1.885461,0.674906,0.550598,-0.732966,2.909486,-1.964215,0.821647,0.001532,0.554519,-2.643260,-0.457065,3.735372,0.491519,5.560949,0.179097,-0.222718,-5.049705,-1.180428,4.604832,5.864340,-0.121915,-1.276890,1.716689,0.643414,7.593814,2.755688,-5.891281,5.864340,0.233486,0.1
58,0.8853691724768514,0.0816318267566001,0.23737898826384213,15,27,0.00025867836074964807,False,-1.696330,-5.269365,1.320128,2.181697,1.204375,1.830356,-2.142557,3.929426,-0.194488,-1.044528,2.262986,-1.928513,-2.297349,-0.099719,-1.445348,-0.689652,-0.707138,2.620906,-1.575809,0.524648,0.252023,2.946785,-1.334179,3.395073,2.056658,1.806234,3.666563,0.624156,2.076895,-1.990455,2.668037,5.603951,3.014525,0.310558,-1.001873,2.200415,0.641086,5.152517,2.269916,-5.269365,5.603951,0.282427,0.1
497,0.5344812164986891,0.095784074308781,0.21161645439451207,21,40,0.018970010158255602,True,-1.941438,-5.409038,0.400300,3.836548,-1.661317,1.158197,-2.824400,3.011621,1.665309,0.276142,2.537371,-5.688217,-1.009864,2.606052,0.572598,-0.419648,-0.430299,3.113580,-1.623344,-0.589608,-0.644765,-1.589606,-3.071643,7.297213,4.534845,0.848094,5.811912,0.179840,1.844638,-3.270979,-0.091266,6.064607,4.424224,0.779484,-2.702914,5.084022,0.641063,9.772205,3.126053,-5.688217,7.297213,0.205071,0.1
177,0.6957760376172916,0.0902495196075278,0.15488669791640922,27,26,0.005018253731592526,True,-2.131865,-5.646946,0.135341,4.020499,-0.377283,3.341595,-1.875082,2.584479,2.370519,0.824217,1.288819,-6.098058,-4.313257,0.688357,0.526701,0.832667,-1.194904,2.212600,-2.470634,0.931791,-0.769657,-0.256105,-2.479687,5.669382,4.219502,0.377975,5.450961,0.294602,0.911714,-2.890339,3.890660,5.713704,5.840394,0.447111,-1.474047,2.420649,0.639344,9.254333,3.042094,-6.098058,5.840394,0.210166,0.1
25,0.2811772342928257,0.08985541885270792,0.3981010614648335,130,9,0.016162871409461377,True,2.351807,-5.393445,1.914514,2.413535,1.172157,2.335967,-3.110377,6.259376,1.950034,-1.601851,1.185366,-1.171626,-3.960299,-0.194439,2.419354,0.929478,2.222323,-0.502006,-2.589966,0.352291,-1.287363,1.510861,-0.639930,0.588791,-0.968582,0.078610,5.581491,0.161960,2.148363,-3.124827,4.234048,4.079178,4.955699,-0.998932,-1.140153,0.788081,0.637486,6.914808,2.629602,-5.393445,6.259376,0.242427,0.1
385,0.6932114299768861,0.0914525097940617,0.18153641808767437,20,17,0.03501356359537787,True,-0.598502,-5.809823,0.685698,3.057159,-1.273094,2.250578,-3.477110,3.148944,3.433434,1.055637,1.455970,-2.757699,-1.150549,2.536906,0.730273,-2.088714,0.812194,2.709059,-1.064878,-2.301017,-2.583765,0.788007,-2.885099,7.252402,3.498367,2.752773,4.399912,0.007080,2.133233,-3.070293,0.432040,6.657102,3.754243,0.618820,-3.241093,1.007503,0.635436,8.561908,2.926074,-5.809823,7.252402,0.217163,0.1
206,0.40669438535389857,0.08509711646316685,0.22301471487225855,12,33,0.020247492610845248,True,-0.466935,-6.480667,2.075261,2.807817,2.400479,2.042330,-2.025418,3.642337,2.766910,-2.032687,1.982255,-1.378615,-1.284292,-2.052540,-1.421754,-1.277928,-0.992791,2.891734,-1.428803,-0.938666,-0.374628,4.570391,-3.182211,3.473051,2.741026,1.309668,3.222376,-0.207344,1.836035,-1.824921,7.395399,5.776028,-3.624075,0.107239,0.291642,2.503818,0.634487,8.107140,2.847304,-6.480667,7.395399,0.222838,0.1
61,0.893392070357501,0.08270139225217561,0.21180369200890584,15,26,0.0016868328451440974,True,-1.869793,-5.316917,1.311560,2.203584,1.218522,1.833353,-2.113853,3.909697,-0.330229,-1.001010,2.247744,-1.873929,-2.335071,-0.058077,-1.589935,-0.789729,-0.835463,2.693137,-1.559317,0.479052,0.324752,2.960808,-1.250181,3.458088,2.124561,1.839534,3.644971,0.618218,2.120377,-1.987688,2.598070,5.654242,2.860077,0.360749,-0.947796,2.238511,0.634462,5.219724,2.284672,-5.316917,5.654242,0.277704,0.1
290,0.5072832871936374,0.08663155436984919,0.21201747398953738,25,44,0.09952131474618812,True,-3.095986,-5.968415,0.400371,3.765299,-0.936967,2.553604,-2.919890,2.060432,1.978766,0.575517,1.993703,-4.146104,-1.009864,0.672799,-2.686194,1.558989,-1.226411,3.065455,-3.517216,3.051957,-1.272687,-1.060915,-2.708197,7.332859,4.120595,0.332578,4.324371,0.692893,1.759992,-3.242384,3.890660,4.736090,4.010902,0.782891,-3.043221,6.008737,0.634306,9.934643,3.151927,-5.968415,7.332859,0.201244,0.1
59,0.8809449199020543,0.08513796788559629,0.23266982240308648,15,24,0.00034899090659137714,True,-1.801542,-5.358870,1.252710,2.165848,1.233401,1.819328,-2.117076,3.925113,-0.255393,-1.003974,2.219739,-1.918533,-2.278823,-0.063500,-1.543205,-0.774274,-0.828162,2.696517,-1.630672,0.494065,0.291151,2.949488,-1.200477,3.346102,2.141207,1.834339,3.662094,0.624703,2.098269,-2.066895,2.625342,5.625841,2.921677,0.327784,-1.001120,2.370606,0.632856,5.225707,2.285981,-5.358870,5.625841,0.276842,0.1
96,0.7198208499282228,0.08911342372405984,0.3418675872403398,31,76,0.01464523530413532,True,-1.477941,-5.391167,0.722162,3.538070,1.228442,3.777451,-2.583004,4.416840,2.841374,-0.522747,1.968581,-3.095290,-2.076480,1.771649,1.306484,1.171668,0.197634,0.954897,-2.230867,-0.305240,-0.837875,0.875662,-2.946617,1.253019,3.955356,0.622359,5.541668,0.775971,-0.644010,-3.628048,-1.052686,5.193107,6.054876,0.017881,-2.300309,3.627092,0.631110,7.602598,2.757281,-5.391167,6.054876,0.228889,0.1
242,0.7929300478384412,0.08198101348918653,0.18992739355041435,12,32,0.021760040872226175,True,-0.509632,-6.438537,2.220809,2.879032,2.423490,2.067660,-2.012247,3.604803,2.766910,-2.063525,1.982255,-1.298809,-1.395343,-2.126357,-1.431932,-1.332766,-1.031842,2.928176,-1.360180,-0.792477,-0.337073,3.995941,-3.260237,3.634687,2.699947,1.343750,3.210553,-0.218073,1.847265,-1.221923,6.910421,5.807668,-3.821921,0.138343,0.359576,2.530735,0.630532,7.847933,2.801416,-6.438537,6.910421,0.225076,0.1
53,0.8827442210751787,0.060563928380406966,0.223136129723284,17,37,0.025665895583240728,False,0.182217,-5.095198,0.402345,2.997983,1.062126,0.561948,-2.945058,3.345700,0.925228,-0.795364,3.264292,-3.191240,-1.379829,1.200783,-0.693731,-0.120558,-0.000532,2.662927,-1.275201,1.459671,-0.140335,0.862770,-2.576971,5.268196,4.319441,0.707222,3.380109,-0.988255,2.427440,-2.724658,0.676141,5.994897,3.622424,0.555514,-1.624401,0.358223,0.630174,6.051558,2.459991,-5.095198,5.994897,0.256169,0.1
63,0.9095297214773318,0.09981308050357177,0.24351027590620264,5,33,9.231096536417739e-05,True,-1.690015,-5.012833,0.501350,2.603744,2.234355,0.619337,-2.460716,1.378227,-0.933962,-2.210389,1.982255,-2.890544,2.961717,-0.357872,2.619224,-1.646593,1.615919,2.720295,0.024428,-4.704187,0.767928,-1.494907,-1.328174,5.025405,3.853583,5.348455,4.586967,0.329769,3.015013,-3.428097,-0.528926,5.122654,4.575308,-1.598366,-3.143383,4.156654,0.628156,8.435859,2.904455,-5.012833,5.348455,0.216273,0.1
341,0.7776050606960615,0.09629401643981313,0.15033375363495136,30,49,0.006773261618024325,True,-2.929002,-5.357208,0.762159,4.116106,0.823392,4.207597,-2.807059,4.614827,2.690284,0.286615,0.972442,-4.057235,-1.868055,1.808676,0.364788,0.566922,-0.996018,1.310468,-2.135991,0.561000,-0.525117,1.555920,-1.351381,0.857192,4.497926,0.612882,5.971934,0.648229,-0.879929,-3.754908,-1.574528,5.439054,6.227020,0.344874,-1.680361,3.178115,0.625045,8.243646,2.871175,-5.357208,6.227020,0.217697,0.1
145,0.7673911462506607,0.07487380748995981,0.0824541174943805,21,9,0.06696583979372037,True,1.093453,-3.901497,-0.311729,1.987129,-2.538928,2.582936,-2.289392,3.128182,4.302978,-1.171949,2.738012,-5.401834,2.669656,-0.111790,1.632290,-3.129066,-0.494843,3.386445,-1.390285,-2.383536,-2.918799,-0.270299,-2.810174,6.754199,2.885248,1.788565,2.163416,-0.450805,2.534253,-2.214628,4.958821,6.847790,5.008002,-0.781261,-3.619602,2.045134,0.619891,9.558898,3.091747,-5.401834,6.847790,0.200499,0.1
404,0.7476727979783673,0.09088913430096009,0.11832788815972539,27,23,0.009625661481116585,True,-2.360062,-5.706288,0.166406,4.071341,-0.464491,3.399134,-1.886909,2.417842,2.321785,0.917710,1.269611,-6.098737,-4.434999,0.727083,0.429293,0.765231,-1.323474,2.269801,-2.457965,0.890354,-0.770255,-0.344092,-2.470801,5.757970,4.302074,0.359950,5.385838,0.275753,0.916359,-2.874669,3.890660,5.715140,5.845964,0.543276,-1.504219,2.352329,0.619276,9.391766,3.064599,-6.098737,5.845964,0.202074,0.1
128,0.7122809375426262,0.058847023040053424,0.15930114868718964,30,20,0.011683784180773656,True,-1.629272,-4.577942,1.517642,3.587442,0.924623,3.131170,-3.177126,5.121388,2.566417,-0.036249,1.172144,-6.191676,-3.049630,0.853590,1.665122,0.732643,-0.717000,1.008483,-1.818857,0.733625,-0.554490,1.072861,-2.108365,1.894927,3.956128,1.041773,5.206940,0.551164,-1.154075,-2.872396,-1.481215,5.910539,6.177844,0.316797,-1.393647,3.805019,0.616287,8.347213,2.889154,-6.191676,6.177844,0.213311,0.1
453,0.8336519014950176,0.09632823282107837,0.19579979823501456,17,16,0.01800841024589892,True,-0.189629,-5.356636,0.717844,1.748279,-0.073915,3.089367,-2.158056,5.006270,2.574422,0.767973,2.405765,-0.995681,-0.430722,1.236003,-1.768470,-3.510088,1.008880,3.743076,-2.485976,2.030019,-3.446613,-0.398203,-1.263216,4.126128,2.941390,-0.041703,3.860358,1.236589,1.725784,-3.775046,0.513318,6.904984,3.627320,-0.619585,-2.071110,1.298732,0.610496,7.287814,2.699595,-5.356636,6.904984,0.226144,0.1
29,0.7163778367257343,0.07224521152615053,0.10626640764422936,118,41,0.019524298779804453,True,1.373411,-6.236071,2.284650,2.842715,1.324949,2.902880,-3.731192,6.337035,1.825001,-1.570091,1.259225,-0.560075,-4.589506,-0.446949,2.161464,1.479922,1.567260,-0.338731,-2.874134,0.655363,-1.221306,0.786704,-0.490033,0.007882,-0.274856,-0.284122,6.121789,-0.496179,2.945016,-3.216288,5.037799,4.369104,4.323361,-0.669172,0.030922,-0.666920,0.610301,7.866028,2.804644,-6.236071,6.337035,0.217604,0.1
214,0.4666675198668918,0.09143548210610655,0.24193555450297205,27,27,0.019986825195637624,True,-1.835310,-5.561584,0.292361,3.836808,-0.360013,3.127740,-2.136879,2.498297,2.349342,0.659790,1.416697,-5.987829,-4.329769,0.650853,0.543070,0.883322,-0.874726,2.194135,-2.588989,1.074621,-0.866559,-0.332987,-2.552287,5.596296,4.092853,0.332387,5.217070,0.321033,0.907351,-3.017229,3.890660,5.536093,5.867356,0.348459,-1.904050,2.666101,0.609847,9.080189,3.013335,-5.987829,5.867356,0.202383,0.1
186,0.7226978776313526,0.08611121179954241,0.12855037217502985,31,21,4.075611314004551e-05,True,-2.480431,-5.658665,0.732094,4.044151,1.259382,4.426162,-2.389078,4.449507,2.815186,-0.204181,1.789220,-3.021207,-2.729536,2.025762,1.050027,0.915126,-0.605609,0.852088,-1.877283,-0.878458,-0.755935,0.825733,-2.961784,1.176989,4.246619,0.673897,5.700785,0.796631,-0.989846,-3.533272,-0.926941,5.556110,6.024950,0.314890,-1.760591,3.023329,0.609050,8.126763,2.850748,-5.658665,6.024950,0.213646,0.1
239,0.32373567894101357,0.0877324054977562,0.2061739261597276,20,30,0.0014320661030329009,True,-1.194601,-5.812017,0.399340,3.752332,-1.260450,0.715997,-2.949923,2.694263,2.087891,-0.047188,2.288778,-4.740811,-1.612362,2.417620,0.421657,0.145861,-0.231330,2.819793,-0.760705,-1.460311,-0.594420,0.862770,-2.532638,7.413249,4.069618,0.624750,4.913237,0.022007,2.276175,-2.609030,0.087673,6.374742,3.998549,0.610433,-2.531115,1.254839,0.608741,8.175401,2.859266,-5.812017,7.413249,0.212901,0.1
193,0.7561930846349527,0.08350883640645972,0.23299391286539192,26,17,0.016818520624818704,True,-0.565980,-5.264907,0.469637,3.129110,-0.671633,5.199662,-3.731103,1.704702,3.271966,0.115989,1.828955,-4.600444,-2.838513,0.232393,1.787686,0.404840,-0.446698,2.107281,-2.599387,0.885204,-2.612689,-0.279111,-1.684433,5.451169,3.837909,1.905335,4.905904,-0.459629,1.152714,-2.315250,-0.679398,6.409017,5.223110,0.173263,-2.524204,2.991907,0.608733,8.596052,2.931903,-5.264907,6.409017,0.207624,0.1
79,0.7947305575705202,0.07886998475710463,0.09334238934631603,5,17,0.01854783499552856,True,-0.989440,-7.109570,-0.240646,2.581522,3.122263,1.064851,-1.738764,2.339107,-0.890915,-2.020884,0.966173,-3.797791,3.183436,1.353612,3.907651,-3.028132,1.261645,3.818144,1.499402,-2.948145,-2.269499,-0.539219,-0.976432,6.219166,2.431415,4.098682,5.165710,1.803536,2.678260,-4.315414,0.681812,4.140341,4.571578,-1.294844,-4.214514,1.255352,0.604707,9.464241,3.076401,-7.109570,6.219166,0.196563,0.1
397,0.47986138852744914,0.0881646880284887,0.16222365629553556,30,25,0.01775896445655065,True,-2.843615,-5.302588,0.778943,4.033607,0.803643,4.049278,-2.826803,4.629456,2.761811,0.237203,1.039899,-4.291102,-1.917612,1.767850,0.485346,0.614271,-0.912786,1.215857,-2.146771,0.549446,-0.541862,1.523948,-1.486684,1.165978,4.389419,0.578626,5.736225,0.581551,-0.946318,-3.760423,-1.547690,5.386841,6.230177,0.296854,-1.756730,3.161456,0.603797,8.162887,2.857077,-5.302588,6.230177,0.211334,0.1
310,0.44883842621982767,0.08987878083852523,0.35927182319244555,31,27,0.054671800591053976,True,-1.679207,-5.406384,0.710228,3.546501,1.113426,3.759453,-2.779161,4.070794,2.844684,-0.585331,2.234854,-3.118616,-1.188598,1.903453,1.104619,1.141901,0.305999,1.154808,-2.346107,-0.090760,-0.781645,0.873986,-3.090136,1.058363,4.022922,0.560046,5.152895,0.763825,-0.899085,-3.799311,-0.993868,4.736124,5.918332,0.080530,-2.868444,4.230466,0.601710,7.569056,2.751192,-5.406384,5.918332,0.218709,0.1
448,0.3918112079992,0.09778677179963789,0.3266748295313525,20,27,0.01096569847384284,True,-0.859598,-5.818969,0.421472,3.426172,-0.850991,0.802067,-3.003944,2.902265,2.326720,-0.317914,2.377115,-4.406719,-1.585043,2.338591,0.267070,0.070885,-0.078511,2.730831,-0.990239,-1.790638,-0.704126,0.862770,-2.519712,7.110589,4.055613,0.636154,4.782995,-0.014318,2.223528,-2.933986,0.378834,6.030336,4.075507,0.473766,-2.769257,2.010346,0.601657,7.973597,2.823756,-5.818969,7.110589,0.213070,0.1
417,0.5021636379470221,0.00603753616737196,0.19038224702707354,14,25,0.007916490385320836,True,1.344299,-5.575633,2.000921,2.034592,1.406102,1.246139,-2.223256,3.952874,-0.356583,-1.479578,2.714411,-2.588029,-4.042526,-0.509580,1.077167,0.919941,0.319335,1.794619,-0.414914,1.777003,-0.176644,-0.354147,-3.121488,4.310036,0.756089,1.306448,3.567757,-0.393795,1.475135,-1.877061,3.169639,4.746830,3.435463,0.127480,-1.196942,2.460209,0.600898,5.571482,2.360399,-5.575633,4.746830,0.254575,0.1
254,0.7847401308538122,0.08868943384667356,0.15755847388704886,27,33,0.01849879295005158,True,-2.196413,-5.651464,0.242627,4.004109,-0.494826,3.298179,-1.996676,2.408894,2.325431,0.845152,1.334803,-6.135651,-4.466086,0.690887,0.488195,0.810552,-1.183153,2.236335,-2.502270,0.936856,-0.809211,-0.423212,-2.534101,5.684272,4.219464,0.329842,5.231174,0.260674,0.899721,-2.920055,3.890660,5.637837,5.860809,0.482188,-1.715338,2.429186,0.597761,9.311667,3.051502,-6.135651,5.860809,0.195891,0.1
147,0.5020008317277831,0.06420162027422344,0.10586298951431797,29,11,0.0711831627027854,True,-0.716450,-4.374235,1.172316,3.220588,-0.845945,3.145153,-2.898535,3.237978,2.477293,0.517954,2.335581,-4.968642,-1.418511,2.124450,-0.769912,1.185090,-2.056826,2.280142,-2.065769,0.897918,-1.327065,1.529861,-2.838541,2.998195,4.615478,0.891416,5.196328,-1.578346,0.606198,-3.780727,-0.114071,5.600959,6.482583,0.934888,-3.293649,3.108974,0.597559,8.280037,2.877505,-4.968642,6.482583,0.207666,0.1
468,0.5072236608396256,0.09672347262434461,0.23234532972366945,16,17,0.011530990298107658,True,-0.769466,-4.084299,0.676984,2.238801,2.075867,3.238898,-2.750570,4.013319,1.619034,0.442212,2.115326,-2.372836,-0.763768,1.183889,-1.050376,-1.984720,1.054138,2.358869,-2.051272,1.003824,-2.416584,-4.924393,-1.376949,4.524768,2.959345,3.425709,2.727465,0.820658,2.935454,-3.146175,0.416291,6.055487,3.108099,0.113639,-1.805390,1.800260,0.594765,6.654776,2.579685,-4.924393,6.055487,0.230557,0.1
354,0.5235059563108142,0.0917702665330307,0.18112846612819655,28,22,0.011004720271100178,True,-2.546488,-5.997939,0.641881,4.108750,-0.194956,3.406910,-2.528600,3.294802,2.301978,1.111526,1.396292,-6.340258,-4.126266,1.453582,0.012487,1.183399,-1.536076,2.215901,-2.905763,-0.275965,-0.445774,-0.039544,-2.354846,3.608818,4.960494,0.562735,5.505346,0.310783,0.419699,-3.137931,3.890660,5.515866,6.608743,0.343804,-2.312678,3.225179,0.592682,10.006885,3.163366,-6.340258,6.608743,0.187358,0.1
153,0.6960866458676049,0.0758193821121217,0.2681991126906293,20,22,0.01440521591624812,True,-0.792892,-5.663848,0.410511,3.658939,-0.888114,0.356625,-2.921416,2.891725,2.017163,-0.205220,2.263430,-5.029565,-1.599830,2.532897,0.739836,0.404022,0.107660,2.650571,-0.946448,-0.793136,-0.557184,0.862770,-2.838952,7.267941,3.720638,0.531939,4.797323,-0.094315,2.202324,-2.787895,0.133631,6.124100,4.125854,0.510664,-2.575561,0.697768,0.592054,7.939193,2.817657,-5.663848,7.267941,0.210123,0.1
90,0.5811521355783843,0.06849620049700293,0.17900960702379037,20,14,0.02083896864621414,True,-0.251376,-5.303446,1.077709,3.512716,-2.027033,0.715888,-2.474970,3.351336,2.393212,0.382055,0.876185,-3.636245,-1.671063,2.893693,1.162718,0.248823,0.318817,2.694439,-1.895433,-0.552916,-1.904491,0.455348,-3.520788,6.910733,3.663427,1.335977,5.040603,-0.334323,1.995375,-3.318281,0.967246,6.114294,4.195011,-0.016702,-2.342542,0.249103,0.591808,7.883928,2.807833,-5.303446,6.910733,0.210770,0.1
311,0.37043304243394065,0.08245008484249315,0.23076318918352093,22,16,0.017513960143146507,True,-1.131474,-4.881857,0.382641,3.148335,-0.459088,2.292871,-2.665574,3.248243,2.775688,0.380135,1.901567,-4.926612,-4.856644,1.836771,2.195877,-0.384010,-0.520089,2.392034,-2.263250,0.234413,-1.779335,-1.856770,-2.046826,6.013474,3.556135,1.072576,5.567821,0.184962,1.115272,-3.629649,4.983084,6.218942,5.147533,0.116274,-3.769934,1.665509,0.590529,9.651296,3.106654,-4.926612,6.218942,0.190085,0.1
316,0.40184946131863963,0.048849621217592225,0.4128483501290817,17,28,0.0030257822062067707,True,1.100661,-5.055753,0.567356,2.163776,1.050152,0.554629,-2.990358,3.562941,1.411343,-1.281507,2.714432,-3.383106,-2.172349,0.488810,0.405327,0.491599,0.639106,1.893332,-1.532719,1.466635,-0.475775,0.862770,-2.971059,4.153766,3.165544,0.607113,4.186217,-0.533003,1.949611,-2.902309,1.543176,5.306274,4.411325,0.073721,-1.747039,1.520600,0.590145,5.755195,2.398999,-5.055753,5.306274,0.245997,0.1
179,0.7674294583305539,0.087270363474998,0.17287041908839246,23,20,0.0018928191125381494,True,-1.700639,-5.552516,0.006415,3.559403,-1.549296,1.992438,-3.400906,2.629953,1.768242,0.212858,1.234913,-5.755811,-4.376300,1.587844,2.469149,1.010724,-0.707229,2.385654,-1.412503,0.446076,-1.443016,-0.834763,-1.757166,4.342930,4.606095,1.304629,6.147783,0.869993,1.121563,-3.367530,4.133970,6.101810,4.387642,1.186036,-3.275285,2.857398,0.589738,9.325610,3.053786,-5.755811,6.147783,0.193117,0.1
109,0.7098188718481889,0.07905692008338126,0.20897568276022882,22,16,0.011491717007883356,True,-0.682018,-4.925617,0.298122,2.738701,-0.746231,2.931665,-2.448343,3.386920,3.419922,0.431103,1.583514,-4.418741,-4.408384,1.710306,2.855150,-0.796060,-0.432039,2.384400,-2.252543,0.320684,-2.639092,-2.032233,-2.046120,5.445403,3.225417,1.711171,5.547180,0.115935,1.077263,-4.359523,5.560021,6.585307,5.103640,-0.411935,-3.883628,1.237431,0.588521,9.968541,3.157300,-4.925617,6.585307,0.186400,0.1
365,0.4882178801818664,0.0919225809175109,0.03886659897348718,30,17,0.02276005209201983,True,-2.548107,-6.168305,1.266114,4.132359,0.713968,5.084083,-3.748097,4.030461,3.075008,0.663975,1.380807,-4.346243,-0.888556,1.726810,0.698035,-0.644355,-2.081746,1.233270,-2.190934,0.611310,-1.012581,1.678403,-1.842810,1.174298,4.365042,1.439758,5.543254,-0.342838,-0.933001,-3.270189,-1.345772,5.547282,6.101505,0.513599,-1.938193,3.494867,0.588124,8.914684,2.985747,-6.168305,6.101505,0.196977,0.1
406,0.6021326271529144,0.08046271633837379,0.20827157176084896,22,19,0.02546916844432766,True,-0.853557,-5.495260,0.606272,3.117376,-0.154279,1.743850,-3.129428,2.981291,2.159602,0.461858,2.064380,-6.332049,-4.387788,1.625835,2.706947,0.059339,-0.467880,2.207085,-1.912031,0.620793,-1.206121,-1.276837,-2.680766,6.248767,3.786383,0.777157,5.037876,0.579152,1.402157,-3.413216,4.110832,6.248829,5.113893,1.012065,-3.901920,1.700981,0.587822,9.792672,3.129324,-6.332049,6.248829,0.187843,0.1
476,0.47291124877949237,0.0889685022353356,0.38539818992478664,12,13,0.010824027634955123,False,-0.052976,-5.278420,2.389384,1.950705,1.799933,2.527570,-1.891709,4.495227,3.039344,-1.522973,1.288319,-3.503271,-1.302270,-1.230981,-0.189416,-0.280793,-0.001997,3.143544,-1.438023,-0.011940,-2.197476,3.459996,-2.419773,1.836423,2.917598,0.029919,3.474188,-0.472957,1.086272,-4.257180,6.927844,5.453923,-0.211666,-0.919117,-0.316059,2.796538,0.586604,7.195998,2.682536,-5.278420,6.927844,0.218675,0.1
1,0.3454599737656805,0.09699098521619944,0.11004270591206029,122,58,0.0020584494295802446,True,1.746653,-6.018481,2.149654,3.044728,1.535888,2.666593,-2.720072,6.251156,1.736784,-1.613779,0.865034,-0.516542,-4.994466,-0.493050,2.440799,1.252157,1.222326,-0.761895,-2.410814,0.215265,-1.369263,1.112067,0.369108,0.085600,-0.620274,0.128287,5.745260,-0.793261,3.066736,-3.217413,3.547785,4.540654,4.333665,-0.694201,-0.051619,-0.690626,0.585846,7.258075,2.694082,-6.018481,6.251156,0.217457,0.1
302,0.40736051646215865,0.052550531548928,0.1681283914231298,40,17,0.002384349708325079,True,-1.686895,-5.520894,2.014232,3.359719,0.448958,4.691385,-2.687785,4.203426,2.957641,-0.720368,2.429959,-3.466571,-2.081210,2.147034,1.165754,1.509833,-0.590977,0.888289,-2.170958,1.240970,-0.759478,0.250535,-3.267635,0.137368,2.760907,0.771039,5.777804,0.385692,0.393709,-3.642712,2.160888,4.793248,5.886769,-0.084945,-1.195561,-1.456791,0.584511,7.514316,2.741225,-5.520894,5.886769,0.213230,0.1
434,0.46539628079567197,0.09426425345072059,0.2253154627410664,20,37,0.00946665502161954,True,-1.278241,-5.901207,0.402734,3.679191,-1.155484,0.747546,-2.983400,2.735688,2.206855,-0.124974,2.367950,-4.584204,-1.608807,2.510947,0.221442,-0.065808,-0.377100,2.876118,-0.744869,-1.900302,-0.616288,0.862770,-2.516463,7.370553,4.298805,0.638959,4.745435,-0.087285,2.341816,-2.781112,0.113173,6.267859,3.901589,0.665307,-2.632416,1.438242,0.584306,8.273043,2.876290,-5.901207,7.370553,0.203146,0.1
289,0.7747365687647272,0.09886876909452266,0.24407629628129085,21,25,0.05745251225407516,True,-2.452075,-5.456035,0.406107,3.772082,-2.870416,0.846147,-2.620719,2.977459,1.943013,0.120241,2.436543,-6.163858,-1.009864,2.780967,0.774847,-0.819418,-0.551494,3.586673,-1.491232,-0.476546,-1.044999,0.862770,-3.510478,7.326889,4.726674,0.606980,5.450770,-0.078952,1.958442,-3.795656,-0.401280,5.666395,3.653773,0.741658,-3.039224,6.111197,0.582427,10.493743,3.239405,-6.163858,7.326889,0.179795,0.1
267,0.760929367663185,0.09029283203733118,0.25308815590076367,115,78,0.016814793392166363,True,0.808798,-6.215599,2.026785,2.722420,1.218382,1.966298,-3.406407,6.181905,2.179389,-1.561605,1.504111,-1.232931,-4.028263,-0.797980,1.524374,0.260868,2.263866,-0.620196,-3.263049,1.652852,-1.395379,0.718185,-0.588381,0.222748,-0.005226,-0.171127,6.150452,-0.233964,2.633147,-3.451875,5.265561,4.041980,5.014788,-0.583616,-0.089396,0.211278,0.581200,7.775920,2.788534,-6.215599,6.181905,0.208425,0.1
133,0.6841077665489185,0.0797623413816032,0.24411405222040672,15,23,0.010224704323359968,False,-1.720117,-5.303335,1.332378,2.180847,1.215473,1.673453,-2.089604,3.956315,-0.369680,-1.048702,2.231660,-1.949208,-2.403530,0.046512,-1.561219,-0.724965,-0.638134,2.686577,-1.648219,0.608632,0.336139,0.862770,-1.234923,3.795715,2.104834,1.769011,3.691484,0.602899,2.112668,-1.979055,2.494769,5.576430,2.785759,0.311514,-1.044400,2.255052,0.580994,5.065844,2.250743,-5.303335,5.576430,0.258135,0.1
421,0.4759185406998058,0.09659867746238825,0.19427807605742792,108,23,0.006091249203979981,False,0.067212,-6.485278,2.253075,2.572432,1.227997,2.101467,-3.042058,5.801898,2.264951,-1.566409,1.205768,-1.531695,-4.779829,0.210352,1.294401,-0.450824,2.794002,-0.816313,-3.639243,1.174541,-1.082223,0.921160,0.062521,-0.496932,0.941483,0.270400,6.109959,0.151466,1.832427,-3.600513,5.036411,5.046938,5.961081,-0.891578,0.105629,-0.119358,0.580703,8.394438,2.897316,-6.485278,6.109959,0.200428,0.1
47,0.7031542774239072,0.028185477477339994,0.5264832081162317,170,4,0.08144684825889359,False,2.585814,-5.203758,0.906776,1.231940,1.155125,2.185264,-2.569966,5.804382,1.436272,-1.942683,1.144368,-1.754685,-2.150028,-0.335288,2.269617,3.052999,2.759567,0.068040,-2.981233,1.180373,-1.219920,1.260319,-2.141749,1.642122,-0.461381,0.162805,5.328393,-1.111909,1.391770,-3.232735,3.562998,3.255963,5.306485,-1.377793,-1.641912,1.332976,0.580537,6.518645,2.553164,-5.203758,5.804382,0.227379,0.1
40,0.6434832420091205,0.027993389694594285,0.36703244774061133,112,58,0.06601973767177313,True,1.108793,-5.706414,1.625416,2.157866,1.141167,1.415234,-3.483988,6.202656,2.313328,-1.554220,1.577410,-1.937807,-3.981898,-0.295967,1.829389,0.479483,2.905303,-0.479304,-3.476738,1.964561,-1.063731,0.568429,-0.735968,1.062207,0.337353,-0.167182,5.303865,-0.077700,2.347532,-3.339809,4.508944,3.895424,5.337685,-0.730468,-0.784599,0.589439,0.579325,7.275251,2.697267,-5.706414,6.202656,0.214782,0.1
132,0.7249699549679507,0.06453969687106087,0.26488731015554723,21,16,0.003675435700475456,True,-0.192930,-5.232068,0.627728,2.700112,-1.281504,2.541573,-2.575420,3.881360,3.167630,0.087359,1.736478,-4.151562,-2.957344,1.711734,2.278677,-0.604260,0.653945,2.715941,-1.672198,0.687785,-2.596833,-1.893568,-2.501255,5.226534,2.566639,1.843686,5.840736,-0.082067,1.566583,-4.271807,0.470899,6.399928,4.781482,-0.653747,-2.846501,2.874738,0.579125,8.599170,2.932434,-5.232068,6.399928,0.197489,0.1
56,0.8851810774462592,0.04363327331296492,0.16427957352982064,23,12,0.08726147291203959,False,0.506546,-4.889540,2.697650,2.609213,-2.751826,5.937040,-1.822310,2.357295,2.362005,-0.649334,2.835355,-4.018442,-1.941433,1.522533,3.083723,0.935307,-1.282464,2.693101,-1.984213,0.635441,-1.899210,-1.605973,-5.934781,6.196190,3.876093,1.295095,3.504015,-2.381198,1.055335,-1.653526,3.579814,6.192875,4.923258,2.342865,-6.002219,-1.482777,0.578931,10.719929,3.274130,-6.002219,6.196190,0.176820,0.1
22,0.9397548946228502,0.013752094414599327,0.5264036120285885,140,33,0.09367299887367346,True,2.701747,-5.195490,1.099882,2.164418,1.057890,1.664831,-3.046801,6.288210,2.070512,-1.624136,1.492069,-1.989439,-3.625626,-1.337220,2.535619,2.011335,2.271337,-0.289130,-2.992741,1.520138,-1.002249,1.305474,-0.932267,1.791694,-1.705241,-0.465542,5.845769,-0.744636,1.643794,-3.077489,4.100332,4.107970,4.666933,-1.181999,-1.922851,1.595816,0.577859,7.309454,2.703600,-5.195490,6.288210,0.213737,0.1
136,0.8279902035505864,0.08586495285511334,0.21209171304795976,25,18,0.02126461139675216,True,-0.759254,-5.131100,-0.715474,3.272711,-0.889522,4.482631,-3.151770,2.468664,3.318862,1.588796,1.524237,-3.482511,-4.508403,0.759072,0.627211,0.301737,-0.378513,2.365309,-3.760372,1.770686,-2.569023,-0.274149,-2.046731,6.193321,3.529187,1.539444,5.051440,0.545368,1.372538,-2.678310,-0.804692,6.116693,4.422447,0.307737,-2.391213,2.756917,0.577055,8.725536,2.953902,-5.131100,6.193321,0.195353,0.1
317,0.3452965633511136,0.0904640713702859,0.15336558094255054,12,14,0.022628512762822676,True,-0.347953,-6.142254,1.853588,2.537129,1.757826,2.533640,-1.941135,4.282130,2.937047,-1.718642,1.203591,-1.498595,-0.039447,-2.087714,-1.544081,-1.370046,-1.529845,3.214311,-1.797855,-0.460741,-1.807416,4.382605,-2.012510,1.575577,4.005396,-0.460660,3.634725,-0.373573,1.905453,-3.336084,8.023570,5.796289,-3.032184,-0.484528,0.887165,2.177083,0.575607,8.392093,2.896911,-6.142254,8.023570,0.198697,0.1
225,0.4516574521417644,0.09495147254321944,0.24591450247070268,22,24,0.020189437584399405,True,-1.842940,-4.912691,0.406440,3.646241,-0.159042,1.717689,-2.800559,2.937543,1.942940,0.330815,2.126673,-5.451664,-5.187698,2.050931,1.462187,0.098152,-0.868874,2.396495,-2.171508,0.363201,-0.827552,-1.653474,-1.945001,6.711728,4.059732,0.296083,5.477973,0.376213,1.135042,-3.716231,3.890660,5.757582,5.192317,0.677035,-3.733891,2.931209,0.575382,9.816186,3.133079,-5.451664,6.711728,0.183647,0.1
211,0.4426937319763391,0.08078819954384867,0.22775460875550552,20,59,0.015938259797197016,True,-1.092102,-5.786805,0.403170,3.736780,-1.004978,0.402862,-2.936433,2.823213,2.105112,-0.158731,2.286829,-5.013553,-1.608334,2.633839,0.557407,0.219871,-0.124373,2.770421,-0.794158,-1.217168,-0.540943,0.862770,-2.729254,7.364980,3.978400,0.553987,4.784618,-0.154896,2.293828,-2.798752,0.053529,6.230890,3.984450,0.634395,-2.566660,0.507030,0.573923,8.172733,2.858799,-5.786805,7.364980,0.200757,0.1
45,0.9689524510591314,0.0545616789315935,0.5432103851736382,81,53,0.04582528904915167,True,-0.284445,-4.898579,1.413560,1.496505,1.437316,2.814114,-2.783928,4.372272,2.716059,-1.346310,1.710007,-2.188545,-3.749402,1.577852,0.806610,0.163834,2.331790,0.360553,-2.980890,1.375308,-1.258054,0.998474,-0.697684,1.209117,1.554018,-1.184869,4.997169,0.410622,0.798302,-3.599241,3.749489,4.627458,5.606906,-1.011682,-1.837367,1.949558,0.573775,6.456482,2.540961,-4.898579,5.606906,0.225810,0.1
474,0.5301079249121615,0.08363868918408843,0.22459743975786103,34,23,0.01926735927069013,True,-1.965087,-5.876782,1.156094,2.841678,1.431751,4.015741,-2.144876,5.479834,2.787549,-0.678475,2.526253,-2.236658,-3.477339,1.632804,0.983457,0.922624,-0.844861,1.975341,-1.493972,0.886675,-0.225923,0.368043,-2.623860,-0.414784,3.924972,0.441001,5.497876,0.394157,-0.474900,-4.268892,-0.989560,4.776059,5.485690,0.171086,-1.494708,2.122746,0.572521,7.570479,2.751450,-5.876782,5.497876,0.208080,0.1
149,0.8049673313221336,0.08336302120889644,0.13041026022120053,24,19,0.0792628861022005,True,-1.737503,-4.760607,0.493319,2.963231,-2.281796,2.402812,-3.206998,2.294292,2.387868,1.593984,2.470242,-6.725142,-4.070192,0.846369,4.214470,1.131880,-0.071106,3.144322,-1.714826,1.300569,-1.606899,-1.745683,-0.626528,6.348426,4.398075,0.851942,4.141098,0.841626,1.050373,-2.502815,4.057635,5.500729,3.407812,1.553853,-4.589724,-1.207425,0.570769,9.566298,3.092943,-6.725142,6.348426,0.184539,0.1
278,0.43517053240838544,0.08494921372981792,0.23397172901199528,26,20,0.0042885818847560615,False,-1.351116,-5.309762,0.009713,3.920697,-0.285906,2.648868,-3.024264,2.295422,2.299579,0.115164,1.817359,-4.561344,-4.101908,0.694991,0.985714,1.145193,-0.980376,2.131501,-2.190896,0.566648,-1.213177,0.015004,-1.637552,5.396968,4.239191,1.014414,5.467223,0.764631,1.367940,-2.973403,-1.298344,6.070308,5.365598,0.441473,-2.171320,2.868374,0.570628,8.249681,2.872226,-5.309762,6.070308,0.198671,0.1
6,0.6783199830488682,0.07751328233611146,0.5531245410138701,112,17,0.09695846277645587,True,1.341531,-5.251128,1.462585,2.020732,1.077152,1.636321,-3.396730,5.293382,2.499211,-1.853189,1.497881,-2.665138,-3.223416,-0.460232,1.753353,0.927048,2.536189,0.214360,-3.122353,2.023014,-1.180265,0.777340,-0.955837,1.158684,0.859185,-0.371092,4.621781,0.270967,1.597610,-3.467024,4.687758,3.683115,5.378848,-0.903444,-1.373969,1.433397,0.570212,6.615342,2.572031,-5.251128,5.378848,0.221697,0.1
326,0.46467430663824455,0.09103432535947607,0.23632745907855898,20,30,0.02135865779664825,True,-1.266563,-5.923219,0.404708,3.672451,-1.077944,0.531889,-2.984967,2.783673,2.217505,-0.142909,2.390288,-4.734152,-1.606639,2.715196,0.130651,-0.078225,-0.316758,2.870799,-0.723562,-1.785289,-0.577636,0.862770,-2.667617,7.345148,4.315291,0.590659,4.790958,-0.202631,2.385237,-2.962111,0.118698,6.164213,3.822552,0.722791,-2.673854,1.332360,0.567882,8.359164,2.891222,-5.923219,7.345148,0.196416,0.1
405,0.7766956678386212,0.09366288741142094,0.2469158654096433,16,27,0.0034541728739954855,True,-1.461269,-5.388726,0.566791,2.850176,2.244954,1.855536,-2.538187,3.683350,0.817336,-0.232752,3.020316,-1.677363,-1.751586,0.405468,-1.462146,-0.845551,0.404332,2.222930,-1.716569,0.634332,-0.112350,-3.594617,-1.782096,4.278205,3.663812,2.266854,3.129882,0.136103,3.444937,-2.979063,0.445561,5.770015,2.706024,0.820976,-1.440278,2.033711,0.567196,6.141627,2.478231,-5.388726,5.770015,0.228871,0.1
428,0.5167375486666878,0.09591342992065616,0.1990127827765213,22,22,0.014404673034085757,True,-2.045690,-4.910835,0.398083,3.743741,-0.203439,1.825875,-2.790707,2.867854,1.867344,0.446237,2.150809,-5.465581,-5.244805,2.115134,1.397752,-0.005005,-1.036315,2.461292,-2.112345,0.091364,-0.794309,-1.719055,-1.866713,6.532115,4.195980,0.311978,5.643042,0.376184,1.141083,-3.634648,3.890660,5.864730,5.155928,0.745281,-3.676405,2.687958,0.566794,9.867819,3.141308,-5.465581,6.532115,0.180432,0.1
232,0.4217115376027257,0.09216307757086363,0.23885201529906697,22,29,0.020820328665252578,True,-1.825870,-4.901550,0.405163,3.640111,-0.173200,1.672821,-2.793502,2.957925,1.919799,0.326467,2.130682,-5.463353,-5.196812,2.053725,1.489050,0.129884,-0.829309,2.397686,-2.169241,0.305571,-0.816873,-1.673981,-1.995870,6.682989,4.035769,0.290537,5.457424,0.327218,1.137044,-3.696139,3.890660,5.771480,5.179840,0.682786,-3.684688,2.729208,0.566485,9.759389,3.124002,-5.463353,6.682989,0.181333,0.1
361,0.6614004196024766,0.09347746676286554,0.23505152671302929,22,71,0.00805619304712192,True,-1.737239,-4.871283,0.306670,3.611907,-0.105310,1.778614,-2.802348,2.959654,1.891316,0.337319,2.195423,-5.334719,-5.267575,2.027371,1.435246,0.187633,-0.815152,2.425650,-2.136077,-0.103597,-0.815513,-1.579226,-1.953947,6.078762,4.073601,0.336662,5.869562,0.351826,1.127265,-3.563508,3.890660,5.903361,5.189337,0.608639,-3.565469,2.441322,0.566023,9.580720,3.095274,-5.334719,6.078762,0.182867,0.1
301,0.4836208547950865,0.03141031131035078,0.23712835355264564,15,20,0.022897495002226726,True,0.215618,-5.195834,1.906388,1.461613,0.788090,1.141238,-2.333202,4.465927,0.023160,-1.708062,2.187948,-3.081781,-2.435246,-0.296850,-0.005952,-0.019928,0.682594,2.056119,-0.764561,1.052953,-0.458552,0.056123,-2.346839,4.253413,1.398222,1.492961,3.402038,0.621365,1.845271,-1.752046,2.744404,5.145026,3.413003,0.275817,-1.058538,1.202855,0.565965,4.940823,2.222796,-5.195834,5.145026,0.254619,0.1
370,0.20707540747830439,0.09506154090775774,0.22140336132335275,22,21,0.018917492247108675,True,-1.964929,-4.921902,0.398966,3.700307,-0.198788,1.748720,-2.796118,2.897014,1.900386,0.384751,2.126806,-5.486814,-5.220737,2.082318,1.432688,0.039012,-0.965629,2.423359,-2.145012,0.273115,-0.815933,-1.703261,-1.920055,6.701399,4.121486,0.292651,5.500653,0.363354,1.136535,-3.695489,3.886108,5.796623,5.169710,0.720308,-3.723053,2.833566,0.565892,9.875493,3.142530,-5.486814,6.701399,0.180075,0.1
37,0.6325080972880852,0.0085347464993768,0.38245794089892393,155,19,0.06228904758190003,False,2.764643,-5.550329,1.271606,1.871087,1.171431,2.255637,-2.978989,6.542715,1.221613,-1.680161,1.268584,-1.689238,-3.868260,-0.492028,2.621903,3.015522,1.849279,-0.133682,-2.992853,1.011533,-1.133275,1.235875,-1.764881,1.607674,-1.196180,-0.095708,6.579164,-1.200892,2.098267,-2.695924,3.188076,3.500753,4.402950,-1.208761,-1.252027,0.826281,0.565872,7.297620,2.701411,-5.550329,6.579164,0.209473,0.1
199,0.44034053664951406,0.08268664664671166,0.20546968153529988,34,30,0.028522053437885313,True,-2.175811,-5.924808,1.183719,2.886997,1.436983,4.110346,-2.087342,5.472024,2.776679,-0.652159,2.603060,-2.217261,-3.477550,1.707352,0.987623,0.876778,-0.946296,2.067381,-1.466819,0.852417,-0.170229,0.318234,-2.649885,-0.249340,3.957310,0.420439,5.349048,0.372813,-0.540066,-4.376255,-1.045110,4.709298,5.475069,0.209346,-1.559210,2.134084,0.565802,7.641648,2.764353,-5.924808,5.475069,0.204678,0.1
15,0.8544118127379945,0.011005192452767676,0.516438349953806,163,72,0.03180034749718639,False,2.576307,-5.037614,0.664164,1.371380,1.100549,1.975005,-2.721722,6.100558,1.608276,-1.678950,1.300590,-1.779628,-2.659790,-0.093615,2.233245,2.513352,2.064875,-0.138585,-3.505959,1.010199,-0.956644,1.029524,-2.102750,1.601268,-0.588956,0.308643,6.317214,-0.970126,1.722394,-3.068133,3.340625,3.549018,4.728054,-1.271898,-1.584358,1.388833,0.565149,6.674845,2.583572,-5.037614,6.317214,0.218747,0.1
167,0.640220407331442,0.09748191522489844,0.22010589124360436,13,74,0.09364252844769601,True,-2.890762,-6.699593,0.401805,2.492669,2.877529,2.044634,-1.578717,3.365891,2.766910,-0.742973,1.982255,0.285817,-1.526167,2.154776,-3.249367,-2.172997,-1.340454,3.537472,-1.778341,0.610580,-0.206103,0.862770,-0.636272,6.839396,4.414134,-0.112798,2.480621,-2.239173,2.860022,-0.105900,0.679338,4.710153,-2.125589,0.403249,-2.192651,4.156654,0.564689,7.513538,2.741083,-6.699593,6.839396,0.206010,0.1
12,0.45148478486106136,0.010789142699330446,0.30514241469882164,107,36,0.002541912674409519,False,0.881967,-5.973890,2.142548,1.959297,1.017603,1.704144,-3.044109,6.013296,2.427053,-1.491228,1.229330,-1.773036,-3.965495,0.202102,1.494421,0.510088,2.703365,-0.423901,-3.899384,1.808609,-1.136041,0.599813,-1.034200,0.330780,0.797804,0.122391,5.945058,-0.070380,1.515425,-3.463987,3.945169,4.409645,5.907787,-0.900573,-0.530202,0.331653,0.563692,7.544373,2.746702,-5.973890,6.013296,0.205225,0.1
377,0.29832965699481395,0.09970259959206376,0.21763434191673314,16,21,0.002340664666232572,True,-1.755139,-5.477378,0.400384,2.807728,2.349793,1.897515,-2.527538,3.576040,0.690398,0.026355,3.105212,-1.587187,-1.551224,0.477751,-1.591376,-1.068949,0.140264,2.340024,-1.776167,0.528942,-0.103754,-3.228876,-1.689604,4.176119,3.879619,2.398741,3.038183,0.093026,3.552687,-2.946457,0.265675,5.858329,2.501824,0.883242,-1.407461,2.015802,0.563682,6.154787,2.480884,-5.477378,5.858329,0.227210,0.1
255,0.378385705455965,0.0867800842500519,0.23624710851645261,15,30,0.008571749663978494,True,-1.914347,-5.444074,1.154846,2.145064,1.279942,1.654791,-2.040075,3.945164,-0.381076,-0.973402,2.354509,-1.931432,-2.347068,0.100046,-1.722959,-0.882782,-0.909025,2.828816,-1.756254,0.540896,0.407534,0.862770,-0.957269,3.626436,2.260646,1.826686,3.664751,0.607440,2.147329,-2.145340,2.414948,5.618124,2.628594,0.329338,-1.042711,2.326850,0.563270,5.174584,2.274771,-5.444074,5.618124,0.247616,0.1
481,0.8720416555387449,0.09512190118920161,0.19311890561223827,22,28,0.006575151489578805,True,-1.972034,-4.883761,0.301466,3.719732,-0.165635,1.854932,-2.793930,2.883092,1.835889,0.449592,2.195720,-5.388425,-5.335936,2.098669,1.380887,0.065960,-0.998688,2.479448,-2.079160,-0.203469,-0.796661,-1.597448,-1.872259,6.125985,4.204777,0.338525,5.903538,0.361724,1.135481,-3.537132,3.890660,5.972695,5.161255,0.697440,-3.568958,2.407533,0.563097,9.738045,3.120584,-5.388425,6.125985,0.180446,0.1
76,0.6085887935415958,0.07310806195979838,0.25400932191218606,20,14,0.0053560839654886346,True,0.012065,-5.222092,1.091132,3.331755,-1.811422,0.892418,-2.520557,3.376297,2.493447,0.282128,0.964876,-3.063461,-2.218504,2.567033,1.200739,0.359326,0.528499,2.559205,-2.013299,-0.385916,-1.887792,-2.179338,-3.395621,6.663655,3.434071,1.339469,5.108788,-0.080350,1.830670,-3.374235,1.199006,6.006361,4.391614,-0.213779,-2.378184,1.340028,0.561890,7.820777,2.796565,-5.222092,6.663655,0.200921,0.1
213,0.5147815469084253,0.08602706489630867,0.25574463084333987,15,29,0.0236779057022615,True,-1.976184,-5.506785,0.878214,2.114842,1.299267,1.306680,-1.954922,3.991764,-0.480844,-0.947221,2.467971,-1.982786,-2.088818,0.394358,-2.056155,-0.982331,-0.916201,2.905246,-1.906655,0.688166,0.501919,0.862770,-0.555977,4.320039,2.381637,1.766495,3.695602,0.570843,2.212221,-2.169828,2.146171,5.508324,2.492725,0.317064,-1.141164,2.038948,0.560983,5.274703,2.296672,-5.506785,5.508324,0.244259,0.1
379,0.5799634258137182,0.09562120449868591,0.08547677247779656,21,16,7.880185595313384e-05,True,-1.589574,-5.349222,0.608805,3.400656,-2.370598,2.838724,-2.656630,3.595658,2.988993,1.002853,1.796053,-4.580973,-3.645258,2.137551,1.238653,-1.770089,-0.301828,3.285516,-1.521890,-0.366662,-2.584605,-2.146804,-2.310424,5.800978,3.792275,1.940262,6.325169,0.171675,1.592098,-3.392394,0.367493,6.879257,4.398307,-0.167635,-2.872002,3.652583,0.560749,9.895980,3.145788,-5.349222,6.879257,0.178254,0.1
343,0.7237111298075813,0.09045527375936364,0.20147529656260563,20,23,0.018550682498887368,True,-1.398966,-5.937524,0.398514,3.750824,-1.157617,0.547263,-2.973909,2.745752,2.178687,-0.098945,2.379899,-4.773712,-1.613195,2.719274,0.145420,-0.103261,-0.416896,2.913320,-0.662857,-1.829560,-0.556637,0.862770,-2.636700,7.423455,4.355196,0.598924,4.760131,-0.214276,2.410386,-2.875703,0.039048,6.254269,3.787698,0.770180,-2.618860,1.012532,0.560692,8.428434,2.903177,-5.937524,7.423455,0.193131,0.1
402,0.24503906692612795,0.09466172072908578,0.19437723671092053,20,21,0.02210054002106002,True,-1.537939,-5.991551,0.393302,3.740039,-1.244140,0.597643,-2.981248,2.672317,2.159657,-0.054059,2.437572,-4.613010,-1.620652,2.772370,-0.109082,-0.266931,-0.571381,2.983443,-0.569866,-2.081845,-0.554712,0.856993,-2.621832,7.437782,4.490580,0.609315,4.758209,-0.253333,2.471636,-2.941255,0.043247,6.227966,3.655577,0.837362,-2.669866,1.715089,0.560483,8.553251,2.924594,-5.991551,7.437782,0.191645,0.1
473,0.21769653162673505,0.09276457448337892,0.19906602211534358,22,79,0.01556988914496218,True,-1.988045,-4.897852,0.398092,3.719347,-0.209311,1.763149,-2.785160,2.902153,1.853712,0.422244,2.153274,-5.471927,-5.244745,2.106328,1.436204,0.073510,-0.962192,2.452470,-2.119941,0.062845,-0.789664,-1.728169,-1.934593,6.515014,4.147772,0.304760,5.607110,0.322341,1.141801,-3.622577,3.890660,5.865600,5.152904,0.737708,-3.627421,2.517031,0.560123,9.794650,3.129640,-5.471927,6.515014,0.178974,0.1
412,0.7628212086776097,0.08293993376628103,0.16906053429166534,21,16,0.008026923404574681,True,-0.896498,-5.263222,0.656273,2.972418,-2.077513,2.894983,-2.515658,3.935993,3.311122,0.658286,1.584836,-4.341676,-3.400914,1.885115,1.847056,-1.664858,0.258014,3.047550,-1.777591,0.347398,-3.046487,-2.152985,-2.280270,5.819124,3.163875,2.117401,5.975800,0.018147,1.524931,-4.269096,0.592367,6.776583,4.550166,-0.543235,-2.981801,3.431099,0.559909,9.696227,3.113877,-5.263222,6.776583,0.179811,0.1
250,0.41400061377670294,0.08404538398474191,0.23903992998708676,20,28,0.026006489386434996,True,-1.171009,-5.863456,0.405197,3.700065,-1.044089,0.320089,-2.961394,2.870564,2.175189,-0.209124,2.347553,-4.987109,-1.606091,2.790962,0.305536,0.085176,-0.173251,2.813105,-0.762454,-1.479819,-0.541211,0.862770,-2.789675,7.338793,4.154623,0.549630,4.816262,-0.253944,2.364606,-3.023740,0.089494,6.138124,3.856405,0.712513,-2.644253,0.856318,0.556732,8.343353,2.888486,-5.863456,7.338793,0.192742,0.1
241,0.49414223718870925,0.08307987280189601,0.16318025291636185,8,33,0.036830870225737465,True,0.820174,-7.163504,4.626732,2.434572,2.573137,0.619337,-1.566314,3.135356,-2.794111,-2.737594,1.982255,-3.822940,-0.485852,2.467469,5.075520,-0.195031,-0.291018,3.539091,-0.290395,-0.085999,-0.230309,-1.674639,-2.316704,6.113234,3.325821,0.560916,3.751554,1.580740,1.822178,-4.261693,-0.813655,5.368768,-2.153648,-0.645658,-2.428924,4.156654,0.555431,9.112017,3.018612,-7.163504,6.113234,0.184002,0.1
399,0.7227626017583902,0.08738158442764651,0.44959309896587907,23,22,0.029265555067880086,False,-0.763450,-5.096932,0.234320,2.836578,-0.708338,1.782388,-3.078395,3.012823,2.020488,-0.114890,1.815055,-5.265977,-4.816049,1.560873,1.915065,1.469474,-0.092764,2.276047,-2.293353,1.138644,-1.272580,-1.395196,-2.272423,4.969084,3.651248,0.642581,5.652303,0.291624,1.064900,-3.438086,3.890660,5.327231,4.709223,0.319212,-3.602910,3.590483,0.554416,8.799270,2.966356,-5.265977,5.652303,0.186901,0.1
494,0.5589943053664082,0.09610061425172355,0.24328865407856926,29,57,0.011594682854811654,True,-2.067415,-5.668133,0.596430,3.920445,0.308234,3.826701,-2.846576,3.668813,2.452109,0.866981,1.277380,-4.893343,-3.439835,1.734917,-0.903667,0.962431,-1.027621,2.015140,-2.419584,0.790339,-0.580283,1.630765,-1.595175,0.674516,4.622081,0.799529,5.933457,0.475372,-0.032481,-3.152900,-1.296055,5.318038,6.178809,0.420890,-2.123829,3.506311,0.553689,8.468806,2.910121,-5.668133,6.178809,0.190263,0.1
204,0.45695974522895577,0.08612314779398593,0.22850106422200359,15,40,0.026813977733561645,True,-2.175334,-5.529364,0.798162,2.141478,1.300396,1.335911,-1.923651,3.974477,-0.627060,-0.899632,2.380773,-1.924513,-2.026418,0.493260,-2.303738,-1.101539,-1.059223,2.975796,-1.890483,0.665301,0.595352,0.862770,-0.377987,4.537130,2.461742,1.765110,3.669540,0.556041,2.271168,-2.130724,2.051515,5.530983,2.334524,0.375046,-1.080157,1.896887,0.553432,5.358449,2.314832,-5.529364,5.530983,0.239081,0.1
264,0.7073032177939454,0.08480071954174116,0.22973177403652936,22,24,0.009798134673884355,True,-1.610229,-4.836186,0.179760,3.553658,-0.122860,1.633259,-2.777987,3.011762,1.849041,0.292025,2.205751,-5.353242,-5.391485,2.009068,1.519236,0.420263,-0.660222,2.410000,-2.107636,-0.196822,-0.778953,-1.639823,-2.161505,6.013838,3.963821,0.321694,5.932765,0.255978,1.175934,-3.488869,3.890660,5.935934,5.183171,0.583803,-3.436639,2.141070,0.553334,9.519208,3.085321,-5.391485,6.013838,0.179344,0.1
307,0.4919951620228979,0.09157840302355896,0.23975819508017623,15,40,0.00787745120789046,True,-2.012724,-5.529082,0.955548,2.105857,1.329011,1.615027,-2.005993,3.944305,-0.357268,-0.923637,2.539024,-1.938905,-2.187785,0.144210,-1.827735,-0.977317,-1.103947,2.929300,-1.858278,0.509502,0.452653,0.862770,-0.728914,3.464765,2.365998,1.858469,3.652769,0.610857,2.162985,-2.308127,2.383090,5.629946,2.512658,0.319492,-1.065438,2.390727,0.553162,5.246074,2.290431,-5.529082,5.629946,0.241510,0.1
161,0.7545697395727918,0.09323195969638881,0.27349952089677276,16,19,0.010524476664129357,True,-0.240560,-5.119172,0.481777,2.354366,2.002828,1.984161,-2.518233,3.697453,1.387150,-0.642242,2.835286,-2.441927,-1.849478,0.041997,-0.396897,-2.213377,1.198480,2.129875,-1.412327,1.514783,-0.566877,-5.391386,-2.341771,4.434890,3.409425,1.578831,3.097233,0.706571,3.220555,-2.438570,0.792133,6.123066,3.227151,0.969356,-1.732783,2.020230,0.552833,6.734349,2.595062,-5.391386,6.123066,0.213033,0.1
187,0.6616321885436309,0.08198449448904563,0.156284124730602,16,26,0.004723025687989589,True,-1.612694,-5.253441,1.081359,3.070899,2.222110,1.991103,-2.564935,3.691798,0.711778,-0.436641,3.130242,-1.508722,-1.952140,0.350180,-1.869003,-0.834955,0.221491,2.149242,-1.350469,0.540643,0.009660,-4.300619,-2.117226,4.554330,3.547184,2.231230,3.077245,-0.035557,3.510039,-2.841588,0.376270,5.892309,2.492783,0.977119,-1.042856,1.788493,0.552685,6.401591,2.530137,-5.253441,5.892309,0.218441,0.1
217,0.3816493194187744,0.0890545225165755,0.19902049280547476,22,27,0.018376680221699058,True,-1.937835,-4.887266,0.398084,3.696984,-0.224791,1.678904,-2.776913,2.937578,1.841408,0.396145,2.148063,-5.494550,-5.244797,2.100322,1.483893,0.161551,-0.886255,2.439870,-2.127208,0.080321,-0.783062,-1.745219,-2.011691,6.565141,4.091264,0.291258,5.521571,0.260172,1.143921,-3.623665,3.890660,5.854489,5.147453,0.739474,-3.588127,2.357677,0.552634,9.741858,3.121195,-5.494550,6.565141,0.177058,0.1
438,0.4773524352457533,0.09182526604095749,0.17166657867246662,22,24,0.009756143888283119,True,-2.043768,-4.880556,0.291404,3.751630,-0.219485,1.804379,-2.777098,2.882968,1.796140,0.477152,2.184573,-5.449544,-5.325918,2.129201,1.408675,0.094992,-1.011426,2.490588,-2.055738,-0.200117,-0.779264,-1.756733,-1.916572,6.260409,4.205199,0.321267,5.797863,0.299855,1.142408,-3.535553,3.890660,5.979756,5.139932,0.749276,-3.536222,2.259820,0.551949,9.776236,3.126697,-5.449544,6.260409,0.176528,0.1
280,0.4720805990346489,0.0133053146363932,0.2537896624139155,12,22,0.017213790245482096,True,1.765782,-5.554355,3.477633,2.461714,1.618271,-2.133829,-2.452735,3.986067,0.445573,-1.846957,0.739171,-2.300856,-3.211207,-1.376108,1.353628,0.344051,0.986166,2.596620,-0.709655,1.244539,-0.268316,1.955151,-3.815704,3.965688,1.056868,1.324542,3.247761,-0.679223,1.339522,-0.773669,3.564531,5.240815,2.150752,-0.138441,-1.895979,2.129717,0.551042,5.915535,2.432187,-5.554355,5.240815,0.226562,0.1
464,0.3124521969281917,0.09541684623369275,0.1901813746165698,28,15,0.05096429484287042,False,-1.916305,-6.359318,0.792747,4.059329,-0.698531,4.456233,-2.904305,2.766058,2.325925,1.055907,1.737129,-6.289431,-3.484898,1.558315,-0.892899,0.568112,-1.386599,2.528992,-2.687216,-0.085353,-1.130041,-0.911243,-2.772380,2.932868,4.942366,0.840340,5.142596,-0.287725,0.462250,-2.348109,5.110878,5.487966,6.601912,0.350196,-3.464551,3.689761,0.549749,10.527421,3.244599,-6.359318,6.601912,0.169435,0.1
160,0.6543373745263594,0.09159512375356386,0.2560205956202971,22,21,0.0053394037972344455,True,-1.579347,-4.879865,0.215540,3.530888,-0.076608,1.717003,-2.814614,2.991700,1.884193,0.250266,2.198505,-5.306888,-5.363644,1.944400,1.440596,0.288921,-0.717807,2.388636,-2.163345,-0.186672,-0.854286,-1.439558,-2.058445,5.865637,3.981655,0.326237,5.934086,0.328884,1.106484,-3.543575,3.874204,5.906752,5.193061,0.519528,-3.530740,2.366338,0.548281,9.479684,3.078910,-5.363644,5.934086,0.178076,0.1
288,0.4803942257245578,0.0939508671020563,0.267964223266325,14,18,0.022773954706552645,True,-0.423227,-7.458470,0.165148,1.861668,1.878308,2.336495,-2.376586,4.205671,-1.153740,-0.519221,3.721827,-2.052747,-2.622511,-0.131034,-1.629898,-2.187181,-0.585949,2.320215,-2.065038,2.538611,-0.627032,0.522094,-2.407417,4.499365,1.932003,0.890896,4.696706,0.746357,1.284383,-1.834489,3.466317,5.906931,1.271662,0.345851,-0.046676,3.250295,0.547766,7.123804,2.669046,-7.458470,5.906931,0.205229,0.1
388,0.6974093495123117,0.0924585778560588,0.10932153890328176,22,24,0.0016521288147904392,True,-2.279371,-4.867339,0.142818,3.860378,-0.292819,1.902134,-2.757722,2.786083,1.690703,0.624755,2.219541,-5.453421,-5.658724,2.201006,1.334425,0.051994,-1.205324,2.571888,-1.932344,-0.555811,-0.753661,-1.527633,-1.873345,5.999064,4.365804,0.343018,6.042795,0.318375,1.148674,-3.405753,3.890660,6.180739,5.095674,0.823085,-3.435906,2.096347,0.546966,9.945142,3.153592,-5.658724,6.180739,0.173442,0.1
319,0.5021259157507525,0.0949557315870456,0.2489584341900789,23,22,0.0002708978121408057,False,-1.735085,-5.263915,-0.047280,3.311711,-1.090189,2.206941,-3.085247,2.465095,1.699117,0.398960,1.585457,-5.322123,-5.183710,1.856395,1.624344,1.267321,-0.928208,2.540473,-1.926500,0.326404,-1.165459,-1.031974,-1.913824,4.548796,4.376950,0.734195,6.456242,0.333385,1.101013,-3.274726,3.890660,5.884323,4.440139,0.702851,-3.404722,3.308795,0.546850,9.282115,3.046656,-5.322123,6.456242,0.179492,0.1
43,0.6025090068640702,0.004530400977204452,0.5138939047129933,83,51,0.06350936508676439,False,-0.286795,-4.815567,1.439763,1.649994,1.387828,2.789012,-2.858431,4.568015,2.845850,-1.347884,1.769671,-2.132946,-3.712411,0.204750,0.871677,0.441527,2.361823,0.257422,-2.927229,1.187872,-1.211120,0.755691,-0.708548,1.579241,0.958832,-0.729089,5.098463,0.483885,0.895369,-3.453409,3.439197,4.288859,5.589649,-0.914579,-2.068824,1.974151,0.546436,6.285175,2.507025,-4.815567,5.589649,0.217962,0.1
80,0.6848851893663098,0.08302777150040781,0.16868439784927633,34,21,0.023186892935870753,True,-2.316545,-5.997259,1.179647,2.939376,1.440299,4.188383,-2.088296,5.502446,2.755424,-0.615058,2.566969,-2.164024,-3.602635,1.721545,0.910030,0.828538,-1.105659,2.029301,-1.398657,0.784428,-0.165473,0.303057,-2.627180,-0.448738,4.004213,0.414450,5.403414,0.351520,-0.599677,-4.353795,-1.155279,4.752494,5.446611,0.253629,-1.439444,1.962428,0.546125,7.746654,2.783281,-5.997259,5.502446,0.196216,0.1
184,0.7001077514999452,0.08768635575904157,0.006374069955241035,20,25,0.008550229590933442,True,-2.135092,-5.982915,0.366982,4.131979,-1.746089,0.606800,-2.902073,2.431843,1.874874,0.230749,2.332280,-4.906876,-1.636692,2.807371,0.112302,-0.294621,-0.950741,3.149503,-0.254049,-2.027447,-0.421486,0.862770,-2.471547,7.768459,4.589710,0.630964,4.629486,-0.248886,2.546988,-2.450237,-0.328479,6.668674,3.522545,1.060442,-2.332970,0.393536,0.545224,8.854110,2.975586,-5.982915,7.768459,0.183232,0.1
398,0.539141833305847,0.09025304987752476,0.1355297123255792,152,27,0.024437460516343393,True,2.404442,-5.939393,1.655902,3.042481,1.232666,3.177090,-3.267220,6.445386,0.508242,-1.622559,1.173214,-0.335387,-5.266059,-0.814604,1.865413,3.085445,2.192117,-0.894520,-3.102844,0.162094,-0.896610,1.677592,-0.567790,0.499408,-2.935375,-0.926072,8.240042,-1.507234,3.524853,-2.513502,2.929880,3.791599,3.906906,-1.010095,-0.291117,-0.029843,0.544293,8.833231,2.972075,-5.939393,8.240042,0.183136,0.1
159,0.6700770737932562,0.09582732641547481,0.2811617056524893,12,24,0.008300085970971486,True,-0.355624,-6.663331,1.670843,2.623183,2.424523,1.992972,-2.073879,3.692047,2.766910,-1.964682,1.982255,-1.572745,-1.130545,-1.991920,-1.376693,-1.172116,-0.974580,2.850471,-1.522965,-1.548778,-0.423133,4.441466,-3.052991,2.758001,2.887273,1.318160,3.194739,-0.101057,1.827806,-3.444281,7.414323,5.802617,-3.406555,0.031445,0.223516,2.467216,0.544275,8.293048,2.879765,-6.663331,7.414323,0.189000,0.1
226,0.4862231620232076,0.09030854765015385,0.21198165834024593,15,26,0.021896329173509147,True,-2.325308,-5.573738,0.684132,2.125807,1.372674,1.357515,-1.912704,3.948291,-0.663166,-0.838964,2.542164,-1.885973,-1.941030,0.457903,-2.365956,-1.195674,-1.303699,3.056974,-1.903998,0.569934,0.643667,0.862770,-0.316654,4.201299,2.540053,1.829267,3.633626,0.567865,2.283839,-2.267176,2.104311,5.604682,2.248848,0.398794,-1.041034,2.085581,0.544026,5.429231,2.330071,-5.573738,5.604682,0.233480,0.1
281,0.4199048492574029,0.08763946574291198,0.23521718260031552,21,19,0.009780317991555423,True,-0.850548,-5.512895,0.566783,3.472050,-1.031570,1.268492,-3.159967,2.973961,1.911485,0.394196,2.354822,-6.226155,-5.400765,2.064356,1.480459,-0.493181,0.314800,2.855906,-1.680338,-0.067652,-1.007425,-1.366839,-2.931986,6.344095,3.986636,0.874468,6.085295,0.457044,1.829204,-3.154567,0.234102,6.435981,4.617261,0.880982,-2.788718,3.828966,0.543298,10.124806,3.181950,-6.226155,6.435981,0.170744,0.1
347,0.8102811092364968,0.08574262557510111,0.16031369416175975,22,24,0.008846822652721418,True,-1.963053,-4.850318,0.159478,3.717471,-0.232320,1.712299,-2.758459,2.907026,1.749301,0.460987,2.202579,-5.454124,-5.503201,2.122084,1.458346,0.279095,-0.920800,2.490898,-2.013218,-0.348878,-0.745897,-1.734876,-2.077962,6.126115,4.146557,0.316851,5.933105,0.234617,1.187740,-3.450256,3.890660,6.047483,5.132926,0.730697,-3.415258,2.009951,0.542990,9.752030,3.122824,-5.503201,6.126115,0.173878,0.1
182,0.6803433332629029,0.0889684465719191,0.1384755275158128,15,23,0.010406149864094983,True,-2.526260,-5.532649,1.050281,2.225009,1.336057,1.660798,-1.937038,3.862324,-0.723368,-0.844060,2.503291,-1.722868,-2.360152,0.215383,-2.183212,-1.210191,-1.361137,3.054154,-1.668300,0.362099,0.667882,0.862770,-0.616678,3.758761,2.467092,1.932839,3.542230,0.587953,2.287099,-2.063771,2.181954,5.787441,2.095375,0.496398,-0.833899,2.167213,0.542245,5.379313,2.319335,-5.532649,5.787441,0.233793,0.1
418,0.4849038623054372,0.09569367390345447,0.1901432817094211,27,22,0.08179782706852305,True,-2.703929,-5.786396,0.416801,3.888344,-0.889632,3.167340,-2.450335,1.973061,2.225962,0.682088,1.589970,-4.746988,-5.254751,0.842237,-0.678656,0.598298,-0.866544,2.625672,-2.953667,2.737307,-1.204889,-1.384851,-2.538251,6.194827,4.380710,0.003901,4.488316,0.247586,1.155275,-3.165656,3.890660,4.787827,5.810858,0.660466,-2.163310,3.903534,0.541200,9.739106,3.120754,-5.786396,6.194827,0.173419,0.1
189,0.7745275655267104,0.09047742880399252,0.08567514635629886,22,23,0.0029139347250729175,True,-2.363114,-4.863649,0.122123,3.895473,-0.325103,1.881837,-2.742654,2.763565,1.649392,0.664658,2.213290,-5.495031,-5.687827,2.230150,1.342488,0.061282,-1.244631,2.589353,-1.900274,-0.591123,-0.733255,-1.617314,-1.897987,6.065325,4.387085,0.333754,6.024692,0.280440,1.169149,-3.383691,3.890660,6.202065,5.078434,0.869548,-3.402041,1.990678,0.540493,10.002858,3.162729,-5.687827,6.202065,0.170894,0.1
286,0.7949147046468286,0.08857630886564051,0.28280706847617393,28,16,0.04561647379545142,True,-0.505853,-6.802964,1.135081,3.487006,-0.669718,4.470257,-3.085077,2.397410,2.801868,0.678721,2.122668,-6.547255,-2.798883,0.438640,0.168946,-0.061290,-1.345395,2.202728,-2.694753,0.731341,-1.869602,-0.878333,-2.816272,4.639389,4.201238,1.499205,5.292976,-0.908751,0.334703,-3.228786,5.819174,5.271285,6.212469,-0.051127,-3.792391,3.608343,0.540472,10.971802,3.312371,-6.802964,6.212469,0.163168,0.1
475,0.4926464985000145,0.04818033422904644,0.18455742967272148,131,26,0.07689080082618971,True,2.551586,-5.694565,2.280455,3.041177,1.060142,2.841069,-3.401609,6.853262,1.297045,-1.641139,1.081505,-0.699765,-5.295652,-0.363277,2.796302,0.836383,1.436679,-0.930590,-2.653601,0.177733,-1.129900,1.797691,-0.061147,0.475975,-2.112565,-0.486255,6.045577,-0.639982,2.542261,-2.770508,3.629713,4.039289,4.506179,-0.721994,-1.055088,-0.255233,0.538254,7.870175,2.805383,-5.694565,6.853262,0.191865,0.1
357,0.692800686154791,0.09966990902363827,0.22513268801006311,15,19,0.00409888950197555,True,-1.231214,-8.783080,0.413018,1.544054,1.314529,2.043997,-2.121943,3.741301,0.123981,0.008889,2.808660,-2.681282,-1.810603,0.080770,-1.022374,-2.439758,-1.095298,2.977182,-1.723481,1.089492,0.170361,0.565489,-0.641297,3.063539,2.551007,1.130954,4.049374,1.265783,2.125141,-2.111266,2.839520,6.213834,2.812898,0.903652,-1.283988,2.485081,0.538248,6.940542,2.634491,-8.783080,6.213834,0.204308,0.1
320,0.7680372306745654,0.0893542552165166,0.219344589606378,29,69,0.017117253203424616,True,-2.156664,-5.659907,0.618792,3.985785,0.265225,3.879574,-2.820402,3.700685,2.452570,0.945088,1.283896,-5.105926,-3.583420,1.720479,-0.768934,0.970155,-1.090532,1.965647,-2.390863,0.719850,-0.550057,1.603059,-1.648655,0.649289,4.589574,0.792006,5.802700,0.420129,-0.107789,-3.105569,-1.305972,5.351892,6.175427,0.450542,-2.082220,3.391538,0.537694,8.522829,2.919388,-5.659907,6.175427,0.184180,0.1
230,0.5166486775312344,0.08633506094188295,0.2264560324225973,29,26,0.017678292655533775,True,-2.077855,-5.628514,0.630029,3.971935,0.291653,3.850672,-2.813175,3.754597,2.465534,0.931906,1.303916,-5.231936,-3.611988,1.679673,-0.641078,0.996260,-1.031218,1.927311,-2.392704,0.719512,-0.545967,1.565489,-1.701527,0.656675,4.534333,0.788266,5.752123,0.403089,-0.110649,-3.091942,-1.249906,5.368383,6.157511,0.426535,-2.058709,3.362181,0.537512,8.488738,2.913544,-5.628514,6.157511,0.184487,0.1
369,0.5528390238053641,0.09974341992959572,0.19514091378494694,14,18,0.005914894223105666,True,-0.584490,-7.705425,0.164168,1.783391,1.978851,2.412848,-2.595100,4.175432,-1.294807,-0.462860,3.705609,-1.967467,-2.443587,-0.292617,-1.299638,-2.383030,-0.684669,2.395552,-1.891036,2.294864,-0.637701,0.483425,-2.339875,3.641456,1.878719,0.956843,4.618323,0.992866,1.331817,-1.696766,3.452014,6.282795,1.163254,0.480159,0.195959,3.238721,0.537444,7.105367,2.665589,-7.705425,6.282795,0.201623,0.1
458,0.5797001017761906,0.0981783338746322,0.2182957804246675,14,18,0.013176068728831807,True,-0.457647,-7.935363,0.151131,1.782264,1.919267,2.426614,-2.577757,4.258300,-1.139553,-0.411859,3.663553,-2.026771,-2.443060,-0.188504,-1.374333,-2.402788,-0.582459,2.357840,-2.022972,2.417851,-0.652346,0.418863,-2.484704,3.973550,1.823613,0.821556,4.695941,0.996235,1.335478,-1.691733,3.493592,6.207228,1.158857,0.460909,0.145464,3.192746,0.536361,7.303781,2.702551,-7.935363,6.207228,0.198465,0.1
401,0.6763124508841365,0.09004989844867921,0.14749184807893248,16,24,0.006471004521864512,True,-1.889587,-5.383524,0.677457,3.079245,2.362754,1.961953,-2.507453,3.614736,0.585778,-0.143357,3.058337,-1.448274,-1.897661,0.490503,-1.804458,-1.052003,0.187059,2.289975,-1.499319,0.497443,0.060786,-4.700508,-1.830131,4.624753,3.830592,2.368116,2.896142,0.041923,3.633014,-2.925657,0.201078,5.935026,2.357579,1.055355,-1.219700,1.779067,0.535751,6.645555,2.577897,-5.383524,5.935026,0.207825,0.1
344,0.7949671823603233,0.08843130170649886,0.27666008336627756,16,66,0.015840040729337004,True,-1.321651,-5.358582,0.536058,2.883963,2.260992,1.801128,-2.521594,3.754996,0.760393,-0.258115,2.937281,-1.713791,-1.749647,0.540527,-1.510836,-0.790118,0.756156,2.220398,-1.792504,0.794927,-0.062717,-4.575518,-2.012013,4.807834,3.576929,2.208984,2.884392,0.081478,3.440971,-3.192619,0.359334,5.614518,2.857548,0.773906,-1.516724,1.794066,0.535287,6.498679,2.549251,-5.358582,5.614518,0.209978,0.1
351,0.7335154784849854,0.09274375449652396,0.19704897640296046,23,36,0.002423842477310786,True,-1.982320,-5.285385,-0.073396,3.420143,-1.208921,2.240612,-3.067013,2.400711,1.610739,0.524727,1.564131,-5.425688,-5.247030,1.928938,1.625359,1.248585,-1.123604,2.607272,-1.841784,0.193768,-1.146814,-1.197962,-1.896164,4.683079,4.489557,0.733704,6.461974,0.283495,1.113026,-3.255195,3.890660,5.966822,4.358397,0.827185,-3.350323,3.160044,0.534204,9.454799,3.074866,-5.425688,6.461974,0.173732,0.1
391,0.7876987456432786,0.09099567563370158,0.10287042079190084,15,24,0.008835611507697266,True,-2.754808,-5.572384,0.989148,2.241202,1.363112,1.696738,-1.909140,3.826234,-0.818752,-0.783627,2.581124,-1.648042,-2.333671,0.227043,-2.326621,-1.330652,-1.554676,3.138995,-1.639828,0.272547,0.743867,0.862770,-0.488783,3.663186,2.549434,1.984076,3.490460,0.586727,2.326020,-2.082082,2.168832,5.850402,1.932655,0.551276,-0.759340,2.152866,0.533231,5.475759,2.340034,-5.572384,5.850402,0.227873,0.1
386,0.518299360802442,0.09523632358414115,0.23971264283366997,16,43,0.024096962991859837,True,-1.758772,-5.462956,0.405318,2.825374,2.418211,1.733443,-2.509241,3.632759,0.553492,0.201952,3.028707,-1.523865,-1.188481,0.866136,-1.887136,-1.185308,0.650352,2.454815,-1.866802,0.764396,0.012221,-4.743495,-2.101010,5.239519,3.941836,2.409718,2.691438,-0.000742,3.655089,-3.193125,0.093962,5.655521,2.553052,0.889347,-1.483525,1.423169,0.533205,6.820732,2.611653,-5.462956,5.655521,0.204164,0.1
472,0.8557336993007576,0.09481041749668306,0.2339230870182622,15,36,0.022868860501753078,True,-2.359665,-5.588524,0.464474,2.057746,1.420624,1.487858,-1.912728,3.962945,-0.954860,-0.757012,2.534712,-1.934180,-1.610630,0.547155,-2.579571,-1.271866,-1.210228,3.133330,-2.034106,0.584948,0.645506,0.862770,-0.382475,4.109857,2.643010,1.837764,3.653164,0.568653,2.291540,-2.543028,2.116179,5.571588,2.299487,0.375999,-1.092623,2.223316,0.532254,5.550275,2.355902,-5.588524,5.571588,0.225923,0.1
155,0.6382737769303582,0.09846899847146869,0.2532481628166546,26,24,0.018548309814678074,True,-1.869305,-5.490894,0.133832,3.805306,-0.313616,2.808767,-2.592094,1.984939,2.310735,0.230158,2.193841,-3.844220,-4.641039,0.756481,-0.035879,1.108296,-1.046943,2.424307,-2.735198,0.907210,-1.275411,-0.219819,-1.918154,5.782488,4.428754,0.708988,5.481204,0.750908,1.557293,-3.116645,-1.319912,5.671938,5.303330,0.387612,-2.423119,3.220853,0.530972,8.580850,2.929309,-5.490894,5.782488,0.181262,0.1
454,0.8187189936281901,0.09275142887613869,0.20663400454050254,24,17,0.019254699995125125,False,-1.228648,-5.944135,-0.206291,2.514813,-1.461083,4.151060,-3.452408,1.086523,3.198792,1.173106,1.179861,-4.203212,-3.576188,0.930087,3.549430,0.154059,0.003795,2.688970,-3.463464,0.408396,-2.537316,-1.278691,-1.601754,6.546629,4.071225,1.961926,4.901505,-0.125702,0.802080,-2.977934,4.625998,6.419556,4.162826,-0.848051,-3.895290,1.380898,0.530871,9.916515,3.149050,-5.944135,6.546629,0.168581,0.1
48,0.9924041136005387,0.01774395437797228,0.2475706061468559,149,65,0.02820345725713065,False,2.875162,-5.555244,1.388658,2.202305,1.103021,2.113845,-3.199426,6.748821,1.219952,-1.510844,1.275821,-0.891220,-4.090999,-0.698704,1.606499,2.208715,2.443955,-0.512962,-3.244578,0.746873,-0.691897,1.459199,-1.284822,1.197299,-2.218382,-0.776171,7.229688,-1.527983,2.437248,-2.856480,3.931349,4.065050,3.876626,-1.215471,-1.061162,0.310497,0.530673,7.858866,2.803367,-5.555244,7.229688,0.189299,0.1
488,0.5164457088679777,0.09464212483431497,0.012902620292972136,20,49,0.01645528830400548,False,-2.329128,-6.073395,0.367950,4.071930,-1.691480,0.661162,-2.933323,2.419713,1.963594,0.243763,2.445473,-4.645989,-1.636190,2.910046,-0.290528,-0.607684,-1.125472,3.250460,-0.180252,-2.425068,-0.427532,0.862770,-2.446580,7.759006,4.858996,0.649409,4.611987,-0.358797,2.653494,-2.624137,-0.274191,6.562832,3.335421,1.163097,-2.437287,0.782704,0.529633,9.033182,3.005525,-6.073395,7.759006,0.176220,0.1
276,0.4663779414296521,0.09056663573376475,0.22261615767336607,16,40,0.008604885741714908,True,-1.562336,-5.378085,0.600581,2.947300,2.290919,1.877742,-2.515205,3.684707,0.701051,-0.211716,3.006851,-1.609700,-1.825854,0.480163,-1.589408,-0.899931,0.443575,2.245744,-1.666434,0.640164,-0.033920,-4.818324,-1.881171,4.581379,3.694362,2.283456,2.914280,0.089875,3.513104,-3.064594,0.330375,5.777342,2.637538,0.887981,-1.386674,1.877927,0.529530,6.571853,2.563563,-5.378085,5.777342,0.206560,0.1
274,0.42898758493402567,0.09424374025790817,0.21575212078169742,12,35,0.004583804303959476,True,-0.540726,-6.658828,1.835741,2.723673,2.532096,2.048054,-2.068898,3.610592,2.766910,-1.997224,1.982255,-1.440850,-1.315519,-2.121530,-1.440309,-1.304787,-1.105631,2.950963,-1.369436,-1.492202,-0.366481,4.585559,-3.211829,2.733741,2.912075,1.449610,3.142040,-0.078317,1.867664,-3.393997,6.890256,5.948916,-3.966609,0.096146,0.415297,2.441750,0.529449,8.402989,2.898791,-6.658828,6.890256,0.182645,0.1
0,0.24646688973455957,0.05986584841970366,0.519705687464961,78,77,0.0731993941811405,True,-0.697599,-4.959907,1.293679,1.461278,1.052620,2.806603,-2.754424,4.042043,2.762765,-1.248178,1.571031,-2.277119,-4.364543,1.855505,0.398675,0.355567,2.154649,0.447894,-2.799914,1.098192,-1.187078,1.150936,-0.451542,1.267359,1.626992,-0.656726,5.064925,0.534352,0.779159,-3.577100,3.652874,4.177613,5.565879,-1.074736,-1.771117,1.747960,0.529127,6.323536,2.514664,-4.959907,5.565879,0.210416,0.1
487,0.48679198773863575,0.0963278764731175,0.23641931816586764,16,39,0.015662326505560365,True,-1.710472,-5.455959,0.404725,2.837438,2.438377,1.833985,-2.516001,3.627574,0.623336,0.101157,3.050155,-1.566590,-1.334660,0.696666,-1.725208,-1.097026,0.458332,2.402340,-1.832184,0.686299,-0.007696,-4.758049,-1.998850,4.798911,3.889082,2.398032,2.712996,0.049821,3.616525,-3.174203,0.100577,5.725888,2.588226,0.875552,-1.458243,1.740587,0.528373,6.701235,2.588674,-5.455959,5.725888,0.204110,0.1
376,0.5583638250803318,0.09552203735539667,0.1890119922618799,24,23,0.004443983967179935,True,-2.592175,-5.511549,-0.363455,3.431266,-0.736158,2.343248,-2.898606,2.081715,2.116300,0.696391,2.089478,-4.881000,-5.256002,1.046349,1.566526,1.467300,-1.519990,3.108831,-2.541368,0.099286,-0.863818,-1.075232,-1.383043,5.828948,4.684613,0.412246,5.969527,0.410886,0.747034,-2.645952,3.890660,5.831466,4.225124,0.620835,-3.487093,2.072244,0.527356,9.422521,3.069612,-5.511549,5.969527,0.171799,0.1
449,0.44246536789826796,0.09040359127306705,0.2881218658190153,15,22,0.03278469540785401,True,-2.054267,-5.548357,0.432651,2.029716,1.323198,1.428326,-1.933313,4.029492,-0.712069,-0.818370,1.840030,-2.058282,-1.579514,0.674915,-2.643991,-1.124926,-1.010354,3.013987,-2.110087,0.794878,0.466588,0.862770,-0.401974,4.704247,2.552566,1.712907,3.747678,0.547773,2.260957,-2.437133,2.030708,5.396254,2.503508,0.300627,-1.224834,1.930337,0.525740,5.464245,2.337572,-5.548357,5.396254,0.224909,0.1
367,0.2329643199557751,0.08974725210105877,0.23970690971546738,26,19,0.025369424312966113,True,-1.516935,-5.215003,0.207043,3.717283,-0.507756,2.855313,-2.827569,1.989147,2.373414,0.370684,2.184421,-4.477272,-4.465899,0.655018,0.581450,1.040170,-0.934934,2.241543,-2.580126,1.033314,-1.376100,-0.225022,-2.269626,5.596691,4.286861,0.842215,5.214217,0.667362,1.564914,-3.008546,-1.361725,5.847168,5.277138,0.440964,-2.405700,3.086183,0.525008,8.452568,2.907330,-5.215003,5.847168,0.180581,0.1
352,0.7734173962321728,0.08941691600406868,0.17335260137944475,16,38,0.014605241441975626,True,-1.848872,-5.408861,0.501642,3.057374,2.414033,1.930380,-2.496334,3.640892,0.528716,-0.060750,3.024991,-1.467218,-1.801460,0.624583,-1.829694,-1.072983,0.394486,2.332329,-1.617647,0.603899,0.098921,-5.024190,-1.867970,4.959221,3.838673,2.362755,2.701817,0.024426,3.658468,-3.089070,0.097310,5.828223,2.445621,1.017527,-1.289622,1.628275,0.523330,6.826926,2.612839,-5.408861,5.828223,0.200292,0.1
491,0.21571394144042166,0.09353340688043231,0.22688557217183003,23,37,0.015118916888248868,True,-1.970582,-5.274728,0.069564,3.397389,-1.261291,2.239555,-3.074491,2.460659,1.685769,0.453844,1.638847,-5.558376,-5.211823,1.918266,1.654698,1.219566,-1.031959,2.614822,-1.909031,0.418290,-1.200108,-1.861393,-1.932767,5.086123,4.408338,0.727343,6.154225,0.256899,1.116629,-3.279002,3.890660,5.818269,4.371663,0.837679,-3.461483,3.377496,0.521932,9.588054,3.096458,-5.558376,6.154225,0.168558,0.1
437,0.4606530425807348,0.09844192802519632,0.2094040271570067,16,26,0.007530466703829364,True,-1.814876,-5.469023,0.400896,2.849022,2.408972,1.909719,-2.516098,3.582131,0.625129,0.093698,3.100044,-1.538025,-1.486020,0.582159,-1.683331,-1.112777,0.213086,2.385066,-1.775523,0.566479,-0.041531,-4.874936,-1.773384,4.439722,3.928697,2.425798,2.814014,0.074618,3.614534,-3.060056,0.153029,5.841435,2.478783,0.919898,-1.387074,1.914004,0.521897,6.671688,2.582961,-5.469023,5.841435,0.202054,0.1
445,0.5086800479844864,0.09554076368557511,0.16507924280028874,15,38,0.021378470859855968,True,-2.755962,-5.618007,0.459731,2.115794,1.462710,1.528380,-1.863559,3.900134,-1.215232,-0.672067,2.638748,-1.784368,-1.644308,0.578650,-2.835866,-1.466723,-1.427081,3.257847,-1.940894,0.443868,0.812278,0.862770,-0.262195,4.101758,2.756303,1.910663,3.562663,0.560090,2.371371,-2.481036,2.044047,5.691069,1.997951,0.492194,-0.936614,2.133579,0.521630,5.705457,2.388610,-5.618007,5.691069,0.218382,0.1
124,0.7785468386358003,0.06316506874433941,0.1204559560340295,20,17,0.015424422798520212,True,-0.128346,-5.756291,0.681503,3.078140,-1.366243,1.874374,-3.432585,3.017416,3.096437,1.118238,1.301179,-2.771021,-2.450095,2.726208,1.773458,-0.730603,0.818301,2.379661,-1.372707,-0.534961,-2.672965,-2.365270,-2.112620,6.966483,2.701260,2.399678,4.283878,-0.366408,1.926113,-3.960211,0.057124,6.783566,4.119992,0.554957,-2.887363,0.016963,0.521312,8.391703,2.896844,-5.756291,6.966483,0.179959,0.1
356,0.7024109522081489,0.09901494020658429,0.2240657057366344,21,37,0.00197722330125351,True,-1.750378,-5.378820,0.402511,3.776932,-1.414158,1.353393,-2.925720,3.020645,1.748056,0.273463,2.489172,-5.379983,-4.931673,2.353350,0.549538,-0.320907,-0.349096,3.067319,-1.683695,-0.882241,-0.704531,-1.438740,-2.893729,6.153762,4.385511,0.880284,6.458031,0.318026,1.791417,-3.155722,0.004251,6.161546,4.526455,0.634278,-2.653506,4.274382,0.521095,9.937155,3.152325,-5.379983,6.458031,0.165305,0.1
328,0.7374128206553554,0.09450807672624152,0.13666048388021096,16,33,0.018604831818457592,True,-2.203792,-5.479808,0.387440,3.023534,2.581449,1.912249,-2.481301,3.537891,0.384575,0.269754,3.101777,-1.321327,-1.368237,0.829951,-2.078472,-1.358092,0.247589,2.509993,-1.656980,0.548835,0.181127,-5.168582,-1.962139,5.167689,4.106799,2.514713,2.554174,-0.032545,3.825498,-3.076456,-0.128845,5.876303,2.208539,1.115019,-1.244365,1.432416,0.521010,7.100115,2.664604,-5.479808,5.876303,0.195530,0.1
283,0.7276617026061947,0.0910354031948107,0.24510270120594999,23,35,0.020663800361790954,True,-1.880531,-5.266046,0.106083,3.355839,-1.256678,2.163212,-3.069150,2.535792,1.709509,0.408702,1.677821,-5.604717,-5.188755,1.901756,1.715173,1.256786,-0.963129,2.585364,-1.946003,0.580594,-1.225926,-1.861144,-2.012686,5.235285,4.326551,0.708507,6.008269,0.221285,1.117133,-3.308872,3.890660,5.754171,4.387058,0.821132,-3.481792,3.353070,0.520953,9.557696,3.091552,-5.604717,6.008269,0.168509,0.1
425,0.5103383740294172,0.0938162142146352,0.21385156025262356,23,24,0.01696234534668417,False,-2.064854,-5.290643,0.086502,3.434562,-1.326493,2.264179,-3.069085,2.429412,1.671660,0.488864,1.640922,-5.606886,-5.227582,1.939929,1.645620,1.196031,-1.084828,2.635547,-1.889880,0.467086,-1.217554,-1.906821,-1.915377,5.175339,4.443271,0.730673,6.122147,0.246979,1.120727,-3.269943,3.890660,5.822467,4.341922,0.880076,-3.465517,3.399535,0.520518,9.668204,3.109374,-5.606886,6.122147,0.167403,0.1
166,0.6878275915535533,0.09281399217544782,0.1798242421761117,24,78,0.0069746535448500105,True,-2.607526,-5.496051,-0.354868,3.438785,-0.752303,2.301778,-2.893423,2.086954,2.109976,0.723632,2.098917,-4.933803,-5.266008,1.060798,1.608330,1.487897,-1.554971,3.092574,-2.528302,0.065881,-0.844572,-1.159709,-1.416828,5.927307,4.668621,0.400513,5.899286,0.384213,0.718764,-2.645540,3.890660,5.842353,4.211717,0.648459,-3.466608,1.966081,0.519805,9.443201,3.072979,-5.496051,5.927307,0.169153,0.1
262,0.7690338466770089,0.08056703696906785,0.13868830877413246,29,36,0.012929294418604013,True,-2.397100,-5.687035,0.652492,4.159984,0.328123,3.989267,-2.690151,3.804340,2.450876,1.071659,1.240496,-5.565955,-3.912973,1.632546,-0.595311,0.928929,-1.350454,1.907513,-2.261015,0.541970,-0.461889,1.527161,-1.662729,0.571421,4.614375,0.819956,5.756255,0.342563,-0.217173,-2.973578,-1.399082,5.507149,6.131522,0.563332,-1.746399,3.055148,0.518784,8.740690,2.956466,-5.687035,6.131522,0.175475,0.1
185,0.7531779689428242,0.09427852293877588,0.11955650013810974,25,19,0.011497691667837796,True,-1.651508,-5.460448,-0.303768,3.542809,-0.831680,3.293153,-3.516910,2.777568,2.193938,1.056145,1.773044,-5.111497,-4.207286,0.557924,0.101598,1.256136,-1.197615,2.622188,-2.737045,1.169321,-1.351972,-0.260015,-2.760406,6.623519,4.017775,1.385476,4.969745,0.847279,1.673857,-2.621058,-1.634778,6.344810,4.480187,1.009733,-2.762257,3.368237,0.518228,9.389753,3.064270,-5.460448,6.623519,0.169119,0.1
92,0.6934408471603758,0.08428678221912896,0.1592084813653892,16,28,0.012563491782494779,True,-1.747344,-5.325580,0.829401,3.114672,2.330446,1.935540,-2.492027,3.674720,0.563656,-0.262296,3.037417,-1.474739,-2.023848,0.521452,-1.849842,-0.960807,0.398765,2.243353,-1.470579,0.589146,0.077919,-5.080726,-2.070729,4.884247,3.712292,2.292319,2.744127,-0.036719,3.604350,-3.056899,0.204735,5.851081,2.464235,1.027789,-1.236609,1.640420,0.518148,6.792131,2.606172,-5.325580,5.851081,0.198816,0.1
318,0.5458534626754314,0.08724353163551998,0.23706397494186202,125,25,0.010411625510021515,True,2.012655,-5.898253,1.706800,2.883451,1.270384,2.544863,-2.741904,6.095308,1.628514,-1.432470,1.100448,-1.139830,-4.996318,-0.778335,2.541536,1.037602,1.552746,-0.956556,-2.654274,-0.134032,-0.880321,1.586826,-0.051838,-0.235562,-2.066935,0.323070,5.984257,-0.539447,2.520290,-3.411552,3.846500,4.287759,4.944780,-0.819870,-0.420933,-0.065194,0.517893,7.548197,2.747398,-5.898253,6.095308,0.188503,0.1
293,0.7611347877172585,0.08845978598252258,0.2550637245344709,23,23,0.018833389053953657,True,-1.757667,-5.240694,0.064868,3.308264,-1.171334,2.097134,-3.065765,2.591512,1.706312,0.367460,1.674320,-5.549565,-5.175601,1.878461,1.753510,1.311161,-0.913505,2.556206,-1.959305,0.474819,-1.186308,-1.824730,-2.065298,5.129240,4.273038,0.694612,6.062504,0.208007,1.113599,-3.326739,3.890660,5.757545,4.417898,0.780172,-3.449018,3.217567,0.517871,9.449770,3.074048,-5.549565,6.062504,0.168465,0.1
203,0.40387905432942567,0.08797647844155755,0.23805826148717188,24,34,0.022727953054399237,True,-2.368403,-5.439216,-0.235887,3.306029,-0.778852,2.151583,-2.812038,2.403488,2.145043,0.625793,2.203473,-4.995933,-5.197824,1.006094,1.751813,1.551076,-1.337735,3.006108,-2.637308,0.292543,-0.858942,-1.264354,-1.573519,6.418199,4.448404,0.352766,5.523103,0.319177,0.722837,-2.762652,3.890660,5.647650,4.253418,0.601781,-3.546479,1.820615,0.517570,9.362689,3.059851,-5.439216,6.418199,0.169149,0.1
174,0.7666862306898746,0.09142089219642908,0.13437987064492005,23,25,0.006569529835909064,True,-2.312116,-5.305992,-0.074125,3.554627,-1.360472,2.304073,-3.040994,2.307551,1.515062,0.675325,1.545508,-5.564352,-5.311836,2.012590,1.614859,1.203400,-1.350380,2.704053,-1.742557,0.053053,-1.135746,-1.496683,-1.852255,4.892559,4.623387,0.736830,6.404227,0.224541,1.127013,-3.225441,3.890660,6.033577,4.249724,0.991212,-3.301456,3.038693,0.517448,9.688690,3.112666,-5.564352,6.404227,0.166239,0.1
462,0.48479482678338653,0.09160682610875857,0.22599161638894238,16,21,0.02067973290375991,True,-1.714813,-5.451463,0.394187,2.923315,2.396564,1.792448,-2.516005,3.654922,0.572530,0.014705,2.994934,-1.552623,-1.478428,0.722652,-1.818578,-1.100506,0.587309,2.371979,-1.780682,0.714393,0.031465,-4.818522,-2.071902,5.118680,3.823899,2.356068,2.713354,0.002010,3.625072,-3.173818,0.092930,5.685064,2.582413,0.900141,-1.449908,1.477349,0.517254,6.786159,2.605026,-5.451463,5.685064,0.198560,0.1
466,0.9406025627408986,0.09279804490726051,0.1774884781090481,11,16,0.08535835080742744,True,0.254985,-9.129189,0.986395,1.137360,1.347310,4.245070,-1.419479,5.046057,3.809617,-2.010206,1.141890,-0.847008,-3.248767,0.431988,2.301755,-2.828433,1.375124,4.845373,-2.753002,0.144367,-2.402291,-2.077293,-1.965546,6.061880,2.073112,-0.355381,3.384593,4.288675,0.659646,-4.344640,5.292779,5.406854,-1.789351,-0.869145,-2.113411,2.518208,0.516664,10.778636,3.283083,-9.129189,6.061880,0.157372,0.1
112,0.6878096681359902,0.07160917305163396,0.11844877268483137,15,26,0.0023441769200349656,True,-2.092879,-5.208053,1.794474,2.270925,1.150132,1.965274,-2.136766,3.853797,-0.571598,-0.929315,2.354973,-1.675957,-2.508294,-0.126453,-1.668440,-0.791861,-0.888899,2.611266,-1.182539,0.386358,0.414520,-1.400448,-1.483186,3.730437,1.954002,1.866364,3.504321,0.621666,2.185927,-1.604937,2.545087,5.735078,2.744761,0.481484,-0.797800,1.482161,0.516266,5.109924,2.260514,-5.208053,5.735078,0.228384,0.1
236,0.3518915179663296,0.08501602743890843,0.23428463510091038,23,22,0.014539978051709453,True,-1.759210,-5.226144,-0.019243,3.317241,-1.134284,2.063870,-3.050398,2.591847,1.647169,0.408688,1.643927,-5.511174,-5.202604,1.891543,1.775754,1.355656,-0.978270,2.554845,-1.917718,0.273385,-1.110751,-1.681077,-2.090955,4.989163,4.295506,0.684142,6.193552,0.188206,1.115115,-3.326280,3.890660,5.855626,4.408444,0.791119,-3.369214,2.999420,0.515488,9.400658,3.066049,-5.511174,6.193552,0.168128,0.1
131,0.7851252643023119,0.07592321633517247,0.12646111676543625,15,19,0.013711556010338114,True,-1.092097,-8.424124,0.743114,1.742769,0.990897,2.116345,-2.263034,3.544421,-0.119009,-0.962096,1.994513,-2.737465,-2.327364,-0.002194,-0.718147,-2.417404,-0.771423,2.605505,-1.062289,1.250958,0.152574,0.176866,-1.273501,3.992108,2.258435,0.915422,4.113249,1.376662,2.128395,-1.345568,2.744774,6.413090,2.804066,1.112550,-1.148083,2.038215,0.515309,6.729694,2.594165,-8.424124,6.413090,0.198642,0.1
49,0.8006968542331979,0.09307573256035648,0.4527257244508094,77,63,0.03408035402530179,True,-1.026497,-5.065072,1.299270,1.515761,0.990067,3.205776,-2.571177,3.520495,2.714964,-1.200626,1.567930,-1.826430,-4.739904,2.017444,-0.092932,0.227132,1.772429,0.255570,-2.462934,0.765139,-1.091699,1.185616,-0.172514,1.262650,1.722343,-0.692469,5.093259,0.604734,0.628623,-3.580613,3.770955,4.264068,5.833388,-1.068933,-1.597728,1.504087,0.514783,6.344494,2.518828,-5.065072,5.833388,0.204374,0.1
345,0.7539239886632326,0.08324423064937359,0.2456744312740921,26,26,0.012033259835390405,True,-1.594506,-5.376018,-0.012173,3.841799,-0.222528,2.671802,-2.746714,2.013601,2.428928,0.142817,2.031666,-4.385757,-4.438949,0.741308,0.667609,1.313629,-1.174103,2.171407,-2.573219,0.677690,-1.143395,-0.146748,-2.175387,5.563780,4.210878,0.735738,5.537674,0.624728,1.386405,-2.976908,-1.340507,5.873737,5.353032,0.332056,-2.306376,2.776201,0.513422,8.445785,2.906163,-5.376018,5.873737,0.176667,0.1
325,0.4562956782713603,0.08383761817568539,0.25789812539316875,23,32,0.020097470681931597,True,-1.667020,-5.219039,0.031727,3.272722,-1.125647,2.005130,-3.052003,2.655944,1.687503,0.346390,1.682798,-5.543194,-5.171785,1.867866,1.818175,1.375835,-0.890794,2.527314,-1.963809,0.437132,-1.133732,-1.820912,-2.147703,5.126203,4.214119,0.671653,6.055170,0.167925,1.114080,-3.350578,3.890660,5.762171,4.430023,0.765642,-3.408256,3.016596,0.511897,9.379187,3.062546,-5.543194,6.055170,0.167148,0.1
134,0.7429269017694744,0.07197040235606575,0.17184016212974582,8,62,0.01790337211596736,True,1.526337,-7.123652,4.613034,2.071488,2.554280,0.619337,-2.072526,3.350313,-2.764409,-2.250564,0.129408,-3.401562,-0.774880,1.249004,4.920923,0.069137,-2.117688,3.551380,-0.315868,0.480147,-0.415095,-0.321259,-2.316704,5.378421,2.965469,1.366126,4.195902,1.315419,1.526735,-4.187454,-0.784667,5.638066,-1.366947,-0.769335,-2.272882,4.156654,0.511725,8.614001,2.934962,-7.123652,5.638066,0.174355,0.1
94,0.780794625478599,0.08073616287708354,0.1429079043570272,23,25,0.008092587077257636,True,-2.045895,-5.247056,-0.161514,3.470737,-1.253845,2.079938,-3.010961,2.459099,1.490208,0.609988,1.565239,-5.556311,-5.303676,1.991389,1.762198,1.362791,-1.256827,2.619680,-1.754746,0.059420,-1.028098,-1.433194,-2.085040,4.879870,4.450744,0.688864,6.417088,0.132516,1.127725,-3.278671,3.890660,6.070952,4.305911,0.943719,-3.204047,2.643821,0.511186,9.524148,3.086122,-5.556311,6.417088,0.165640,0.1
277,0.4542476622116777,0.0894598517704555,0.19584144310647258,21,34,0.019086114678843392,True,-1.865549,-5.406269,0.397529,3.855368,-1.547880,1.000887,-2.863624,3.038649,1.594622,0.271846,2.480855,-5.762579,-5.248391,2.589262,0.687664,-0.335887,-0.344708,3.078386,-1.637259,-0.375081,-0.604543,-1.657438,-3.107835,7.299009,4.360680,0.814713,5.923813,0.075606,1.841542,-3.221617,-0.166419,6.104474,4.426263,0.784812,-2.627244,4.534888,0.510793,10.513157,3.242400,-5.762579,7.299009,0.157535,0.1
485,0.28359350487954593,0.09807947925046688,0.2619068038416727,40,44,0.014187736975264955,True,-2.537341,-6.082942,1.419297,3.030648,0.483231,4.328953,-2.099314,2.916179,2.749855,-0.786754,2.658657,-3.297515,-2.405754,2.272650,0.150612,1.452292,-0.495629,1.291574,-2.222293,1.562034,0.148219,0.337234,-2.116004,-0.312175,3.021711,0.302134,5.760470,0.875272,0.958997,-3.920491,0.773052,4.400292,5.991015,-0.243174,-1.055291,-0.937376,0.510342,7.077800,2.660413,-6.082942,5.991015,0.191828,0.1
252,0.5089581152015811,0.09194919740741174,0.26398129958164346,23,21,0.04876260086008307,True,-2.139308,-5.354309,0.399935,3.376369,-1.513069,2.028358,-2.929896,2.592179,1.792395,0.353949,1.863723,-5.935830,-5.172960,1.960431,1.795646,1.124354,-0.900723,2.554055,-1.877875,1.719970,-1.495694,-2.099791,-2.091150,5.433348,4.245786,0.670590,5.290018,0.194985,1.128205,-3.492438,3.879048,5.481929,4.266622,0.809753,-3.715825,4.114822,0.509933,9.808964,3.131927,-5.935830,5.481929,0.162818,0.1
172,0.784196643632581,0.08511840463665657,0.16140398936052242,12,21,0.013087799847432547,True,-0.636775,-6.540861,2.194832,2.867502,2.503736,2.055440,-2.056310,3.535822,2.752114,-2.130953,-0.598569,-1.323603,-1.550155,-2.250537,-1.463202,-1.479581,-1.200092,2.967109,-1.302712,-1.004024,-0.311833,4.741351,-3.404366,3.259966,2.735122,1.452098,3.123934,-0.177480,1.842895,-1.882841,6.886505,5.902867,-4.201367,0.131760,0.432423,2.469438,0.509435,8.297700,2.880573,-6.540861,6.886505,0.176852,0.1
207,0.4189211509169017,0.08946097853828179,0.20037697674911709,23,36,0.01904015772529557,True,-2.065092,-5.284414,0.055898,3.437657,-1.335791,2.189564,-3.049907,2.468646,1.628367,0.506653,1.646195,-5.646244,-5.243253,1.955158,1.708404,1.248209,-1.124715,2.634447,-1.868846,0.407771,-1.189416,-1.942509,-1.989701,5.227853,4.426104,0.709287,6.077914,0.185826,1.125332,-3.289125,3.890660,5.834671,4.324094,0.913878,-3.415372,3.177478,0.509325,9.654442,3.107160,-5.646244,6.077914,0.163920,0.1
300,0.3243282823735698,0.08787482607468793,0.21236134570191903,23,29,0.025032550641009538,False,-2.032515,-5.286280,0.105050,3.415660,-1.367378,2.139764,-3.043746,2.517256,1.648881,0.485958,1.685338,-5.714266,-5.229345,1.950208,1.753671,1.263567,-1.084013,2.618154,-1.896105,0.598695,-1.228098,-1.955261,-2.047813,5.407840,4.371045,0.695800,5.930108,0.153034,1.127797,-3.310663,3.890660,5.774445,4.323894,0.906052,-3.444290,3.176969,0.508335,9.671136,3.109845,-5.714266,5.930108,0.163460,0.1
116,0.8613757326009723,0.08275678405936637,0.22585100046249074,23,27,0.017896999506227126,True,-1.791131,-5.229553,-0.013808,3.330598,-1.173682,2.028823,-3.040301,2.604739,1.629898,0.423551,1.655743,-5.563957,-5.213096,1.906719,1.807971,1.371522,-1.008969,2.559073,-1.907019,0.322985,-1.094773,-1.822191,-2.127973,5.093841,4.290034,0.673282,6.132109,0.150459,1.119548,-3.335309,3.890660,5.847970,4.388455,0.824148,-3.357047,2.900481,0.507606,9.443187,3.072977,-5.563957,6.132109,0.165184,0.1
443,0.47057161341762055,0.09397409462671596,0.25234741814387496,29,17,0.05530179115688302,True,-1.473503,-7.086390,1.015080,3.655292,-0.297047,4.507515,-4.022493,2.703156,2.812326,0.811641,1.643293,-4.795545,-2.106363,1.472826,-1.122746,-0.025395,-1.357203,2.075091,-2.852765,1.107557,-1.276820,1.892971,-2.075474,2.929003,4.439808,1.188165,5.233479,-0.279922,0.039224,-3.172461,-0.827332,5.035554,6.174841,0.379573,-3.195500,5.072798,0.506173,9.603181,3.098900,-7.086390,6.174841,0.163340,0.1
237,0.47687494467089087,0.09371403500880694,0.19043942758022483,14,64,0.018807267471867697,True,-1.661471,-5.579289,0.224759,2.246073,2.242677,2.067282,-1.711389,3.387777,-2.454376,-0.807365,4.251649,-1.480481,-2.988398,-0.469578,-2.797315,-1.890107,-1.668671,2.550303,-1.525901,2.364250,-0.223313,0.862770,-1.831978,4.747966,2.778040,1.760350,4.216082,-0.167705,1.113530,-2.257064,3.132160,5.531965,0.687685,0.282778,0.026954,3.214006,0.504852,6.604609,2.569943,-5.579289,5.531965,0.196445,0.1
335,0.4176584972719123,0.09806561819607437,0.26058960861819896,45,30,0.023221900341296266,True,-2.875942,-5.421739,0.938459,2.285352,0.448032,2.739150,-2.294245,2.592120,3.368137,-0.969758,2.523964,-3.304250,-3.073154,2.351292,-0.096346,1.117333,0.203503,0.438496,-1.728421,1.152581,-0.109745,-0.003869,-3.040100,-0.860978,4.141669,0.512133,5.695823,1.968038,1.956204,-4.075962,2.004550,4.750057,5.382658,-0.436570,-0.897557,0.766301,0.504089,7.027612,2.650964,-5.421739,5.695823,0.190153,0.1
135,0.7031063302833829,0.07732402666978672,0.1565038828032807,12,21,0.008582383851123783,True,-0.272920,-6.401964,2.472691,2.878144,2.465967,2.063572,-2.135110,3.541403,2.755462,-2.154108,-0.602548,-1.383448,-1.940995,-2.344605,-1.105638,-1.348484,-0.915718,3.028663,-1.262793,-0.384430,-0.326836,3.258557,-3.574685,3.319739,2.436303,1.610507,3.200487,-0.103596,1.803531,-1.256493,5.421678,5.953550,-3.597992,0.089571,0.328834,2.629428,0.504048,7.293527,2.700653,-6.401964,5.953550,0.186639,0.1
467,0.542396588488405,0.08579592288142951,0.05328351098423913,22,21,0.017782592424642106,True,-2.586131,-4.922010,0.284483,3.971593,-0.487220,1.724468,-2.717812,2.750542,1.588346,0.680096,2.120921,-5.729145,-5.389979,2.267046,1.397944,-0.036800,-1.318748,2.568107,-1.942331,-0.261614,-0.723630,-2.032337,-1.944730,6.716750,4.353379,0.251535,5.502308,0.115900,1.184089,-3.526035,3.872534,6.016007,5.022824,1.014336,-3.477997,1.809946,0.503240,10.112932,3.180084,-5.729145,6.716750,0.158247,0.1
210,0.4749125596014708,0.08353877262108071,0.5858369797236045,103,32,0.017021831726112158,True,1.108207,-5.554152,1.428807,1.622587,1.016031,1.276128,-2.968748,5.118425,2.506544,-1.668426,1.737078,-2.634140,-2.864281,-0.536165,0.993975,0.721983,2.565366,0.173462,-3.051754,1.424990,-1.225029,1.071416,-1.372549,0.619052,0.793995,-0.981180,5.162564,0.437502,1.366746,-3.890744,4.292399,4.246640,5.666313,-0.967205,-1.501282,1.935922,0.501958,6.805498,2.608735,-5.554152,5.666313,0.192414,0.1
200,0.46485029198263067,0.08413329538171069,0.2184775608036686,21,32,0.024321087991852453,True,-1.689736,-5.378993,0.401516,3.788827,-1.473688,0.823731,-2.870274,3.102884,1.599166,0.149570,2.448135,-5.851166,-5.222058,2.582126,0.821295,-0.236159,-0.172925,3.035729,-1.689364,-0.144568,-0.601623,-1.683763,-3.177854,7.386015,4.198338,0.760466,5.791098,-0.012966,1.826547,-3.244016,-0.147089,6.040510,4.451301,0.724709,-2.632338,4.348853,0.501451,10.391638,3.223606,-5.851166,7.386015,0.155556,0.1
459,0.2569703375378964,0.041981680526514985,0.19539601116943123,21,15,0.02321770664268718,True,-0.439699,-5.103409,0.449539,3.422586,-1.192712,0.678757,-2.824404,3.492950,2.201220,-0.325316,2.157154,-5.152931,-4.669048,2.179458,1.892962,0.289995,0.479496,2.726594,-1.525458,0.082789,-0.998340,-1.845449,-3.737226,6.195702,3.121707,0.855497,5.677300,-0.312819,1.876318,-2.640881,0.046495,6.179904,4.770221,0.357327,-2.383694,2.019860,0.500068,8.813744,2.968795,-5.152931,6.195702,0.168441,0.1
88,0.8318987896406016,0.08252811641928891,0.12533098971208978,29,70,0.09547203238057093,True,-3.077050,-5.950226,0.587943,4.229358,-0.580708,3.955909,-3.119539,2.608139,2.455680,0.919636,1.315590,-4.115284,-1.628793,2.089956,-1.732816,0.837720,-1.894545,2.485372,-2.457527,1.226023,-0.539155,1.945940,-1.353668,1.815518,4.862039,0.559326,4.902463,0.210560,-0.039108,-3.255823,-1.629012,4.796979,6.334288,0.774491,-3.310261,3.731638,0.498918,8.552907,2.924535,-5.950226,6.334288,0.170597,0.1
119,0.36687443880392406,0.08128315218221258,0.2870953236244763,8,30,0.00640707807333775,True,1.479754,-6.888621,4.396668,2.111183,2.431340,0.619337,-2.175947,3.393897,-2.333911,-2.209002,0.178671,-3.289199,-0.766053,0.514665,4.513358,0.188532,-0.816041,3.087760,-0.636853,0.459867,-0.518489,-0.896820,-2.316704,4.442861,2.936619,1.364403,4.391544,1.310814,1.465889,-4.180181,-0.358605,5.903045,-0.808998,-0.761230,-2.468006,4.156654,0.497839,7.919356,2.814135,-6.888621,5.903045,0.176907,0.1
460,0.519760478421726,0.09379996299190939,0.21590400546577992,12,35,0.018958309747246313,True,-0.686204,-6.758218,1.639578,2.790140,2.446485,0.619337,-1.963686,3.617537,2.766910,-1.961252,1.982255,-1.311531,-0.850545,-2.045684,-1.872200,-1.404245,-1.265424,2.955685,-1.422107,-1.907768,-0.391061,4.585244,-2.912225,3.202460,3.050721,1.142689,3.082784,-0.339654,1.901822,-3.394116,8.106760,5.825218,-4.144733,0.172733,0.511800,2.151217,0.497798,8.902234,2.983661,-6.758218,8.106760,0.166841,0.1
261,0.7527377860407813,0.09163616562363433,0.1429327670565296,136,37,0.011212550417865673,True,2.316024,-5.893539,2.010084,3.096536,1.501500,3.151652,-2.958126,6.850549,1.351992,-1.503994,1.302564,-0.749659,-5.587810,-0.950567,1.748907,0.907522,0.918038,-1.092174,-3.152733,0.222994,-0.726721,1.162176,0.007717,0.217037,-2.673964,-0.688886,7.863428,-0.919520,2.562794,-2.744981,3.609930,4.610845,4.024473,-0.915076,-0.875894,-0.120785,0.496731,8.729558,2.954583,-5.893539,7.863428,0.168122,0.1
393,0.5226925493486323,0.09018475723363979,0.13195689125828927,11,25,0.04676661872139811,True,-0.637576,-7.063483,4.370546,2.358836,3.284238,0.619337,-1.031991,3.551059,2.766910,-1.965323,1.982255,-0.796601,-3.766467,-1.797232,1.781894,-2.129496,-1.502302,3.979933,-1.167125,-0.736812,-0.793082,-1.277499,-4.328646,5.823492,3.677928,1.743195,1.552227,2.533253,1.336796,-3.428097,4.912636,5.476080,-4.646525,0.375982,-1.356936,4.156654,0.496057,9.742181,3.121247,-7.063483,5.823492,0.158929,0.1
5,0.4493688608715288,0.0909320402078782,0.3120408127066865,28,41,0.0034388521115218396,False,-1.755856,-5.732215,0.649316,3.761536,0.074600,3.131365,-2.605383,3.576812,2.426471,0.685715,1.483235,-6.185639,-3.835264,1.144343,0.387866,1.302066,-0.868022,2.033477,-2.972444,0.111710,-0.550568,0.144569,-2.412464,3.598674,4.661425,0.559961,5.502858,0.375163,0.505122,-3.207937,-1.148375,5.378700,6.441626,0.106756,-2.365492,3.399348,0.494529,9.158086,3.026233,-6.185639,6.441626,0.163414,0.1
313,0.6973275669069704,0.0874897797622115,0.19638978812041746,26,22,0.027078650391662535,True,-2.053658,-5.466492,0.107873,3.926884,-0.438200,2.812091,-2.579876,1.871249,2.301561,0.319375,2.205728,-4.179355,-4.778528,0.761514,0.270353,1.169873,-1.259800,2.346095,-2.661434,0.883441,-1.253771,-0.401105,-2.037423,5.731286,4.410779,0.695364,5.245367,0.630965,1.544482,-3.013408,-1.467016,5.707436,5.290751,0.515866,-2.298082,2.923748,0.493998,8.611689,2.934568,-5.466492,5.731286,0.168338,0.1
387,0.48851108113744335,0.08918820539368516,0.14735588286296794,8,21,0.017867702257072154,True,0.753001,-7.374355,4.643298,2.555980,2.604507,0.604199,-1.643867,3.007899,-2.859554,-2.581773,1.968577,-3.732229,-0.610733,1.189811,5.083072,-0.165718,-0.971082,3.407880,-0.212833,-0.293174,-0.227871,-1.720640,-2.334130,5.233652,3.455811,1.036881,4.223038,1.284230,1.701459,-4.247173,-0.933097,6.191597,-2.497365,-0.612718,-2.343243,4.134647,0.492166,9.254276,3.042084,-7.374355,6.191597,0.161786,0.1
291,0.44290929826541225,0.09010426485998749,0.23014324483580118,12,21,0.033777928972019026,True,-0.717920,-6.749143,1.542441,2.853054,2.306230,0.608836,-1.887437,3.637907,2.758484,-1.972966,1.972897,-1.201423,-0.680458,-1.925617,-1.863981,-1.507770,-1.253157,2.906656,-1.500567,-1.923367,-0.448987,4.549676,-2.711841,3.864417,3.035630,0.868797,3.067981,-0.588869,2.030328,-3.445979,8.104665,5.632109,-4.027244,0.212742,0.467632,1.701476,0.492090,8.822272,2.970231,-6.749143,8.104665,0.165674,0.1
271,0.499103746204691,0.08692721157789526,0.15717115858443692,26,75,0.0215759813090665,True,-2.192961,-5.493757,0.042507,3.991879,-0.463736,2.875016,-2.585542,1.762681,2.302907,0.380908,2.152032,-4.215288,-4.739398,0.801659,0.300669,1.164632,-1.413056,2.350337,-2.577648,0.708271,-1.213112,-0.359973,-1.999079,5.767988,4.463706,0.724363,5.342632,0.633100,1.503245,-2.958734,-1.559170,5.828078,5.279272,0.555396,-2.218960,2.762077,0.491748,8.684735,2.946987,-5.493757,5.828078,0.166865,0.1
46,0.2569509187681832,0.0018221825651549728,0.19138537817625678,43,8,0.010077800137742666,False,-0.501635,-5.122274,1.146632,1.904531,0.378922,3.366129,-2.746554,5.262173,3.057163,-0.731951,1.816763,-4.196429,-1.528950,1.424794,1.449896,1.126012,0.416450,0.918207,-2.095261,0.840421,-1.051469,-0.149071,-2.826357,0.128177,2.485602,0.652561,4.653560,0.796923,1.009076,-4.371633,1.524485,4.639642,5.759011,-0.477928,-1.224886,-0.064667,0.490780,6.600522,2.569148,-5.122274,5.759011,0.191028,0.1
461,0.41093444276581736,0.08166028308638104,0.2057248642241107,25,19,0.01572403998493549,True,-1.573624,-5.441246,-0.410466,3.476646,-0.476237,2.963898,-3.320641,3.297726,2.127379,0.619217,1.756177,-4.840566,-4.881452,0.669008,0.138124,1.668855,-1.313221,2.593822,-2.967654,1.123186,-1.125884,-0.266358,-2.132731,6.373716,3.714397,1.007167,5.027999,0.665125,1.545108,-2.775497,-1.433113,5.955059,4.689400,0.715311,-2.714947,3.191258,0.490137,9.095415,3.015861,-5.441246,6.373716,0.162520,0.1
244,0.5643424770328553,0.09135482489551246,0.20711676964115094,21,31,0.0067830151492117,True,-1.714733,-5.381501,0.399506,3.807595,-1.343998,1.140388,-2.899810,3.050184,1.681564,0.246874,2.446068,-5.540619,-5.740676,2.399980,0.702770,-0.263951,-0.303066,3.043099,-1.684590,-0.673793,-0.653986,-1.543407,-2.985880,6.515680,4.238023,0.819064,6.389334,0.175891,1.800567,-3.134596,-0.099795,6.173004,4.501891,0.676482,-2.594289,3.987845,0.489920,10.241064,3.200166,-5.740676,6.515680,0.153092,0.1
268,0.7790705083913664,0.08833670780673893,0.0450587525641612,23,23,0.012169758214843555,True,-2.735173,-5.349315,-0.083566,3.718886,-1.615493,2.351357,-2.985666,2.188664,1.372115,0.874500,1.523202,-5.742749,-5.386826,2.114266,1.625899,1.163877,-1.642881,2.796566,-1.602267,-0.110540,-1.101261,-1.930956,-1.816177,5.159558,4.773490,0.730488,6.295198,0.123124,1.144234,-3.189924,3.890660,6.108418,4.102283,1.217271,-3.206172,2.800357,0.488207,9.997735,3.161919,-5.742749,6.295198,0.154402,0.1
298,0.3916285709474776,0.08971970293222441,0.18949272490701857,15,15,0.029403442583378025,True,-1.939294,-5.329300,0.633509,1.864646,0.245617,2.435673,-2.245710,4.481718,-0.101782,-0.975245,1.725916,-2.194094,-0.748244,0.647779,-2.546132,-1.496027,-1.193095,2.929789,-2.533076,1.107195,-0.670610,0.123918,0.205579,3.051212,3.081651,1.341878,4.155154,1.618188,2.037259,-3.056052,1.932351,5.751100,2.670900,-0.361315,-1.066485,1.956376,0.487248,5.664174,2.379953,-5.329300,5.751100,0.204730,0.1
426,0.4691830204181866,0.0980162586129457,0.19052307320040035,8,20,0.012363017181773973,False,1.031943,-8.196395,4.536096,2.400768,2.472365,0.684937,-1.567964,3.107685,-2.698130,-2.645311,1.941839,-3.967795,-0.705545,0.630077,5.085237,-0.881767,0.341109,3.420327,0.040584,-0.887659,0.158347,-1.383685,-3.270272,4.626091,3.469029,0.885845,4.482653,1.711477,1.816316,-3.606000,-0.516330,6.162973,-1.939979,-0.540791,-2.571047,3.892009,0.486640,9.397962,3.065610,-8.196395,6.162973,0.158742,0.1
178,0.7195054448178695,0.094852612150135,0.12501243242736165,14,77,0.009447464351539156,True,-1.905541,-5.589570,0.250210,2.263884,2.331959,2.112122,-1.719357,3.300149,-2.743611,-0.834126,4.312758,-1.331672,-3.070180,-0.594627,-2.759757,-1.989553,-1.795528,2.591379,-1.292658,2.124866,-0.179328,0.862770,-1.766605,4.314188,2.784755,1.877964,4.025150,-0.133906,1.122899,-2.169210,3.014191,5.710271,0.545088,0.371100,0.206634,3.259451,0.486293,6.575495,2.564273,-5.589570,5.710271,0.189642,0.1
282,0.8002075842422003,0.09526243387931457,0.22274323770856358,15,16,0.001661144044012114,True,-1.062640,-5.849448,1.092332,0.391433,0.100723,3.233417,-1.872605,5.615444,1.534336,-1.226285,1.387578,-3.290669,-0.719839,0.732835,-1.101942,-1.950670,-1.372605,3.072836,-2.629779,1.327983,-2.795624,2.595378,-0.117725,2.331765,1.636393,-0.206870,4.089632,2.320960,1.409009,-3.683091,2.476779,6.503079,3.024721,-0.664390,-1.287292,2.440511,0.485713,6.925978,2.631725,-5.849448,6.503079,0.184561,0.1
334,0.7964857098518602,0.09075852725550526,0.015832184336838445,26,61,0.013686733089081665,True,-2.865767,-5.654078,-0.057850,4.191246,-0.621778,3.168626,-2.473876,1.377952,2.197718,0.678777,2.100231,-4.030350,-4.859364,0.899729,0.014131,1.027660,-1.890743,2.506483,-2.404828,0.353729,-1.182085,-0.386026,-1.768527,5.974961,4.728450,0.782364,5.455231,0.682627,1.613949,-2.842746,-1.840110,6.025084,5.195455,0.770407,-2.009926,2.507955,0.482353,9.053450,3.008895,-5.654078,6.025084,0.160309,0.1
100,0.7496045862637887,0.09147001697941007,0.21982942967944222,37,19,0.006561862918292886,True,-0.987415,-5.722161,0.961751,3.451575,1.349018,3.807170,-3.167251,3.531689,2.914538,-0.863354,2.729012,-3.128956,-1.995572,0.853924,1.309856,0.500877,-0.929746,1.231975,-2.069577,1.510608,-0.017538,0.675850,-2.535917,-0.103016,3.573401,0.401795,5.614798,-0.099643,-0.156125,-3.135253,-0.950183,4.809154,5.656105,-0.357856,-1.547681,0.213640,0.481375,6.827056,2.612864,-5.722161,5.656105,0.184233,0.1
141,0.6286256913888022,0.0699122813191372,0.1244806272447764,16,15,0.012024881594348181,True,-0.915852,-5.698183,1.240179,2.618974,0.969619,2.267384,-2.249947,4.839285,2.044590,-0.658899,2.283553,-1.099078,-0.747699,0.019619,-1.957985,-1.113027,1.080353,2.198460,-2.235737,1.064273,-2.660146,-5.695434,-1.542506,3.686576,3.741093,1.563231,3.457014,1.046706,2.682330,-4.183479,1.155199,6.205327,3.455450,-0.398146,-0.739047,1.371782,0.474884,7.456671,2.730691,-5.698183,6.205327,0.173906,0.1
70,0.6746123060776714,0.0780596635259192,0.0796639848919654,27,16,0.019483307370789515,True,-1.119937,-6.252652,0.796301,3.997009,-1.122449,4.902216,-2.010256,2.127441,3.058461,0.943340,2.130069,-6.690346,-3.581531,-0.649405,0.951168,-0.092816,-1.984237,2.283008,-2.116928,1.412035,-2.271934,-0.992782,-2.842504,6.076878,3.777600,1.778204,5.049159,-0.810630,0.585700,-2.040353,-0.259095,6.004534,5.582046,0.620250,-1.889730,1.730988,0.474412,9.872096,3.141989,-6.690346,6.076878,0.150991,0.1
258,0.44761501444041635,0.09726507359584173,0.027438794900054735,8,22,0.02072120510245448,True,-0.023041,-7.733182,4.804810,2.559309,2.736473,0.619337,-1.397959,2.811084,-3.218311,-2.854825,1.982255,-3.438080,-0.310816,1.522905,5.103740,-0.361065,-0.603383,3.686778,0.154383,-1.122972,0.119881,-1.932754,-2.316704,5.544201,3.948778,0.757082,4.217582,1.138644,1.980856,-4.191369,-1.220533,6.175273,-3.712959,-0.455269,-2.078425,4.156654,0.473566,9.971384,3.157750,-7.733182,6.175273,0.149969,0.1
85,0.7576512557622496,0.08727330920176811,0.09706879041477501,24,30,0.03047581524848176,True,-3.217034,-5.604791,-0.274179,3.604546,-1.122197,2.299839,-2.674433,2.195385,1.982006,0.985955,2.308993,-5.171771,-5.345367,1.151232,1.710117,1.469377,-1.881552,3.261345,-2.475739,0.120930,-0.831061,-1.640391,-1.326282,6.688227,4.710130,0.311971,5.263393,0.215200,0.767135,-2.618894,3.890660,5.704222,3.947355,0.943207,-3.504382,1.201493,0.473462,9.793901,3.129521,-5.604791,6.688227,0.151289,0.1
82,0.6628868683302733,0.07571753371739799,0.11799825551625362,11,31,0.009449584173251039,True,0.379415,-6.407985,4.385057,2.541643,3.324877,2.116540,-1.561423,3.532623,-2.277924,-2.203260,1.982255,-1.216609,-3.882535,-2.267208,1.556063,-1.467603,-1.429738,3.508936,-0.398487,-0.225896,-0.496061,1.439308,-3.880095,4.304988,2.908829,2.565207,1.859162,1.439033,1.385427,-0.918446,3.612273,6.308114,-3.650990,0.422477,-1.564894,1.313062,0.473226,7.824385,2.797210,-6.407985,6.308114,0.169178,0.1
51,0.39453357129117383,0.04490385396525195,0.4173554088209738,29,27,0.08873656160801148,False,-0.852234,-5.226020,0.838401,3.192026,0.036538,2.560280,-3.078035,3.929198,2.628412,0.151725,1.614947,-5.725461,-3.492284,1.183738,0.537742,1.361708,-0.021128,1.641194,-2.706400,1.259214,-0.701118,1.335751,-2.329474,1.406003,3.595222,0.574260,4.625467,0.209295,0.066317,-3.143792,-0.172426,4.669298,6.087793,0.002299,-2.907320,3.730246,0.468927,7.647705,2.765448,-5.725461,6.087793,0.169566,0.1
54,0.39324394638427174,0.02237695844962866,0.07108674894590725,35,69,0.09993624386415512,False,-1.796097,-5.654714,1.408726,3.097983,1.453983,2.986642,-2.099230,5.533611,3.169045,-0.589752,2.789206,-2.336406,-2.429152,2.063658,1.357913,0.951718,-1.109165,2.116825,-2.153000,1.168751,0.036051,0.046001,-3.210383,0.500369,2.876333,0.243850,5.181674,-0.919825,-0.388401,-5.517559,-0.854764,3.573211,5.876030,0.056115,-1.389694,0.717661,0.465478,7.455859,2.730542,-5.654714,5.876030,0.170471,0.1
446,0.421002470634535,0.09115811459566722,0.21277132056129616,89,73,0.017241168944713156,True,-2.525627,-5.463089,1.737458,2.351632,1.793572,3.819037,-2.718238,4.149759,2.528253,-1.825675,1.729179,-1.081608,-5.212716,1.568887,-0.403629,-0.875536,1.938131,-0.633345,-2.788687,0.297788,-1.424662,0.874632,0.316496,0.161015,2.390238,-1.242969,5.326749,0.399661,1.843628,-3.712408,4.105075,5.073875,5.398359,-0.882956,-0.764604,0.444712,0.463677,7.574565,2.752193,-5.463089,5.398359,0.168476,0.1
84,0.5711528134427702,0.07130125083543797,0.14921185521628993,38,80,0.013917038675711995,True,-2.118521,-5.845258,1.425464,3.327209,1.056191,3.915021,-2.927093,3.057088,3.349537,-0.653940,2.369047,-2.533331,-2.144847,2.126273,0.794499,0.699874,-1.009087,1.483487,-2.090940,1.223049,-0.167902,1.123145,-2.900860,-0.120196,2.953883,-0.050406,5.767312,0.289180,0.051555,-3.711998,-0.558771,4.578014,5.621502,-0.260452,-1.114417,-0.315561,0.463549,6.892576,2.625372,-5.845258,5.767312,0.176565,0.1
218,0.5047913875364501,0.08437882114263978,0.24945830000207664,161,31,0.04073951591154936,True,2.470568,-5.651195,0.937310,2.067252,1.262961,3.151540,-3.117118,6.676899,0.526018,-1.640008,0.927062,-1.129507,-4.391020,0.438471,1.959181,3.340576,1.127678,-0.386077,-3.220835,-0.371198,-0.943009,0.994318,-1.702938,0.623594,-0.915402,-0.144430,7.644338,-1.786618,2.620232,-2.772310,2.309464,3.675061,3.904666,-1.153987,-0.660191,0.013296,0.463462,7.738498,2.781816,-5.651195,7.644338,0.166604,0.1
195,0.8154634751044004,0.08083940263675377,0.19203373445003386,21,21,0.020520579988028333,True,-1.722462,-5.422960,0.371600,3.829071,-1.430947,0.761909,-2.876450,3.061068,1.526740,0.100330,2.392678,-5.885055,-5.296556,2.493969,0.835014,-0.273851,-0.246311,2.998743,-1.703030,-0.292165,-0.621752,-1.750892,-3.219422,7.338873,4.088926,0.707463,5.960199,-0.088713,1.841238,-3.185270,-0.241636,6.105278,4.420579,0.739952,-2.584000,3.871229,0.461205,10.360661,3.218798,-5.885055,7.338873,0.143285,0.1
125,0.8031540272176934,0.06683915398610443,0.06841497741679263,12,18,0.02297295970370425,True,1.301902,-9.031255,1.697223,2.696415,1.930131,2.401812,-3.307543,4.003766,-1.520308,-2.535133,-0.582774,-1.794045,-1.496268,-2.996223,0.751136,-1.988128,1.088278,3.117294,-1.112496,0.601318,-1.236263,2.500325,-3.512021,3.377174,1.240921,1.340900,5.232371,1.069727,2.082761,-0.200745,5.266218,7.245145,-3.152126,0.903735,0.224838,0.904635,0.458686,9.212419,3.035197,-9.031255,7.245145,0.151122,0.1
321,0.47542660956902827,0.09216989244792999,0.058180067633786345,143,29,0.025387873604032062,True,2.865098,-6.059697,1.755674,3.301188,1.040988,2.328690,-3.843500,6.625495,0.931091,-1.578176,1.009458,-0.326336,-5.676544,-2.052609,1.778198,2.799168,0.919562,-0.800717,-2.819345,0.742820,-0.645804,1.248448,0.315632,0.181180,-3.425746,-0.595956,7.630817,-1.806671,3.028759,-2.655880,4.148009,4.789607,3.508487,-1.178044,-0.289615,-0.686817,0.458525,9.278256,3.046023,-6.059697,7.630817,0.150532,0.1
78,0.6405053927183544,0.06688672638539252,0.05558835639032224,26,23,0.012591827324146961,True,-2.161371,-5.435701,-0.138953,4.185137,-0.413791,2.720502,-2.700993,2.087972,2.449801,0.445763,1.937046,-4.774360,-4.906054,0.960681,0.869355,1.306585,-1.963110,2.122284,-2.236764,0.249230,-0.995565,-0.369975,-2.481603,5.653105,4.250305,0.746811,5.398008,0.494981,1.332692,-2.686293,-1.768233,6.186312,5.279350,0.631864,-1.926197,2.103273,0.457003,8.889469,2.981521,-5.435701,6.186312,0.153278,0.1
64,0.8189037798104561,0.08477015666148593,0.16880204131352003,27,26,0.016192619367926944,True,-2.044960,-5.604099,0.204420,4.006440,-0.423456,3.229769,-1.942305,2.573827,2.377726,0.801682,1.334370,-6.258723,-4.400180,0.644077,0.614568,0.872798,-1.140561,2.169121,-2.512070,0.925586,-0.788397,-0.388577,-2.557601,5.583061,4.142882,0.338825,5.233788,0.243294,0.877970,-2.895433,-1.532574,5.665043,5.853324,0.437943,-1.609618,2.404790,0.456576,9.033121,3.005515,-6.258723,5.853324,0.151913,0.1
137,0.7507680582173386,0.05590502189832276,0.1856332391533268,124,25,0.015664130229048053,True,1.957518,-5.852328,1.713390,2.756670,1.120016,2.348352,-2.828940,6.198459,1.717474,-1.436223,0.967788,-0.973808,-5.284683,-0.559780,2.723006,1.127090,1.243997,-0.890014,-2.532231,0.113108,-1.100214,1.344599,-0.344891,-0.088339,-2.028463,0.317158,5.602219,-0.937645,2.709850,-3.375730,3.735666,4.152824,4.408098,-0.761683,-0.386999,-0.468877,0.455734,7.339041,2.709066,-5.852328,6.198459,0.168226,0.1
21,0.7161382323275599,0.0016587828927856153,0.10461985740299486,12,49,0.06775643618422825,True,1.615225,-5.499834,4.609591,2.869026,1.419705,-3.651470,-2.156055,3.837314,-0.660209,-2.084019,0.668135,-2.829299,-3.759685,-1.134323,1.158404,-0.024537,1.487850,2.950771,-0.347279,1.569480,-0.058580,1.871149,-3.935856,5.465185,0.933886,1.323061,3.049577,-1.342530,1.391546,0.151858,2.917131,5.370707,-0.470221,0.081688,-2.349338,1.932597,0.454740,6.985674,2.643043,-5.499834,5.465185,0.172052,0.1
329,0.43364850010529826,0.08499699891775028,0.23075419071309863,84,36,0.004968225089129188,True,-2.336163,-5.077211,1.687400,2.133680,2.146151,3.762191,-3.311812,3.907446,2.739283,-1.361943,1.591408,-0.948634,-5.531735,-0.106948,0.334936,-0.503298,1.904006,-0.440393,-2.730782,0.571395,-1.374959,0.651568,1.234582,0.351392,2.156849,-1.368276,5.115709,0.485090,1.195347,-3.378606,3.011728,5.172184,5.645757,-0.807776,-0.931280,0.765366,0.454268,7.174644,2.678553,-5.531735,5.645757,0.169595,0.1
104,0.7679611280042343,0.08344061954930723,0.23466987810778991,11,31,0.0791227963512945,True,-0.455513,-7.043837,0.501350,2.224508,2.866334,0.619337,-1.121840,3.674893,2.766910,-1.900924,1.982255,-0.874454,-4.326804,-0.635200,1.854983,-1.869400,-1.309709,3.882423,-1.724527,-0.200215,-1.027144,-0.869570,-3.985405,7.358298,3.469267,0.969663,1.334750,3.531862,1.640041,-3.428097,4.112463,4.595585,-3.239042,0.376922,-1.602345,4.156654,0.452902,8.995731,2.999288,-7.043837,7.358298,0.151003,0.1
359,0.6834078515366809,0.09656871798660172,0.25057248372703833,25,37,0.003786544283239471,True,-2.039131,-5.537045,-0.444051,3.660381,-0.160096,2.781223,-2.990510,3.020567,2.025980,0.320488,1.709727,-3.927381,-5.386767,0.703974,-0.822771,1.674609,-1.581599,2.770453,-3.341785,0.983117,-1.021357,-0.077001,-2.281758,6.487658,3.881590,0.696263,5.527315,0.800541,1.581340,-2.855682,-1.327225,5.602734,4.726593,0.489091,-2.727289,3.337622,0.451662,9.280299,3.046358,-5.537045,6.487658,0.148263,0.1
312,0.7142548070299837,0.09700030032162371,0.11256091945183838,12,24,0.014280320936764462,True,-1.127765,-6.938149,1.580831,2.912094,2.618620,0.619337,-1.898921,3.480079,2.766910,-1.952825,1.982255,-1.078402,-0.822227,-2.232083,-2.267189,-1.663980,-1.532166,3.131647,-1.191617,-2.527550,-0.271777,4.781221,-2.920117,3.004667,3.298986,1.193699,2.892182,-0.391237,1.990680,-3.311662,8.060127,6.033793,-5.298670,0.312738,0.931201,2.034040,0.449966,9.627007,3.102742,-6.938149,8.060127,0.145022,0.1
498,0.26994987075377486,0.09294625038021824,0.24058827220316917,25,47,0.01020389237978352,True,-2.089277,-5.546792,-0.429910,3.675137,-0.223442,2.795152,-2.978681,2.984060,2.010027,0.362970,1.729516,-4.012057,-5.221939,0.720888,-0.807919,1.704811,-1.607101,2.777074,-3.359116,1.041955,-1.022432,-0.175339,-2.332660,6.817081,3.876460,0.660047,5.365190,0.757790,1.531945,-2.863499,-1.354158,5.558762,4.713174,0.533457,-2.718772,3.323077,0.449874,9.327836,3.054151,-5.546792,6.817081,0.147299,0.1
23,0.27448221424471936,0.055520081159946236,0.538329454771996,55,54,0.08172222002012158,True,-1.326630,-4.868252,0.985292,1.538644,0.584286,2.646950,-2.358491,1.902757,2.838445,-1.919715,2.041738,-2.490953,-4.875501,1.215076,0.636998,1.020369,1.944198,0.707653,-2.217476,1.391653,-0.676366,0.548811,-1.661581,1.768817,0.300087,-0.136081,4.704370,0.811795,1.445158,-2.612278,2.671376,4.242415,5.719616,-0.892021,-2.047179,2.576495,0.448902,5.884314,2.425761,-4.875501,5.719616,0.185056,0.1
169,0.713644184120801,0.08687201972447503,0.16663561077215158,28,75,0.007887279202071143,True,-2.543401,-5.964521,0.665202,4.115953,-0.139986,3.460577,-2.478019,3.413690,2.341134,1.083568,1.368383,-6.534719,-4.192585,1.316341,0.193967,1.173456,-1.522025,2.147416,-2.880164,-0.286533,-0.431123,0.015618,-2.377654,3.836847,4.916757,0.571218,5.479830,0.283466,0.398178,-3.125435,-1.537573,5.564985,6.554006,0.346942,-2.180296,3.106823,0.448898,9.861005,3.140224,-6.534719,6.554006,0.142951,0.1
38,0.551177136564509,0.032295647294124596,0.047073828805359576,147,79,0.051630034830119534,True,3.054916,-5.865183,1.535855,2.783841,0.950413,2.524630,-3.376203,6.987466,0.804926,-1.561218,1.182183,-0.027700,-5.287222,-1.507079,1.788354,2.249253,1.503681,-0.877257,-3.480700,0.755958,-0.653789,1.113180,-0.751837,0.812687,-2.877851,-1.013903,7.665082,-2.339737,2.868826,-2.612443,3.778248,4.476226,3.598364,-0.968080,-0.565826,-0.529732,0.448287,8.944997,2.990819,-5.865183,7.665082,0.149888,0.1
383,0.6355416106255942,0.09702499837526483,0.23038008314649483,14,20,0.008810305074006515,True,-0.911192,-5.779477,0.135280,2.149403,2.032641,2.168669,-1.849771,3.269946,-2.217242,-2.406141,4.071851,-1.925852,-2.731682,-0.856387,-1.934846,-2.848619,-0.575252,2.394460,-1.336565,2.390472,-1.132227,1.016512,-2.598281,3.858069,2.774057,1.711158,4.079697,0.680124,1.074465,-2.453830,3.383874,5.728674,1.267135,0.322658,0.241188,2.895295,0.446896,6.643403,2.577480,-5.779477,5.728674,0.173385,0.1
346,0.6727766799310179,0.09446448245215629,0.11181868738846906,8,20,0.017555296214659958,True,1.129117,-8.470871,4.631069,2.537660,2.500992,0.714798,-1.421950,3.046955,-2.969258,-2.778247,1.917450,-4.096891,-0.781294,0.998415,5.384727,-1.386465,-0.310114,3.549785,0.414682,-1.073961,0.405994,-1.429657,-3.706139,5.137488,3.470665,0.772436,4.324500,2.097330,1.919103,-4.104230,-0.714189,5.930896,-2.265028,-0.519466,-2.509050,3.731999,0.446646,10.150503,3.185985,-8.470871,5.930896,0.140191,0.1
113,0.7236120406514012,0.07417503966057114,0.09577230765744149,27,47,0.013282441037674522,True,-2.169766,-5.615965,0.107694,4.163172,-0.442956,3.149942,-1.748045,2.740298,2.423699,0.897380,1.257274,-6.452249,-4.454006,0.595587,0.755077,0.907589,-1.390749,2.093094,-2.364299,0.761278,-0.699008,-0.465980,-2.583479,5.527463,4.132016,0.341961,5.151836,0.142336,0.876715,-2.744211,-1.690202,5.825331,5.829894,0.513875,-1.425674,2.103958,0.445858,9.101923,3.016939,-6.452249,5.829894,0.147785,0.1
400,0.5023546763876243,0.09334386019239169,0.17730369267704893,8,40,0.013037577366327035,True,0.708233,-7.440931,4.604227,2.460064,2.590297,0.619337,-1.685790,2.992259,-2.745493,-2.555312,-0.217646,-3.616870,-0.559833,0.828982,5.010673,-0.099882,-0.363308,3.376391,-0.267938,-0.384350,-0.214695,-1.644548,-2.316704,4.813532,3.510408,1.080119,4.406579,1.208670,1.692772,-4.199387,-0.766175,6.358047,-2.340568,-0.582563,-2.384648,4.156654,0.445294,9.025315,3.004216,-7.440931,6.358047,0.148223,0.1
486,0.22491920382905975,0.09680580495744946,0.2427016505826588,25,41,0.01363409827271036,True,-2.196784,-5.600709,-0.362187,3.686148,-0.279947,2.793607,-2.940009,2.721130,1.990973,0.336987,1.761287,-3.979798,-5.191868,0.702749,-0.961359,1.635645,-1.552733,2.805288,-3.409949,1.144260,-1.068395,-0.207436,-2.295364,7.021789,3.965437,0.656417,5.301496,0.787065,1.537307,-2.892126,-1.348503,5.483067,4.683627,0.551170,-2.756849,3.477630,0.444418,9.405781,3.066885,-5.600709,7.021789,0.144909,0.1
436,0.42886395185089093,0.09620236478559131,0.23093176671626026,25,46,0.012774561774903315,True,-2.239297,-5.603838,-0.384534,3.712870,-0.283831,2.815891,-2.940789,2.749935,1.981571,0.371133,1.749475,-3.980473,-5.206807,0.716373,-0.962765,1.642404,-1.616435,2.819304,-3.403220,1.105951,-1.056156,-0.209312,-2.291589,7.019461,3.978741,0.659996,5.313254,0.785503,1.542350,-2.870763,-1.379687,5.510462,4.674778,0.570465,-2.738396,3.430098,0.443948,9.433973,3.071477,-5.603838,7.019461,0.144539,0.1
314,0.7858539229478565,0.09343769441196367,0.21922545932496462,15,3,0.05033702457575111,True,1.788874,-3.248292,0.785833,2.201878,-0.528597,3.681250,-1.788268,5.054970,3.502853,-4.749005,-0.597714,-4.424277,3.637794,-2.498757,-0.702908,0.308592,-0.508969,4.698443,-3.351658,1.489610,-0.633155,-0.426750,-3.744850,0.440959,2.417099,0.238487,1.784000,1.357729,2.316239,-3.359843,5.270642,5.178688,3.025603,-2.709500,-1.362185,1.351287,0.441558,8.072681,2.841246,-4.749005,5.270642,0.155410,0.1
269,0.8127433558821491,0.07793117006746031,0.24329651477859718,14,18,0.0027607633865112955,True,0.176686,-8.382511,0.313920,1.428638,1.511697,2.432348,-3.017782,4.666445,-0.743472,-1.570610,2.911364,-2.482634,-2.830079,-0.236535,-0.175729,-2.277525,0.472433,2.051497,-1.477109,2.242563,-0.762747,-3.572541,-2.246683,3.405940,1.184721,0.850097,4.422066,1.394566,1.543888,-1.213820,3.332623,6.277725,2.151518,0.482447,-0.153878,3.747391,0.440470,7.829779,2.798174,-8.382511,6.277725,0.157413,0.1
170,0.599389606943751,0.046375527051818945,0.2622275450009342,20,70,0.07537290650969587,True,-0.479145,-5.562068,0.409414,3.780501,-0.965425,-1.098217,-2.925038,3.198378,1.825106,-0.337235,2.267950,-5.884216,-1.601169,2.787024,1.277322,0.537786,0.515709,2.780810,-0.929005,-0.008603,-0.363920,0.862770,-3.633730,7.014157,3.516217,0.351875,4.904711,-0.910412,2.363046,-3.394349,0.008749,5.728398,3.779408,0.577640,-2.609095,-2.085035,0.436120,8.582088,2.929520,-5.884216,7.014157,0.148871,0.1
18,0.926612708773323,0.05026790232288615,0.14373713440018346,60,5,0.06095643339798969,False,-2.484109,-5.228721,1.387076,1.881912,-0.239087,3.072527,-1.639132,4.930041,3.215442,-1.676861,1.201372,-1.893890,-5.333321,1.826160,-0.600180,1.240217,0.740273,0.669762,-0.979275,0.272804,-0.454967,0.293864,-0.880641,0.475850,2.698194,-0.205037,4.310440,0.774476,1.451538,-5.395397,3.016055,4.637711,5.810322,-0.580677,-1.402168,0.629141,0.431714,7.106370,2.665778,-5.395397,5.810322,0.161947,0.1
34,0.7615735018061627,0.05015162946871996,0.4774756016616606,174,74,0.05113423988609378,True,2.277604,-5.375399,0.607069,1.392025,1.391626,2.346573,-2.837908,5.819525,1.780464,-2.032035,1.480343,-1.624343,-2.673956,-0.905272,2.169192,1.342119,0.553952,0.094051,-3.889733,1.028021,-0.884692,1.472776,-1.892346,0.599238,-0.886281,0.051911,7.148338,-1.354559,1.428685,-3.102141,3.501716,3.080564,4.803874,-1.289615,-1.527974,1.337276,0.428630,7.003981,2.646504,-5.375399,7.148338,0.161961,0.1
451,0.4562275212883297,0.08459672861365694,0.24374368957435794,11,25,0.008783038102449797,True,0.386044,-6.466427,4.230551,2.311975,3.167806,2.025468,-1.560370,3.693386,-2.503899,-2.120225,1.982255,-1.187660,-3.500735,-2.063926,1.608925,-1.292212,-1.262088,3.357939,-0.891881,-0.315313,-0.658404,0.541502,-3.795747,3.940372,2.952894,2.437663,2.088363,1.466416,1.330847,-1.810666,4.033826,6.106805,-2.887165,0.170925,-1.725568,1.636903,0.428572,7.540573,2.746010,-6.466427,6.106805,0.156071,0.1
471,0.4659901715196362,0.08934723356374699,0.2098155873318263,25,60,0.01777425114661085,True,-2.264093,-5.594645,-0.419645,3.735930,-0.331209,2.846826,-2.947516,2.874357,1.961360,0.459260,1.748752,-4.104539,-5.232340,0.755735,-0.855377,1.723579,-1.715425,2.818924,-3.376294,1.094501,-1.023001,-0.324303,-2.371850,6.857586,3.922698,0.634971,5.156774,0.712195,1.555278,-2.864416,-1.433792,5.516408,4.669429,0.627249,-2.693173,3.293107,0.428147,9.380680,3.062790,-5.594645,6.857586,0.139790,0.1
17,0.5977988047139083,0.09717820827209607,0.1805269858900618,106,57,0.0363629602379294,True,-0.208945,-6.897111,2.394926,2.242230,1.050773,2.012961,-3.082752,5.841801,2.183107,-1.556670,1.266418,-1.457090,-4.667449,0.387969,-0.517260,-0.377697,2.693588,-0.722073,-3.973553,1.057998,-1.057721,1.090657,-0.490046,-0.483528,0.800169,-0.256270,5.595839,0.048577,1.717898,-3.696376,4.561281,4.664360,5.759958,-0.704292,0.327058,-0.135624,0.428142,8.179708,2.860019,-6.897111,5.841801,0.149699,0.1
55,0.5125661956885561,0.08080660344471646,0.18838258344787848,40,45,0.07416677477063299,False,-3.175396,-6.194776,1.628061,3.236323,0.539419,4.801849,-1.723373,1.925558,2.795476,-0.764599,2.701697,-3.208320,-3.292446,2.432935,0.020951,1.686487,-0.732796,1.580259,-2.122316,2.035268,0.469745,-0.037920,-1.664191,0.618143,2.983083,0.105587,5.359348,0.697013,0.911331,-4.282406,-1.040382,3.821767,5.755729,-0.110397,-1.184429,-1.184541,0.427437,7.274431,2.697115,-6.194776,5.755729,0.158479,0.1
305,0.3406588906816612,0.0888566083567392,0.22061767350453107,25,30,0.020628885571371405,True,-2.226912,-5.594515,-0.390294,3.712504,-0.343855,2.824323,-2.943924,2.837221,1.967910,0.440422,1.768635,-4.132503,-5.219477,0.745440,-0.842123,1.727269,-1.649422,2.803576,-3.382235,1.156375,-1.036361,-0.359384,-2.393316,6.835960,3.907987,0.628301,5.093183,0.702584,1.553454,-2.889204,-1.406403,5.472255,4.676372,0.617855,-2.711452,3.340855,0.424753,9.338308,3.055865,-5.594515,6.835960,0.138996,0.1
198,0.4777834080112172,0.0865628796706604,0.21715051521549134,28,30,0.02461165393586299,True,-2.384688,-5.921753,0.657154,4.025636,-0.232954,3.275728,-2.608425,3.284887,2.298788,0.977898,1.474293,-6.443545,-4.092348,1.484393,0.115493,1.237306,-1.396260,2.157958,-2.939103,-0.251365,-0.488259,-0.096538,-2.454836,3.693898,4.858473,0.525757,5.270004,0.274360,0.382031,-3.184576,-1.415260,5.432849,6.634324,0.282199,-2.514765,3.320657,0.423317,9.712999,3.116568,-6.443545,6.634324,0.135828,0.1
247,0.7718317229230862,0.08726911969756661,0.14581121631897037,25,25,0.01262798144678037,True,-2.501352,-5.616340,-0.531689,3.854048,-0.356862,2.964763,-2.942220,2.986675,1.897812,0.590377,1.684518,-4.091152,-5.409532,0.822823,-0.849300,1.743368,-2.039018,2.900627,-3.291443,0.889813,-0.963558,-0.318345,-2.332339,6.886349,3.970166,0.665272,5.229869,0.698954,1.576392,-2.768486,-1.584576,5.656354,4.617364,0.729420,-2.595450,3.065236,0.423293,9.570798,3.093671,-5.616340,6.886349,0.136825,0.1
330,0.6828754438640268,0.08169343689801462,0.16709116743248636,25,26,0.012686200838133413,True,-2.279395,-5.543769,-0.565114,3.766071,-0.301442,2.867053,-2.979833,3.237079,1.920196,0.538491,1.679583,-4.202867,-5.537889,0.823072,-0.548428,1.819613,-1.974302,2.812203,-3.225460,0.868611,-0.933535,-0.313366,-2.410534,6.690611,3.822907,0.661316,5.224166,0.643927,1.488423,-2.781178,-1.536524,5.677362,4.671865,0.672111,-2.568526,2.967677,0.420838,9.446807,3.073566,-5.543769,6.690611,0.136922,0.1
392,0.7226839000881505,0.08848434026041789,0.1261680658323154,25,26,0.010309031792556596,True,-2.602967,-5.634233,-0.554963,3.901107,-0.365203,3.001194,-2.932244,2.964316,1.880754,0.627929,1.665460,-4.051815,-5.508277,0.836717,-0.907095,1.724262,-2.130204,2.935152,-3.278874,0.832758,-0.954916,-0.300935,-2.295065,6.878251,4.014129,0.683499,5.276368,0.715829,1.584635,-2.737676,-1.627229,5.694395,4.593862,0.758923,-2.573841,3.033852,0.420774,9.653055,3.106937,-5.634233,6.878251,0.135430,0.1
373,0.5407315224642097,0.09769352683343369,0.2158801130239154,12,20,0.0028528170119059473,True,-0.284369,-7.626822,1.184923,2.689189,2.282864,2.197364,-2.053305,3.489199,2.684767,-3.410432,1.843710,-1.539124,-1.313929,-2.192611,-1.055826,-2.142831,-0.436941,2.919180,-0.844785,-1.843406,-1.063529,4.305808,-3.536947,2.336904,3.190556,1.201926,3.286999,0.518029,1.977118,-3.437358,6.905831,5.934187,-3.781112,-0.035368,0.455590,2.316968,0.420067,9.013648,3.002274,-7.626822,6.905831,0.139916,0.1
308,0.8063590673357154,0.08413928317852687,0.18562349335415432,8,21,0.005170811232512163,True,1.204520,-7.130885,4.575270,2.292129,2.549948,0.597807,-2.121147,3.158920,-2.741772,-2.422642,-0.061654,-3.239922,-0.804168,0.462349,4.742675,-0.027993,-1.240710,3.161182,-0.340444,0.104649,-0.451770,-1.445791,-2.349814,4.525834,3.183269,1.428601,4.388117,1.288894,1.536309,-4.262847,-0.887252,6.162636,-1.852264,-0.709815,-2.280906,4.120818,0.419781,8.548229,2.923735,-7.130885,6.162636,0.143577,0.1
411,0.7409707572131421,0.0908965841062834,0.09677068544594314,15,27,0.037567654994275564,True,-3.243278,-5.619651,0.380919,2.199381,1.408464,1.671583,-1.761521,3.873420,-1.461042,-0.506035,0.508569,-1.636984,-1.548444,1.034054,-4.036574,-1.761595,-1.575534,3.389213,-1.904781,0.526139,0.880329,0.862770,0.016665,5.386231,2.942147,1.849642,3.531442,0.484042,2.550254,-2.220776,1.649621,5.618901,1.583627,0.660094,-0.796445,0.150556,0.419039,6.124437,2.474760,-5.619651,5.618901,0.169325,0.1
441,0.49129755154715676,0.09711885001744856,0.21708217329555624,76,22,0.019443278491685978,True,-2.350305,-5.266176,1.406103,1.629252,0.929389,4.243409,-2.945255,2.925628,2.704723,-1.166582,1.489362,-0.727994,-5.745592,2.406654,-0.744572,-0.881516,1.170200,-0.458757,-1.706296,0.254729,-0.979230,1.262774,1.285468,0.924395,1.455655,-1.123615,5.192763,0.480611,0.711816,-3.470013,3.312823,4.072662,6.098588,-0.878228,-1.062863,0.598384,0.418011,6.829039,2.613243,-5.745592,6.098588,0.159959,0.1
395,0.8083318497590727,0.08847447821499463,0.12414806002937591,37,26,0.019991543069728928,True,-3.084658,-6.014038,1.288260,3.599384,1.434389,4.167433,-2.777089,3.404938,3.181403,-0.805936,2.884809,-2.497621,-1.624875,1.133356,0.413085,0.779088,-1.028060,1.637347,-2.243215,0.972286,-0.029697,1.351060,-2.554865,-0.474485,3.625961,0.191154,5.826198,0.028591,-0.309650,-4.107368,-1.349333,4.405028,5.621878,-0.225009,-0.953730,-0.909566,0.415457,7.424491,2.724792,-6.014038,5.826198,0.152473,0.1
380,0.5291763626538077,0.09325960476974642,0.22819222741487805,168,23,0.005297683753771408,True,2.073383,-5.783312,0.693034,1.876685,1.390764,3.388236,-3.132830,6.723136,0.384289,-2.010602,1.128723,-0.876630,-3.987223,-0.582985,2.276008,2.544487,1.023722,-0.806751,-3.483523,-0.165276,-0.872633,1.263722,-1.321996,0.456302,-1.985500,0.237773,8.644857,-1.799650,2.036996,-2.889967,2.613817,3.538720,4.536428,-1.363445,-0.646077,-0.175632,0.415196,8.371010,2.893270,-5.783312,8.644857,0.143504,0.1
220,0.48145963798285185,0.09225481737913771,0.2198752750677593,25,25,0.026155942859002714,True,-2.370563,-5.662772,-0.302888,3.738989,-0.430527,2.826373,-2.889848,2.504897,1.943549,0.405854,1.817621,-4.114488,-5.220374,0.729349,-1.026015,1.655730,-1.582854,2.838288,-3.415342,1.307782,-1.092104,-0.455136,-2.366430,6.989152,3.979335,0.630493,4.961799,0.733856,1.570957,-2.924457,-1.408305,5.366077,4.635589,0.653566,-2.753075,3.541713,0.411550,9.406455,3.066994,-5.662772,6.989152,0.134187,0.1
304,0.5213510550997282,0.08465720055764034,0.2092127465043717,11,23,0.015409863617958718,True,0.198423,-6.538851,4.278769,2.354094,3.224586,2.053128,-1.461807,3.649762,-2.632189,-2.116132,1.982255,-1.184512,-3.534074,-2.084116,1.635888,-1.446042,-1.483513,3.474009,-0.832532,-0.427518,-0.660141,0.420312,-3.892517,4.253907,3.112682,2.393213,1.998345,1.552020,1.334618,-1.558891,4.216142,6.080758,-3.324828,0.250578,-1.681562,1.198963,0.411201,7.832502,2.798661,-6.538851,6.080758,0.146928,0.1
228,0.4398090002086199,0.08844985140951236,0.247188327371243,25,22,0.030149005527759995,True,-2.180865,-5.616438,-0.284494,3.665356,-0.402984,2.768624,-2.915006,2.631678,1.978438,0.364575,1.837955,-4.192434,-5.186033,0.715047,-0.866087,1.716681,-1.456837,2.775447,-3.406424,1.370823,-1.088426,-0.506433,-2.444472,6.821534,3.872756,0.610476,4.873726,0.688767,1.554820,-2.964847,-1.336416,5.321730,4.679649,0.608244,-2.770544,3.537636,0.410423,9.249691,3.041330,-5.616438,6.821534,0.134948,0.1
209,0.3568885136961178,0.08762894209731324,0.18403380789488005,11,35,0.08389976733999052,True,-0.889463,-7.425305,0.501350,2.155424,3.002932,0.619337,-1.038627,3.599307,2.766910,-1.840098,1.982255,-0.627964,-4.620628,-0.168719,1.612207,-2.039810,-1.411421,4.165910,-1.882993,-0.455088,-1.068015,-1.629985,-4.076217,7.466414,3.717293,0.669760,1.080335,3.999105,1.841814,-3.428097,4.143249,4.598328,-3.820583,0.426845,-1.338449,4.156654,0.409555,9.706129,3.115466,-7.425305,7.466414,0.131459,0.1
10,0.7836849426704513,0.006355835028602364,0.38253448281312785,174,51,0.03308980248526492,False,2.304679,-5.455353,0.554642,1.343046,1.346516,2.422110,-2.880294,6.103486,1.762828,-2.027155,1.358422,-1.412990,-2.781279,-0.607869,2.045404,1.197255,0.620010,0.022379,-3.982020,0.879791,-0.814374,1.369375,-1.900467,0.472311,-1.117706,0.088327,7.478962,-1.585163,1.381522,-3.080862,3.504119,3.076983,4.710835,-1.328235,-1.309020,0.910177,0.407511,7.198663,2.683032,-5.455353,7.478962,0.151884,0.1
33,0.847488924382811,0.07024840839871092,0.48606803680750843,176,60,0.0697015740995268,True,2.437285,-5.391299,0.558066,1.459222,1.534124,2.193753,-2.758028,5.633153,1.667661,-2.182337,1.527982,-1.726071,-2.744064,-1.501723,2.021527,1.742285,0.122788,0.292288,-3.727184,0.680717,-0.948137,1.845674,-1.806242,0.740269,-1.067818,0.012153,7.313756,-1.347569,1.386656,-3.083865,3.592264,2.987523,4.845757,-1.306218,-1.614680,1.240268,0.406387,7.125337,2.669333,-5.391299,7.313756,0.152243,0.1
77,0.7261439436676744,0.08627972429159039,0.002043232096092834,49,9,0.01678192283248627,True,-2.606817,-5.455813,0.969094,0.466741,-0.112101,4.271121,-2.069617,3.281021,3.362994,-1.138309,2.110471,-2.708137,-1.591017,3.297094,-0.208168,1.019080,-0.815898,-0.717673,-2.477223,-1.498008,-0.731876,0.784918,-0.006807,0.469026,3.264443,-0.092905,4.115660,0.739605,1.429960,-3.575602,3.369479,4.961823,5.290791,-0.545511,-0.589141,-1.634953,0.406326,6.432939,2.536324,-5.455813,5.290791,0.160203,0.1
41,0.23680211361740222,0.07578461104643691,0.02443728139138208,87,22,0.03559726786512616,False,-3.460511,-5.459959,2.064624,2.609205,1.953372,4.190627,-3.058054,3.929425,2.533562,-1.490364,1.440892,-0.231382,-5.898021,0.969793,-0.162790,-0.961661,2.119683,-1.026799,-2.483651,-0.303919,-1.496525,0.864486,0.926751,0.396893,2.762796,-1.577910,5.277869,0.255851,1.380973,-3.520454,4.329661,4.734570,4.968409,-0.903720,-0.480094,-0.573794,0.406107,7.883348,2.807730,-5.898021,5.277869,0.144639,0.1
57,0.20610813119364071,0.06543116531545443,0.2701123387061834,48,74,0.007671015584893694,False,-3.200307,-4.971364,-0.026037,2.055590,0.128922,3.437863,-2.305980,4.867329,3.249607,-1.231217,2.450184,-3.324798,-4.829514,2.059125,-0.079339,1.349262,0.704181,0.397689,-2.374114,0.768215,-0.236593,0.132514,-2.075421,-0.022316,1.685069,-0.081588,5.637431,1.514000,1.523601,-3.413195,1.621209,4.668387,5.132422,-0.423440,-0.842273,0.577024,0.403392,7.052307,2.655618,-4.971364,5.637431,0.151902,0.1
74,0.6968863715336459,0.09507381622151156,0.28931626694219637,42,12,0.022999426804392244,True,-1.791891,-5.472178,1.559801,1.522578,-0.545242,3.274221,-2.242185,2.819858,2.642507,-0.470951,1.738396,-5.751998,-1.097787,2.229951,0.293047,1.106977,0.146666,1.001198,-2.749950,1.998421,-1.374328,0.327691,-1.115544,-1.417176,3.955555,0.654798,5.123402,0.728847,0.599774,-4.399058,1.235995,5.291153,5.906085,-0.278958,-1.624308,0.572812,0.399949,7.279781,2.698107,-5.751998,5.906085,0.148233,0.1
480,0.7701562492392379,0.07993120816284921,0.06832738844091735,14,18,0.0394975818124751,True,-0.231831,-8.876149,0.087067,1.810426,1.601309,2.762185,-2.620314,4.608340,-1.156866,-0.243600,3.558063,-1.953551,-3.334386,0.308650,-2.104932,-3.238052,-0.432084,2.246080,-1.795183,2.655557,-0.663347,-5.507680,-2.335003,5.354339,1.371358,0.475654,4.343584,1.224400,1.540140,-0.715266,3.144314,6.463578,0.363476,0.876573,0.515675,4.294487,0.399917,9.591400,3.096998,-8.876149,6.463578,0.129131,0.1
30,0.5425473186538515,0.03701587002554444,0.5799928914262017,189,77,0.09148643902204485,False,2.757672,-5.453545,0.770684,0.825396,1.407587,1.935092,-2.752614,5.203055,1.979652,-2.015136,1.198925,-1.946791,-2.167973,-0.027217,1.527670,1.232868,1.650647,0.452967,-4.107424,1.099464,-1.183014,1.043115,-2.036222,1.690126,-1.774794,-0.045496,6.274493,-1.081254,1.129393,-3.118796,3.443985,2.724462,5.162465,-1.215592,-2.002018,1.808074,0.399720,6.711082,2.590576,-5.453545,6.274493,0.154298,0.1
409,0.4919063083455094,0.03576421398840702,0.154284513079314,11,23,0.00013670468676967636,True,1.578115,-6.024118,4.616753,2.064395,2.776526,-4.667565,-2.110343,3.627364,-0.655261,-2.043808,0.916357,-2.409064,-4.260658,-1.342083,1.933847,-0.775879,-0.610894,3.068744,-0.263110,0.786096,-0.315377,2.374977,-4.102629,4.122201,1.918321,2.157503,2.442612,0.377626,1.074101,-0.637086,3.000030,6.084349,-0.179680,0.328242,-1.922662,1.405774,0.398159,7.405123,2.721236,-6.024118,6.084349,0.146315,0.1
331,0.6475590549980694,0.05712498160624489,0.19455067642977794,20,28,0.0210788635759879,True,-0.587049,-5.530594,0.397303,3.883649,-1.004303,-0.122128,-2.918397,2.823062,1.595307,-0.055517,2.305455,-5.173886,-3.755139,2.685251,0.944584,0.545824,0.127453,2.568199,-0.868072,-0.232371,-0.402834,-2.626944,-3.324865,7.177839,3.365610,0.449424,4.695492,-0.341693,2.239331,-2.932438,-0.032769,6.078475,4.164352,0.595397,-2.403588,-0.137516,0.394220,8.572282,2.927846,-5.530594,7.177839,0.134645,0.1
20,0.4566240519773887,0.05357746840747585,0.11191110623991253,77,52,0.06335297107608948,False,-2.714855,-5.356464,1.769656,1.801410,0.768117,4.555912,-2.757835,3.418737,2.535830,-0.957593,1.268740,-1.243734,-6.467151,2.518386,-0.891446,-0.515489,1.304498,-0.010857,-1.863617,0.228663,-0.950222,1.193032,0.806809,1.531351,1.299128,-1.023702,5.334453,0.480721,0.407121,-3.488708,3.242930,4.277792,5.508612,-0.968155,-0.829425,-0.169006,0.390101,7.213003,2.685703,-6.467151,5.508612,0.145251,0.1
362,0.6052546272347751,0.09048075056527763,0.25505012300982455,14,22,0.004232368753608678,True,-1.131086,-5.556575,0.326107,2.102461,2.097542,2.015934,-1.871047,3.499319,-2.223470,-1.127055,4.059707,-1.652156,-3.113710,-0.602786,-2.018338,-1.546629,-1.240977,2.364529,-1.408310,2.019309,-0.348120,-3.873058,-1.856689,3.916296,2.378142,1.828137,4.058130,0.040591,1.113692,-2.297609,3.095231,5.526698,1.545593,0.149889,-0.108815,3.735109,0.386000,6.658889,2.580482,-5.556575,5.526698,0.149584,0.1
24,0.9096691394120939,0.03492095746126609,0.4679253275145743,181,52,0.03390297910487007,False,2.826592,-5.434111,0.590240,1.068991,1.495389,2.005522,-2.857264,5.778728,1.646110,-1.964738,1.214077,-1.560802,-1.986240,-0.535648,1.463324,0.517914,0.919240,0.223306,-4.682668,0.239911,-1.000360,1.268660,-1.646162,1.009377,-1.581087,0.044439,7.323955,-1.418725,1.314545,-2.898306,3.806955,2.944045,5.105264,-1.282901,-1.490888,1.291417,0.382169,7.170061,2.677697,-5.434111,7.323955,0.142723,0.1
324,0.44718814053381045,0.0885966047013134,0.2708957984182906,14,32,0.015334187109686061,True,-1.118168,-5.552457,0.302369,2.126459,2.083167,2.002160,-1.824473,3.532089,-2.135102,-1.063420,4.153984,-1.686123,-3.042761,-0.482727,-2.233774,-1.572952,-1.271673,2.369513,-1.519327,2.226097,-0.313585,-4.602301,-1.947234,4.409978,2.439036,1.776201,4.160436,-0.024676,1.117508,-2.245133,3.145413,5.414841,1.448105,0.138443,-0.253904,3.686344,0.378954,7.003465,2.646406,-5.552457,5.414841,0.143196,0.1
62,0.7559281637716113,0.08143871436008815,0.20211903709717072,14,24,0.0014268663295819812,True,-1.144874,-5.874523,0.574517,2.068677,2.041908,2.058547,-1.945781,3.486591,-2.467892,-1.252770,3.813206,-1.616853,-3.498883,-0.601773,-1.977323,-1.589426,-1.381326,2.335339,-1.098631,1.872800,-0.289147,-3.137982,-1.810488,3.947580,2.154625,1.905022,3.718971,0.073906,1.263248,-2.083168,2.911236,5.602657,1.541842,0.231994,-0.091955,3.889334,0.378589,6.566215,2.562463,-5.874523,5.602657,0.147744,0.1
322,0.4284199134806311,0.08228013269422857,0.20745668956324595,8,18,0.007461595783408067,True,1.155771,-10.326836,4.719871,2.244517,1.756314,1.154589,-2.238666,3.158510,-2.272520,-2.318072,-0.102594,-3.190582,-0.697767,0.048756,4.776845,-0.312981,-0.775840,3.741353,-0.184427,0.362841,-1.639180,-0.689015,-2.521182,4.324511,2.411825,1.165887,4.876275,2.107637,0.879265,-3.937029,0.067007,6.609648,-1.117025,-0.679476,-2.409506,3.335610,0.374565,10.022016,3.165757,-10.326836,6.609648,0.118318,0.1
353,0.4983010967672142,0.0956370890055737,0.21371222581252866,11,63,0.05960113016048574,True,-0.715549,-7.531567,0.501350,2.108302,3.065250,0.619337,-1.114324,3.660107,2.766910,-1.822552,1.982255,-0.864466,-3.890022,-1.270725,1.408125,-2.010418,-1.353558,4.045656,-1.765764,-0.742264,-0.984156,-1.564023,-4.374562,6.459990,3.713164,1.191176,1.537500,3.372066,1.551017,-3.428097,5.146726,4.864253,-4.161016,0.245262,-1.333527,4.156654,0.374125,9.587633,3.096390,-7.531567,6.459990,0.120826,0.1
327,0.4851116731496464,0.08746949244342421,0.24706290734786626,11,31,0.016842664875465332,True,0.198224,-6.579854,4.225652,2.278698,3.172193,2.022694,-1.455789,3.698203,-2.491244,-2.075535,1.982255,-1.276002,-3.411297,-1.985849,1.665064,-1.407777,-1.488678,3.441400,-0.996320,-0.402636,-0.705731,0.108972,-3.904943,4.190086,3.139144,2.296078,2.081858,1.587868,1.313816,-2.866926,4.421282,5.992931,-3.077853,0.195237,-1.719009,1.301031,0.374090,7.936556,2.817189,-6.579854,5.992931,0.132788,0.1
340,0.7368379835004805,0.02616763319954004,0.1280886805110174,22,21,0.01571176358539968,True,-0.661188,-4.808965,-0.254901,3.392968,-0.221390,0.834427,-2.966334,3.873409,1.631590,-0.130486,2.062487,-5.482025,-6.049900,1.740317,2.300066,1.241911,-0.378378,1.878560,-1.618828,-0.409602,-0.448975,-1.948446,-3.048096,5.548431,3.172999,0.126403,5.583466,-0.159616,1.161062,-2.722227,0.077243,5.801773,5.302735,0.512084,-2.810177,0.879509,0.361164,8.849617,2.974831,-6.049900,5.801773,0.121407,0.1
216,0.3731306466627654,0.08811226220516175,0.21014684493406346,14,29,0.021625631927868542,True,-1.455825,-5.574926,0.262369,2.210870,2.148289,2.052407,-1.739563,3.456797,-2.389623,-0.939942,4.231374,-1.530786,-3.176355,-0.413602,-2.680351,-1.804727,-1.589626,2.460843,-1.453535,2.348513,-0.230731,-4.871781,-1.856114,4.856330,2.609408,1.766309,4.132457,-0.132150,1.137292,-2.111271,3.087681,5.462416,0.948113,0.248812,-0.068329,3.528770,0.359161,7.355709,2.712141,-5.574926,5.462416,0.132427,0.1
65,0.9981664420058327,0.09277002637682731,0.28294849449943055,11,33,0.004902267810319844,True,0.297203,-6.597266,4.169468,2.189891,3.168489,1.991352,-1.549512,3.734561,-2.350621,-2.074429,1.982255,-1.099694,-3.288753,-1.961639,1.566797,-1.277128,-1.339091,3.364723,-1.100086,-0.453647,-0.707909,-0.272860,-3.836890,3.563103,3.044380,2.346220,2.209893,1.518738,1.314689,-3.445621,4.286278,6.091872,-2.837569,0.073998,-1.708962,1.911389,0.358989,7.812129,2.795019,-6.597266,6.091872,0.128439,0.1
233,0.39676191551433226,0.0865021501660042,0.20484221129610808,14,25,0.01753722108194127,True,-1.405721,-5.575706,0.291519,2.190955,2.135299,2.056477,-1.770977,3.461351,-2.426524,-1.032707,4.187006,-1.522194,-3.224764,-0.456464,-2.531556,-1.767634,-1.505137,2.426696,-1.354254,2.228929,-0.221510,-4.894240,-1.883772,4.638860,2.513352,1.818955,4.034773,-0.084134,1.145890,-2.085459,3.040032,5.498512,1.085461,0.248559,-0.067493,3.722318,0.358742,7.266931,2.695725,-5.575706,5.498512,0.133078,0.1
36,0.30164841012150784,0.0037348188749214417,0.3133459560328826,61,49,0.003050024993904943,True,-0.948429,-5.301112,1.034319,1.227666,0.689742,3.207058,-2.886691,4.397953,2.629076,-1.556286,1.404738,-1.787445,-5.569869,0.537011,-0.183739,0.232747,1.638938,0.407913,-1.910469,0.835290,-0.554316,1.244387,-1.427612,0.987489,-0.971036,-0.005217,4.761687,0.250676,1.251854,-2.734548,3.330518,4.008249,5.782839,-0.769675,-1.319685,0.919167,0.357033,6.282834,2.506558,-5.569869,5.782839,0.142440,0.1
117,0.6980466132898705,0.08816158084855383,0.30821657001625297,71,21,0.0695439060455414,True,-2.458879,-4.688717,1.175195,0.933748,0.770876,4.566362,-2.720759,2.557655,2.870400,-1.441574,1.836853,-1.736881,-5.399328,2.133161,-0.003391,-0.655562,0.675116,-0.220256,-2.146306,0.786951,-1.176079,1.131899,-0.099815,0.008542,0.629593,-1.594129,5.020741,0.676981,1.196174,-3.671685,5.200259,3.864673,5.538659,-0.860813,-1.331045,1.435934,0.355682,6.888858,2.624663,-5.399328,5.538659,0.135515,0.1
105,0.47513076955379374,0.07664620451805303,0.1559397756214216,25,37,0.08562166042128436,True,-2.938757,-5.905529,0.239180,3.873267,-0.866302,2.724049,-2.795233,1.935107,1.906708,0.652800,2.104973,-4.582335,-5.290824,0.783211,-1.602135,1.753864,-1.388627,2.967387,-3.428058,2.401408,-1.173151,-1.260642,-2.786436,6.957546,4.014980,0.413423,4.235299,0.546259,1.731852,-3.073692,-1.561951,4.747387,4.332704,0.843455,-2.826006,4.854696,0.348330,9.944287,3.153456,-5.905529,6.957546,0.110460,0.1
42,0.33856149592801216,0.009783416065100149,0.2603109895427838,172,57,0.04741738290873252,True,2.081717,-5.637073,0.623593,1.354446,1.420987,2.891166,-3.241619,6.534138,1.235558,-2.031767,1.275883,-1.104753,-3.013368,-0.778217,1.785140,1.620068,0.479602,-0.090289,-3.749719,0.414054,-0.709229,1.273901,-1.809298,0.350793,-2.005406,0.164921,8.012770,-2.060934,1.757141,-2.899917,3.137193,3.092200,4.479266,-1.490830,-0.955403,-0.017964,0.344132,7.664147,2.768420,-5.637073,8.012770,0.124306,0.1
259,0.7358103293093182,0.08337466337279209,0.18256807254754046,24,26,0.07933584251756533,False,-3.100184,-5.668425,0.124364,3.479519,-1.504180,1.960436,-2.517990,2.577188,1.956074,0.746615,2.523947,-5.371061,-5.263047,1.072647,2.244135,1.477870,-1.640770,3.178921,-2.616573,1.136618,-1.086396,-1.981067,-1.358673,6.677738,4.515091,0.093072,4.417954,0.088652,0.762418,-2.856071,3.890660,4.989832,3.627737,0.821481,-3.892383,-1.119267,0.344080,9.593605,3.097354,-5.668425,6.677738,0.111088,0.1
107,0.4292541112099344,0.06916531272171167,0.25982499589638103,13,25,0.09068500513425787,True,-1.772726,-6.132014,2.793441,2.615658,2.402941,2.011834,-1.618805,3.619099,-2.134539,-1.375224,1.982255,-1.270976,-1.611455,0.382935,-3.185981,-1.197052,-1.253507,2.729814,-1.349383,1.376978,-0.309745,-4.653138,-1.068795,6.651623,3.356808,0.791081,2.336642,-1.272887,2.836184,-0.683923,0.662638,4.777926,-0.865115,0.197235,-1.724737,4.273295,0.342177,7.305251,2.702823,-6.132014,6.651623,0.126600,0.1
89,0.7398995180227097,0.07248098133842748,0.24085448523247122,96,39,0.0035195895346177603,True,-1.344233,-5.885183,1.375848,2.477030,1.079281,2.391163,-3.619002,4.814892,2.526200,-1.487626,1.581939,-2.684183,-4.320673,1.397888,-0.762082,0.016617,2.334700,-0.334618,-2.796063,-0.450634,-1.284382,0.877516,-0.085170,1.194572,0.523358,-1.615198,5.644573,0.280506,2.065179,-3.875123,4.420663,3.262988,5.493317,-0.736064,-0.520806,0.248752,0.339054,7.308102,2.703350,-5.885183,5.644573,0.125420,0.1
130,0.7672226236269691,0.06855312394929532,0.19462614915566107,10,55,0.0759025129023635,True,0.697157,-5.070256,4.297711,2.852455,2.797127,0.619337,-1.017241,3.633325,-2.684590,-2.517604,1.982255,-2.830210,-3.671227,0.095546,1.901994,-1.436783,-1.391312,2.541327,-1.579209,0.411933,-1.072967,-0.671105,-1.019920,7.460914,2.597534,0.825837,2.846469,2.824880,1.652710,-3.428097,-1.471315,4.545343,-4.473433,0.225828,-2.477969,4.156654,0.337586,8.270284,2.875810,-5.070256,7.460914,0.117388,0.1
294,0.2966358050188924,0.09237677439333637,0.24111997814786443,9,17,0.021224202745304614,True,1.020801,-4.787833,0.452955,2.458354,2.454509,1.108161,-1.287982,3.372336,-2.088768,-2.796123,1.438568,-3.326465,0.177971,-0.216817,2.375738,-0.433665,-0.657519,5.044054,-1.624076,0.392058,-1.682191,-1.001178,-2.182968,4.237808,2.238366,-0.066075,3.341194,2.432395,2.535830,-4.032032,0.118752,5.741342,-2.725616,-1.311832,-1.930844,3.342724,0.336998,6.704881,2.589379,-4.787833,5.741342,0.130146,0.1
95,0.6499697570606117,0.062162732218067375,0.1973568250769211,47,29,0.018421469655231552,True,-3.388158,-4.946357,0.146608,2.186663,0.086148,2.855595,-2.322235,3.979507,3.324636,-1.177405,2.379922,-3.709960,-4.878771,2.480237,0.088003,1.171088,0.253521,0.295307,-2.110326,0.520952,-0.214843,0.372028,-2.075735,-0.727957,2.393102,-0.161755,5.631089,1.700963,1.513924,-3.648710,1.365885,4.733048,5.200047,-0.400362,-0.767558,-0.021051,0.336864,7.062094,2.657460,-4.946357,5.631089,0.126762,0.1
493,0.24867887417514206,0.09907431188184256,0.2548611675735351,9,52,0.011159049929471162,True,0.434104,-3.626568,0.501350,2.379654,2.817041,0.619337,-1.314408,3.273674,-2.461280,-2.623882,1.982255,-2.786471,-0.239172,-0.556256,2.334449,-0.323328,-1.423252,5.139714,-1.429845,0.213898,-0.553964,-1.467811,-2.316704,3.608441,3.027301,0.221739,3.368711,1.958582,2.537365,-4.295024,-0.485694,5.934188,-3.713278,-0.567635,-1.717668,3.657978,0.336321,6.658893,2.580483,-4.295024,5.934188,0.130332,0.1
28,0.8358490428333187,0.039309772466676045,0.30158225586311527,56,22,0.09730105547524456,True,-2.860316,-5.405460,1.508539,1.427427,0.375932,3.181684,-2.675325,2.218843,2.854808,-1.891480,1.989175,-2.005809,-6.308931,1.628783,-0.398556,0.627798,1.720662,0.728150,-1.471894,0.750412,-0.440083,0.488499,-1.169868,1.731247,-0.148072,-0.519695,4.915241,0.585821,1.564995,-2.163535,2.218427,4.236690,5.365400,-0.638612,-1.497382,1.299518,0.328418,6.338078,2.517554,-6.308931,5.365400,0.130451,0.1
11,0.8167737439636489,0.07132447872229951,0.29627735781863446,178,39,0.01195942459383017,True,2.353567,-5.693573,0.503358,1.401791,1.776401,2.832082,-2.942748,6.250353,1.374957,-2.166037,1.193764,-1.043555,-2.746494,-1.254544,1.432725,0.973936,-0.079928,-0.087205,-4.415804,0.143105,-0.660687,1.461156,-1.193962,0.458116,-1.990175,-0.230592,8.600586,-2.112154,1.445239,-2.928660,3.521038,2.822904,4.710143,-1.331599,-1.064662,0.474240,0.327419,7.970513,2.823210,-5.693573,8.600586,0.115974,0.1
389,0.6534185323855792,0.09709108503357948,0.2198953085600189,12,20,0.022693177734364512,True,-0.420726,-8.046816,0.861257,2.767716,2.076930,0.898118,-1.917074,3.778048,2.685480,-1.860692,1.866616,-1.507766,-0.813746,-2.035368,-1.621947,-2.532827,-0.309029,2.934913,-0.867844,-2.542642,-1.201671,0.957219,-3.190063,2.911141,3.384292,0.718515,3.227514,0.327486,2.123932,-3.448928,8.125405,5.784017,-3.980287,0.035994,0.508105,1.965273,0.323348,9.091378,3.015191,-8.046816,8.125405,0.107240,0.1
465,0.7871932237425409,0.0905400451844268,0.2170903817785133,61,54,0.024578900791274283,True,-3.429328,-5.799061,1.383128,1.182403,0.758949,3.887898,-2.699857,3.203876,2.560245,-1.684803,1.372746,-1.151428,-6.788158,0.953179,-1.316477,-0.539436,0.615415,0.151385,-1.103955,0.164348,-0.283813,1.881733,-0.556739,-0.439120,0.843040,-0.501096,5.180362,0.218692,1.906845,-2.786716,4.262569,4.494543,6.198286,-0.748485,-0.800298,0.714306,0.314033,7.529453,2.743985,-6.788158,6.198286,0.114444,0.1
3,0.6860358815211507,0.05142344384136116,0.10231447421237491,94,64,0.019967378215835975,True,-1.677870,-5.914878,1.803621,2.794439,1.135784,2.650089,-3.472426,5.164421,2.426122,-1.551791,1.473002,-2.027251,-4.946110,1.095025,-1.364225,0.023456,2.061637,-0.734454,-3.097814,-0.923861,-0.991335,0.757110,0.313894,0.989667,0.511641,-1.309872,5.886144,0.470551,1.906695,-3.642380,3.472386,3.787686,5.645644,-0.626565,-0.373957,-0.419928,0.313730,7.573364,2.751975,-5.914878,5.886144,0.114002,0.1
35,0.5724784145059681,0.009398193984086901,0.32558678082454595,179,29,0.0375582952639944,True,2.742527,-5.620610,0.525760,1.204022,1.503158,2.402430,-2.844849,6.221612,1.592818,-2.081370,1.141110,-1.271946,-2.496301,-1.300525,1.445785,0.626714,-0.059578,0.075419,-4.500726,0.336058,-0.796342,1.264243,-1.232338,0.799204,-1.933533,-0.068091,7.821197,-1.971457,1.221275,-3.031170,3.763581,2.818926,4.732097,-1.326584,-1.129241,0.578037,0.309759,7.558121,2.749204,-5.620610,7.821197,0.112672,0.1
265,0.48705093280455886,0.09318986639243744,0.12012769657672216,72,47,0.000208517250251518,True,-3.088537,-4.788860,1.359227,1.169474,1.151044,4.708986,-2.962762,2.585516,2.710171,-1.212055,1.375862,-1.243282,-5.533880,1.650925,-0.365876,-1.094862,0.836211,-0.530444,-1.530194,0.091795,-0.933942,1.112436,-0.127662,-0.527456,0.031488,-1.048422,5.032607,0.608681,1.029991,-3.313361,4.217953,4.644567,5.995948,-0.807452,-0.532285,0.456942,0.309125,6.833569,2.614110,-5.533880,5.995948,0.118252,0.1
8,0.8177958154373259,0.08021969807540397,0.11922940892050343,60,45,0.014092422497476265,False,-4.034103,-5.298480,1.444248,1.095150,0.786353,4.389248,-2.742228,3.431850,2.608221,-1.762140,1.435167,-0.941316,-7.264204,0.663083,-1.508971,-0.570548,1.195206,0.318111,-0.861916,0.195655,-0.424622,1.689027,-0.281272,-0.685204,1.183976,-0.395687,4.989822,0.582364,1.550643,-2.430261,3.508289,4.200486,5.907101,-0.704118,-0.697197,0.439753,0.305875,7.403748,2.720983,-7.264204,5.907101,0.112413,0.1
245,0.7536971311701033,0.08462321165197285,0.1778883503203399,92,76,0.05252086565956627,True,-2.223920,-6.143802,1.241985,2.560861,1.408291,2.798362,-2.884738,4.182324,2.440581,-1.715263,1.607249,-1.335509,-5.397248,1.225444,-0.814065,-1.069907,2.207886,-0.307543,-2.615548,-0.502230,-1.220585,0.812176,0.293408,1.023978,0.796252,-1.415286,5.303983,0.802635,1.969857,-3.674403,3.532526,4.071799,5.475378,-0.810361,-0.614398,-0.018388,0.305327,7.228098,2.688512,-6.143802,5.475378,0.113567,0.1
433,0.4443349888037862,0.09778807728453708,0.21720716922541686,9,25,0.007694003573169041,True,0.431233,-3.871920,0.433400,2.472123,2.843025,0.619337,-1.380042,3.257856,-2.603026,-2.634410,1.982255,-2.586883,-0.927442,-0.579748,2.375796,-0.355499,-1.539239,5.039807,-1.300432,0.187366,-0.559115,-1.556067,-2.316704,3.527876,3.058248,0.326871,3.452364,1.966913,2.511327,-4.285439,-0.626167,6.121176,-4.035050,-0.560034,-1.612848,3.597036,0.302054,6.869668,2.621005,-4.285439,6.121176,0.115244,0.1
188,0.680775571027256,0.09678252460283152,0.10493966726868026,9,67,0.014051692027036525,True,0.075529,-3.292643,0.501350,2.627777,3.036923,0.619337,-1.123987,3.122414,-2.985266,-2.801589,1.982255,-2.641211,-0.136492,-0.488291,2.345074,-0.565810,-1.916010,5.382618,-1.129446,-0.050923,-0.439738,-1.792128,-2.316704,4.024066,3.230444,0.157756,3.205359,2.162423,2.768270,-4.247191,-0.998723,6.018882,-5.029981,-0.482845,-1.365559,3.413051,0.301916,7.295894,2.701091,-5.029981,6.018882,0.111776,0.1
366,0.275867503855206,0.017664989497918678,0.19140733410268446,8,17,0.023487263082443678,True,2.331091,-7.249232,3.795951,1.568611,1.783322,-7.838149,-2.465421,3.969761,-1.600881,-1.965430,-0.205932,-3.448112,-4.148525,-1.002003,3.656108,0.710315,1.934701,2.316789,-0.652177,1.238949,-0.820311,2.302717,-0.770242,4.772805,1.466421,1.041574,3.795404,0.481819,0.962170,-2.087115,0.895480,4.379677,1.447046,-0.993967,-2.604512,3.854845,0.301487,9.050368,3.008383,-7.838149,4.772805,0.100216,0.1
238,0.4349981304376198,0.09074652245412852,0.24343798419212231,11,80,0.023882820261699113,True,-0.011663,-6.736946,4.231000,2.239768,3.195919,0.619337,-1.336878,3.693210,-2.505062,-2.023047,1.982255,-1.239736,-3.374568,-1.904955,1.715767,-1.553096,-1.498127,3.552029,-1.102164,-0.501010,-0.753348,-0.487314,-4.050584,4.416169,3.321160,2.152342,2.061450,1.756602,1.296140,-3.428097,4.741272,5.882979,-3.323028,0.198075,-1.652699,1.276421,0.301377,8.264833,2.874862,-6.736946,5.882979,0.104832,0.1
378,0.5627713201760184,0.09418445430109838,0.20202532299453177,11,19,0.0062717986148751485,False,0.403091,-8.837460,2.900413,1.987012,3.448835,2.339090,-1.429972,3.258091,-2.586340,-2.271265,1.747386,-1.510470,-2.874918,-2.389189,2.593669,-2.781667,-0.828279,3.832763,-0.712945,-0.367538,-0.740890,0.053683,-3.957024,3.438131,3.468077,1.020382,2.554277,2.076425,1.583502,-2.856491,4.407684,6.546859,-2.982415,0.564962,-1.762440,1.506665,0.301158,9.100180,3.016651,-8.837460,6.546859,0.099832,0.1
490,0.28964787647784734,0.09628794235539286,0.2724935040553926,100,40,0.01783545073381679,True,-0.691339,-6.516723,1.958384,2.337798,1.136702,1.402277,-3.191085,5.101351,2.412363,-1.704262,1.574678,-2.180863,-4.180222,1.208109,-0.055572,-0.842207,2.182938,-0.613149,-2.818225,-0.692686,-0.978180,0.559009,0.133326,0.593570,0.318386,-1.874935,5.494502,0.334725,1.985644,-4.003386,4.135528,3.748316,5.377994,-0.744564,-0.334621,0.219237,0.299800,7.256070,2.693709,-6.516723,5.494502,0.111297,0.1
87,0.6537565468901095,0.07589921252761739,0.2961529297781675,9,35,0.005262062636328054,True,1.331944,-4.668238,0.445974,2.649439,2.450658,0.619337,-1.912971,3.621888,-2.297071,-2.482978,0.303374,-2.526779,-2.778784,-0.502736,2.471788,0.019239,0.207540,2.941252,-1.279231,0.770564,-0.678792,-1.365654,-1.400985,3.847452,2.554636,0.644029,3.749399,1.874344,1.850081,-4.223997,-0.321713,6.197950,-2.368044,-0.778554,-1.928953,3.723773,0.298866,6.310028,2.511977,-4.668238,6.197950,0.118976,0.1
50,0.4880703141230535,0.02078827975804643,0.2744155728436486,22,31,0.07702025718859462,False,-0.528344,-4.793393,0.278121,3.167541,-0.306057,0.084815,-2.740599,3.339005,1.634672,-0.335798,2.035275,-5.708912,-5.148887,1.704970,2.522314,1.342268,0.446936,2.054636,-2.202489,0.741342,-0.550749,-2.291852,-3.151357,5.823625,2.987495,0.066461,5.163131,-0.451501,1.268852,-3.113622,0.294976,5.288746,5.277005,0.349508,-3.146949,-0.702250,0.297193,8.536877,2.921793,-5.708912,5.823625,0.101716,0.1
31,0.335594197348874,0.038509772860192526,0.3340807574750101,193,69,0.02944488920695857,True,2.951807,-6.067236,0.807212,0.669977,1.683649,2.540889,-2.944090,5.632730,1.603636,-2.078351,0.616738,-1.338848,-2.475676,0.341043,0.892302,0.780341,1.680919,-0.132301,-4.543132,0.177920,-0.813061,1.033917,-1.859759,1.218950,-2.892961,0.075677,7.804029,-1.914109,1.289625,-2.840671,2.906674,2.702272,5.207454,-1.174625,-1.480630,0.522059,0.294010,7.699722,2.774837,-6.067236,7.804029,0.105956,0.1
151,0.6647889208044893,0.07960398150767029,0.22968777858699455,14,13,0.062233604093075066,False,-0.674867,-6.052432,1.487316,1.816498,1.106226,2.852026,-1.311475,4.778468,-1.187072,0.801412,1.797673,-1.962787,-1.081321,0.059433,-3.648592,-1.398567,0.277713,2.805269,-1.634531,2.052823,-3.010553,-4.542795,-3.486644,5.331679,3.658353,-2.190911,4.009202,-1.010644,1.091901,-5.345528,3.146886,5.108546,1.969759,-1.138761,-0.794952,6.898256,0.293806,9.672468,3.110059,-6.052432,6.898256,0.094470,0.1
144,0.844729838471506,0.07279575522277261,0.09731124900366796,10,72,0.07281293249394054,True,0.349556,-4.775422,4.405533,3.024049,2.969634,0.619337,-0.886873,3.505698,-3.009243,-2.557933,1.982255,-2.675913,-3.726127,0.176383,1.666299,-1.695320,-1.556184,2.787034,-1.409914,0.156774,-1.052526,-1.398854,-1.195638,7.667974,2.829338,0.811379,2.712290,2.975490,1.730107,-3.428097,-1.687098,4.507225,-5.536257,0.354861,-2.240533,4.156654,0.293220,8.807593,2.967759,-5.536257,7.667974,0.098802,0.1
158,0.6865958647011555,0.08989493295721071,0.2929708891987724,9,22,0.002302198459105665,True,0.965879,-4.521028,0.446637,2.531454,2.591360,0.619337,-1.726283,3.490295,-2.310067,-2.501904,0.098637,-2.506245,-2.048525,-0.525118,2.475290,-0.100700,-0.293959,3.737591,-1.364811,0.582683,-0.703777,-1.260242,-1.396422,3.427414,2.751759,0.550695,3.693870,1.852438,2.076066,-4.245459,-0.334733,6.214141,-2.884345,-0.673425,-1.871434,3.718751,0.293217,6.279969,2.505987,-4.521028,6.214141,0.117007,0.1
456,0.8045073612025619,0.09544643867023551,0.2063744108803145,8,18,0.020672691907945906,True,0.353338,-13.144879,4.795291,2.365139,1.026489,1.740854,-1.850612,4.341875,-1.929632,-2.675269,1.434827,-3.630715,-0.480220,-0.095513,5.141962,-1.304313,-1.082719,4.299668,-0.375275,-0.335009,-2.457267,-0.568292,-2.572944,4.545624,2.227715,0.115430,5.506303,2.530817,0.588036,-3.876608,1.318019,6.726892,-1.275540,-0.584377,-2.583664,2.275927,0.291982,12.878224,3.588624,-13.144879,6.726892,0.081363,0.1
164,0.7064086954390222,0.09011112646786618,0.11455413384651617,8,16,0.012432204173891088,True,0.061576,-11.926876,4.895259,2.804564,0.943149,2.655210,-0.346116,3.650045,-2.188914,-2.930247,-1.058583,-3.623422,0.535374,0.515329,4.441179,-2.675983,-0.467297,5.301222,-0.790531,0.615093,-3.717283,-1.755561,-0.981956,3.760458,2.106715,0.326587,5.022911,2.693826,1.355644,-4.447460,0.459291,8.072983,-1.174610,-1.436402,-2.663648,2.311983,0.287320,12.822987,3.580920,-11.926876,8.072983,0.080236,0.1
99,0.8054371596783343,0.08711291454563805,0.059499638535172435,19,7,0.017104871959776627,True,0.018524,-6.658030,0.135942,0.870311,-0.254406,1.934400,-1.467983,3.903972,1.441645,-1.938845,0.775681,-0.940862,1.568969,0.094992,-0.219276,-0.998359,0.037930,3.415140,-6.200512,0.162465,-1.840372,2.321355,-4.527664,6.281862,3.414255,2.396496,1.361144,-0.995105,1.984574,-4.485409,0.583848,6.274103,4.545176,-3.672286,0.055023,0.872046,0.284743,8.914787,2.985764,-6.658030,6.281862,0.095367,0.1
394,0.7471712792202755,0.09206244027964439,0.1421791950724353,52,23,0.006776892832864488,True,-4.411343,-5.042613,0.249966,2.183763,-0.134730,3.806411,-1.763033,0.515543,2.861533,-1.729303,2.161751,-2.239268,-5.784469,1.609426,0.074181,-0.235567,0.996802,-0.116026,-2.246273,0.493011,0.313411,1.337918,-0.707170,-0.965865,0.757797,-0.272383,5.426842,1.246952,2.210750,-2.668483,1.375871,5.389751,5.714744,-0.521987,-0.643818,0.991682,0.284327,6.863371,2.619804,-5.784469,5.714744,0.108530,0.1
32,0.31206721218921923,0.009717649377076854,0.310997791418242,188,57,0.0570061170089365,False,2.894127,-6.071913,0.782004,0.825130,1.500743,2.503214,-3.083553,5.623622,1.527997,-2.123013,0.834214,-1.005150,-2.503740,0.075114,1.357352,0.526216,0.882226,0.026883,-4.323164,0.478909,-1.253852,1.022789,-1.865559,1.412148,-2.682712,0.108675,7.502356,-1.869907,1.294345,-2.799890,3.217753,2.557222,4.912141,-1.219232,-1.362654,0.455709,0.282126,7.403838,2.721000,-6.071913,7.502356,0.103685,0.1
246,0.5522258714007878,0.07961891214335037,0.25032220718704457,9,29,0.0035985526176149796,True,1.166947,-4.678670,0.438661,2.711323,2.552921,0.619337,-1.845948,3.535530,-2.478760,-2.537151,0.191178,-2.425173,-2.677386,-0.480678,2.444001,-0.091217,0.009557,3.099836,-1.214342,0.632755,-0.649991,-1.381277,-1.337279,3.779236,2.685891,0.643147,3.748653,1.939014,1.950138,-4.220408,-0.503075,6.316191,-2.943738,-0.727960,-1.787605,3.650672,0.281509,6.441064,2.537925,-4.678670,6.316191,0.110921,0.1
333,0.7086274421885305,0.0884637414998223,0.2404130346876787,14,20,0.019050941511288427,True,-0.725945,-5.874750,0.175551,2.151620,1.858064,2.164413,-1.848613,3.327301,-2.176800,-2.655028,4.057609,-1.993949,-2.974877,-0.726916,-1.988526,-2.975835,-0.387891,2.290118,-1.241343,2.479820,-1.150865,-5.206568,-2.622095,4.334477,2.670255,1.657204,4.004924,0.713990,1.094617,-2.264522,3.346680,5.624166,1.349464,0.337845,0.180663,2.990406,0.277630,7.646905,2.765304,-5.874750,5.624166,0.100398,0.1
273,0.43892556674077865,0.09662398614916953,0.20221915607994792,56,38,0.0064512501065425954,True,-3.619167,-5.822911,1.445165,1.610165,0.520894,3.604930,-2.719687,1.948387,2.842844,-1.980332,1.796255,-1.738655,-6.698191,1.568786,-0.682305,0.228363,1.016731,0.563330,-1.302939,-0.275211,-0.153941,0.851768,-0.699856,-0.323070,0.159326,-0.445004,5.075790,0.751471,1.656829,-1.789118,2.424225,5.090991,5.514522,-0.578314,-1.012824,0.998463,0.272992,6.888228,2.624543,-6.698191,5.514522,0.104015,0.1
86,0.7079246067198647,0.07994659964820408,0.2626905489551739,13,18,0.03965753261947599,True,0.506042,-7.863349,1.856763,2.173138,2.285715,2.350716,-2.726902,4.910635,-0.751735,-1.120882,1.474521,-2.460970,-2.041100,-1.039997,-2.349363,-1.769884,0.509981,2.522698,-1.711312,1.050879,-0.908997,-4.811509,-2.422532,4.536592,2.195999,0.200270,3.623020,1.026108,2.008920,-0.706160,0.904275,6.226046,-0.420150,0.142958,-1.083150,3.474995,0.272008,7.758109,2.785338,-7.863349,6.226046,0.097657,0.1
118,0.5276303742440395,0.07590319582607247,0.16891719528164878,13,11,0.028179996318037866,True,-0.587547,-5.114198,1.419808,1.281165,2.602779,1.336709,-1.197514,4.680862,-1.207832,-2.062918,1.536622,-2.116764,-0.580904,1.235872,-3.628638,-0.416352,-0.187365,2.864234,-1.932546,0.129381,-0.703796,-3.999906,-3.971185,6.018490,2.784937,-0.546067,2.511602,-2.088965,2.541959,-3.666137,2.714291,5.505224,0.850222,1.328725,-2.278315,4.649805,0.269604,7.808239,2.794323,-5.114198,6.018490,0.096483,0.1
415,0.46778738424229416,0.09365156575887942,0.20184036205847147,200,39,0.011499660679685404,True,2.983831,-6.735790,0.736617,0.651266,1.913848,2.859392,-2.493950,5.283078,1.424191,-2.087062,0.359885,-0.912575,-1.799595,1.261797,1.022600,0.628493,0.994000,0.122441,-5.235492,-1.905806,-1.514827,0.381619,-1.219106,1.824077,-2.038502,-0.293363,8.219146,-1.878508,1.740602,-2.604621,1.887587,2.857886,5.279310,-1.315954,-0.912334,0.033417,0.264378,7.969048,2.822950,-6.735790,8.219146,0.093653,0.1
337,0.7607222306271816,0.08693390936702881,0.18452137853831851,64,65,0.016539280502757152,True,-3.373445,-5.537351,1.717606,1.401763,0.771667,4.413186,-2.516484,3.227378,2.609817,-1.573134,1.178999,-1.586692,-6.869396,0.515609,-0.875695,-1.098105,1.176917,0.040036,-1.798008,-0.204701,-0.311500,2.989671,-0.378358,-1.002509,0.821127,-0.743267,5.381066,0.209708,1.356760,-2.795872,3.731600,4.343209,5.367947,-0.940173,-0.708153,0.472374,0.261489,7.482220,2.735365,-6.869396,5.381066,0.095596,0.1
2,0.43371571882817456,0.029122914019804193,0.219817105976215,64,43,0.04319450186421158,True,-2.251202,-5.227856,1.640468,1.338133,0.614722,4.234694,-2.659671,3.687526,2.604749,-1.531061,1.179906,-2.125833,-6.748028,0.636611,-0.375517,-0.529771,1.435589,0.063586,-1.963730,0.283356,-0.467591,2.475815,-1.285299,0.486577,-0.492501,-0.523805,5.180561,0.118638,1.327301,-2.844290,3.490558,3.914720,5.119567,-0.935802,-1.082905,0.618718,0.261304,6.926200,2.631767,-6.748028,5.180561,0.099288,0.1
183,0.6535868226886984,0.09127832706763034,0.14561464482253025,11,28,0.013155284487335106,True,-0.199269,-6.752905,4.355775,2.357085,3.416983,0.619337,-1.334677,3.561822,-2.853316,-2.112783,1.982255,-0.914051,-3.533614,-2.148777,1.525947,-1.691722,-1.809596,3.703967,-0.751581,-0.768811,-0.641126,-0.443137,-4.072143,4.090120,3.411097,2.390453,1.902709,1.685356,1.357048,-3.338257,4.350211,6.228840,-4.205622,0.302401,-1.468929,1.160455,0.260043,8.622799,2.936460,-6.752905,6.228840,0.088557,0.1
229,0.46964120544913535,0.09470124214726428,0.21449975748520164,11,23,0.023065654484386924,True,-0.211097,-6.910806,4.271701,2.247532,3.279696,0.619337,-1.284268,3.651052,-2.612938,-2.012463,1.982255,-1.141017,-3.366211,-1.949964,1.660382,-1.698805,-1.589197,3.687208,-1.102004,-0.702766,-0.752237,-1.175024,-4.179795,4.334617,3.481365,2.124679,2.019981,1.867514,1.301893,-3.428097,4.856486,5.937895,-3.808015,0.206149,-1.528233,1.234729,0.258654,8.646595,2.940509,-6.910806,5.937895,0.087962,0.1
97,0.5308732261543785,0.0956856964212711,0.276750588087169,13,20,0.025029310886680166,True,-1.366161,-6.401676,0.406325,2.241440,2.844737,2.104669,-1.909283,3.386018,-2.244940,-1.148601,1.824205,-1.554826,-2.071497,-1.143252,-3.377162,-1.670307,-0.524474,2.759973,-0.770723,0.307938,-0.735337,0.923709,-2.182167,3.753985,3.749279,1.283198,2.960410,0.687560,2.590855,-2.205847,0.981001,5.441293,-1.097755,-0.442945,-1.314027,3.072320,0.254387,6.106370,2.471107,-6.401676,5.441293,0.102945,0.1
363,0.7118304052287918,0.09660975227877375,0.21066414442608325,183,25,0.00045548131641637594,True,2.964879,-6.212940,0.688659,1.103128,1.863666,3.139802,-3.200312,5.721596,0.894442,-2.088405,0.841195,-0.332755,-2.471714,-0.041124,1.397110,0.143095,0.028059,-0.449791,-5.354341,-0.504987,-1.056368,1.443580,-1.492111,0.485803,-3.786873,0.196885,9.057568,-1.953550,1.706256,-2.395206,2.890102,2.661584,4.761761,-1.370968,-0.608933,0.262153,0.248082,8.609801,2.934246,-6.212940,9.057568,0.084547,0.1
249,0.4588848853175542,0.09341209373177516,0.2222906215189282,13,23,0.019729287788192988,True,-2.057721,-6.376510,1.296907,2.325925,2.909702,2.042905,-1.891353,3.429359,-2.452385,-1.275706,1.982255,-1.269403,-2.278489,-1.193637,-3.930489,-0.925630,-1.343037,2.886829,-1.111360,0.196415,-0.035518,0.862770,-1.927927,3.791771,3.570162,1.602112,2.731381,0.023047,2.630030,-1.940167,0.682440,5.584881,-1.690509,0.066765,-1.271485,3.218207,0.246182,6.402420,2.530300,-6.376510,5.584881,0.097293,0.1
27,0.274939814262474,0.0849223410494178,0.2206294818356601,68,61,0.06496328990472147,True,-3.218693,-5.236692,1.059383,1.266959,0.652563,5.322035,-2.979970,2.682914,2.774384,-1.436844,1.507746,-1.591194,-6.430855,1.366584,0.235383,-1.070968,0.687848,-0.047968,-1.690932,0.674711,-0.960693,1.902580,-0.609247,-0.524393,0.748839,-1.040384,5.171199,1.054736,1.501622,-3.354638,3.440101,3.527236,4.283780,-1.039523,-1.089179,1.203079,0.242820,6.872391,2.621525,-6.430855,5.322035,0.092625,0.1
444,0.5336842081747774,0.09988661644427962,0.23705903310931536,11,24,0.007054648369392768,True,-0.114518,-6.930153,4.240273,2.179382,3.314587,0.619337,-1.418376,3.664033,-2.529212,-2.043400,1.982255,-1.154362,-3.297585,-2.008525,1.483989,-1.550155,-1.515095,3.607710,-1.114503,-0.804132,-0.721158,-1.510117,-4.063531,3.507053,3.384177,2.263955,2.138005,1.696782,1.325540,-3.410612,4.495373,6.174198,-3.659715,0.124838,-1.535872,1.757616,0.238280,8.408470,2.899736,-6.930153,6.174198,0.082173,0.1
14,0.9140471987919823,0.08714605901877177,0.32360534514939043,187,66,0.06334037565104235,True,2.941271,-6.167120,1.002620,1.000049,1.717540,2.787903,-3.184266,5.421979,1.330572,-2.150273,0.953056,-0.963631,-2.671803,0.003144,1.394123,1.117367,0.184451,-0.043167,-4.902926,-0.115842,-1.502809,1.394607,-2.003408,1.100440,-3.459613,-0.194382,7.891941,-1.804700,1.319628,-2.572897,3.069633,2.597628,4.944610,-1.203678,-1.109700,0.390978,0.236481,7.953546,2.820203,-6.167120,7.891941,0.083853,0.1
470,0.810310108764346,0.060260931045343205,0.2223212715198286,8,19,0.021093881774066073,True,1.036936,-11.810604,4.009939,1.866680,2.966096,1.274259,-2.195417,3.279157,-2.574925,-2.465034,0.254769,-3.974247,-2.193751,-0.022753,5.043803,-1.424835,-1.634409,3.907395,-0.048966,0.954540,-1.339111,0.347867,-3.340312,4.923016,2.911669,0.374847,4.427627,2.034108,0.618778,-3.667927,-0.609946,5.313536,0.339271,-0.578506,-3.162448,3.583433,0.234015,11.407322,3.377473,-11.810604,5.313536,0.069287,0.1
98,0.6779174557884162,0.07461797295959552,0.08522780054137152,200,44,0.01008925117487882,True,3.036196,-6.982688,0.712835,0.566824,1.981188,3.094238,-2.525398,5.396620,1.272219,-2.119855,0.163598,-0.622966,-1.870683,1.388730,0.823574,0.574280,0.897864,-0.009130,-5.409047,-2.052530,-1.448583,0.316784,-1.062528,1.830526,-2.322463,-0.318503,8.520130,-2.198906,1.817734,-2.515000,1.681833,2.813264,5.184293,-1.333341,-0.656833,-0.474535,0.226382,8.356770,2.890808,-6.982688,8.520130,0.078311,0.1
194,0.8000942007814976,0.08496348902204591,0.21094854383057057,13,18,0.018350749016561117,True,0.838349,-8.017005,1.617759,2.070744,2.428735,2.353547,-3.024684,4.890577,-0.737951,-1.085033,1.345446,-2.461314,-1.967557,-1.140137,-2.514990,-1.532990,0.732207,2.614573,-1.607562,0.888499,-0.971757,-5.066666,-2.516900,3.665115,2.137446,0.206675,3.812270,1.411832,1.860678,-0.775046,0.983988,6.619282,-0.821427,0.109210,-0.851401,2.641058,0.225988,7.813788,2.795315,-8.017005,6.619282,0.080845,0.1
285,0.7859229489135301,0.08592872395580124,0.26394331349054706,10,18,0.006076618189718996,True,2.812982,-10.201812,1.764592,2.311300,0.860845,1.388677,-2.135349,3.467257,-1.469660,-2.108371,1.267196,-2.543830,-2.473688,-1.552047,3.512881,-1.910942,0.406896,2.520925,-0.665373,0.323292,-1.913161,1.394909,-1.610086,3.436533,1.501844,1.162261,3.910221,2.961469,1.433407,-2.166068,0.579385,6.525116,-3.483200,0.172508,-2.046925,0.683025,0.225472,8.522551,2.919341,-10.201812,6.525116,0.077234,0.1
257,0.5283129967099469,0.09507436426147,0.21723877851673853,13,28,0.0143244096659243,True,-2.051827,-6.376981,1.228347,2.311569,2.945951,2.046890,-1.913145,3.411763,-2.481754,-1.278356,1.982255,-1.309731,-2.311413,-1.259439,-3.961342,-0.906447,-1.331872,2.910857,-1.096102,0.118640,-0.052397,0.862770,-1.992606,3.550146,3.580148,1.636542,2.742748,0.068822,2.581667,-2.038492,0.675291,5.644303,-1.752127,0.056953,-1.234396,3.096340,0.225099,6.402255,2.530268,-6.376981,5.644303,0.088963,0.1
13,0.43180116233101445,0.07555511385430487,0.09673277235240264,182,22,0.04103829230356298,True,2.975756,-6.429249,0.798450,1.332579,1.974512,3.342459,-3.259645,6.067014,0.681225,-2.136800,0.668590,-0.178636,-2.322382,-0.281131,0.969067,0.205533,-0.569089,-0.629767,-5.104778,-0.822645,-1.054771,1.623038,-0.953976,0.431886,-3.989724,-0.066879,9.380373,-2.597624,1.936001,-2.258603,3.034773,2.429766,4.623527,-1.335386,-0.266070,-0.416689,0.216686,9.020263,3.003375,-6.429249,9.380373,0.072148,0.1
440,0.446770861374158,0.09331215261506054,0.2291872916916974,194,19,0.005170104135723932,True,2.990445,-6.687785,1.013882,0.851082,1.914215,3.141886,-2.868128,5.629731,1.466442,-2.328618,0.312242,-1.128564,-2.678296,1.085669,0.678165,0.180833,1.436840,-0.026300,-4.961112,-1.264877,-1.057777,1.032366,-2.225383,0.868576,-3.405640,0.215139,8.598993,-1.968332,1.471162,-2.603149,2.447229,2.726330,5.128889,-1.154374,-1.092686,-0.014181,0.214581,8.623823,2.936635,-6.687785,8.598993,0.073070,0.1
429,0.5298942422544441,0.09685702829398422,0.21786363670785525,13,26,0.0027288480798534948,False,-1.905973,-6.323707,1.374972,2.296561,2.984396,2.046399,-1.951016,3.399630,-2.487801,-1.422757,1.982255,-1.457509,-2.403394,-1.393472,-3.968596,-0.858412,-1.180358,2.916102,-1.094348,0.039541,-0.121692,0.862770,-2.157127,3.106979,3.463971,1.704068,2.827757,0.174753,2.446813,-2.194929,0.835576,5.745576,-1.448789,0.038035,-1.178324,2.987051,0.213472,6.345529,2.519033,-6.323707,5.745576,0.084744,0.1
360,0.5362880696508465,0.09812328370669818,0.2211916402715398,10,41,0.021657379175096882,True,0.416480,-4.464995,0.501350,2.725896,2.844722,0.619337,-1.146975,3.510421,-2.588371,-2.235192,1.982255,-2.484948,-3.219828,-1.477285,1.007317,-1.320625,-1.338205,3.183687,-1.087310,-0.658222,-0.854930,-1.546948,-1.769552,4.799147,3.091725,1.412541,2.739671,1.492309,1.731431,-3.428097,3.890660,4.991788,-5.384072,0.073878,-2.044745,3.603516,0.210218,7.157275,2.675308,-5.384072,4.991788,0.078577,0.1
489,0.22530724795918042,0.09840753924608313,0.23545485000083946,13,42,0.012589259556810527,True,-2.039509,-6.411306,0.653429,2.261895,2.940356,2.032305,-1.920690,3.413887,-2.424589,-1.220014,1.982255,-1.350847,-2.207926,-1.225937,-3.860095,-0.899918,-1.288750,2.926307,-1.131584,0.052049,-0.068413,0.862770,-1.974601,3.381863,3.659829,1.607024,2.800070,0.071875,2.578296,-2.179645,0.701454,5.633127,-1.691476,0.023343,-1.285375,3.010780,0.205895,6.320754,2.514111,-6.411306,5.633127,0.081896,0.1
496,0.5513952604565321,0.09838962742163211,0.2242140650184197,13,38,0.012683168666223585,True,-2.101657,-6.422443,0.651498,2.273871,2.962035,2.041376,-1.912680,3.399490,-2.470882,-1.210727,1.982255,-1.320095,-2.218010,-1.234888,-3.919300,-0.926228,-1.330316,2.945302,-1.104818,0.025407,-0.051846,0.862770,-1.965880,3.398179,3.688313,1.612865,2.780534,0.062712,2.596322,-2.160855,0.685183,5.652691,-1.788204,0.038835,-1.257452,2.994958,0.201620,6.377332,2.525338,-6.422443,5.652691,0.079839,0.1
424,0.5468315466211601,0.09570432346757299,0.20095959160629925,13,21,0.008316235337906635,False,-2.074059,-6.379950,1.355067,2.317947,2.986219,2.039591,-1.939340,3.365276,-2.562167,-1.373952,1.968184,-1.383166,-2.414015,-1.375663,-4.059429,-0.946961,-1.375276,2.926445,-1.069482,0.031636,-0.076867,0.849423,-2.100822,3.325608,3.536803,1.679736,2.717790,0.092941,2.513363,-2.113607,0.670942,5.709097,-1.856736,0.055184,-1.185201,2.988199,0.190077,6.472902,2.544190,-6.379950,5.709097,0.074710,0.1
420,0.49700652299894527,0.09796176788131888,0.18306493718532066,96,20,0.0627893467000425,False,-2.150461,-5.958039,1.265961,2.567887,1.111557,2.598358,-3.721458,4.555209,2.400404,-1.799006,1.277674,-2.459996,-5.251555,0.424989,-1.835186,-1.031409,2.078913,-0.104199,-2.438669,-1.660462,-1.444835,0.983773,0.444743,1.127413,0.584640,-1.653800,5.631505,0.257578,2.302433,-3.612621,5.108423,3.042270,5.042397,-0.763191,-0.330856,-0.055473,0.181525,7.738159,2.781755,-5.958039,5.631505,0.065256,0.1
75,0.7826293272416495,0.08947408076153193,0.07669214730993057,9,20,0.01040274765929112,True,0.653392,-5.578575,0.006866,2.853331,2.607070,0.994390,-1.310977,3.406691,-3.073290,-5.396279,1.795764,-3.037061,-1.337032,-0.492717,3.048414,-1.846544,-0.703889,4.861637,0.013283,-0.242766,-0.779830,-1.209043,-3.823301,3.882604,3.175448,0.345599,3.494624,3.063548,2.311196,-4.095389,-0.778155,6.219361,-3.779977,-0.753424,-1.403759,3.135624,0.172968,8.607983,2.933936,-5.578575,6.219361,0.058954,0.1
483,0.49844623350147854,0.09372435354257276,0.2539459360178866,10,39,0.01587954725921152,True,0.708812,-5.382079,4.215336,2.649322,2.728539,0.619337,-1.272942,3.591767,-2.464813,-2.236078,1.982255,-2.656210,-3.206134,-1.554549,1.343518,-1.118706,-1.421475,2.818926,-1.086782,-0.421970,-0.805800,-1.470011,-1.796746,4.435757,2.919251,1.564071,2.830405,1.491621,1.696625,-3.423630,-0.489209,5.385058,-4.937258,-0.002066,-2.243633,2.457631,0.151337,7.175094,2.678637,-5.382079,5.385058,0.056498,0.1
342,0.8249231667994693,0.08620337494576111,0.2304681304069564,13,72,0.0035873310567446247,True,-1.445212,-5.997391,2.501711,2.392511,2.868313,2.036357,-1.990705,3.470253,-1.991007,-1.606284,1.982255,-1.953617,-2.630985,-1.469754,-3.562020,-0.721422,-0.979303,2.760296,-1.114543,0.339282,-0.146553,-4.784180,-2.281314,3.377187,2.976434,1.694547,2.814020,0.239567,2.313439,-2.000758,1.122840,5.658805,-0.748693,0.045466,-1.284760,3.204495,0.141369,6.816081,2.610762,-5.997391,5.658805,0.054148,0.1
338,0.7534374163058826,0.08916186914841977,0.21129886565290917,10,58,0.014282589284696038,False,0.753090,-5.867016,4.275993,2.713232,2.745121,0.619337,-1.277690,3.568408,-2.624609,-2.285210,1.982255,-2.510011,-3.312784,-1.684911,1.487336,-1.140405,-1.577454,2.656191,-0.938094,-0.385584,-0.746359,-1.384014,-1.761023,4.511756,2.908361,1.668751,2.768713,1.557749,1.694295,-3.390502,-0.796955,5.586474,-5.243841,0.027353,-2.247538,1.954792,0.119589,7.499731,2.738564,-5.867016,5.586474,0.043669,0.1
414,0.47312992215549715,0.09574426194293437,0.20509505919383073,10,21,0.011410413570731763,True,0.563472,-5.408658,4.282703,2.715186,2.796976,0.605103,-1.259035,3.488957,-2.658104,-2.257156,1.972641,-2.533056,-3.292055,-1.682234,1.234184,-1.251312,-1.609660,2.909432,-0.950301,-0.625898,-0.779155,-1.598748,-1.773453,4.188791,3.038459,1.647700,2.719877,1.450637,1.714034,-3.431406,-0.728100,5.512045,-5.519830,0.039112,-2.114123,2.089945,0.097138,7.391530,2.718737,-5.519830,5.512045,0.035729,0.1
435,0.4851163294274374,0.09357585645295197,0.1961988721774437,13,27,0.01560848021047638,True,-2.130642,-6.370169,1.451640,2.353904,2.971163,2.063004,-1.898150,3.394310,-2.561647,-1.297594,1.982255,-1.308232,-2.363481,-1.278838,-4.070981,-0.942363,-1.399311,2.925233,-1.049754,0.119741,-0.018005,-4.930481,-1.983250,3.660123,3.580930,1.652295,2.686786,0.052359,2.609705,-1.952585,0.646364,5.663244,-1.889687,0.090811,-1.182810,3.121707,0.066600,7.236188,2.690016,-6.370169,5.663244,0.024758,0.1
350,0.5116096350175091,0.0904397324246715,0.07385377206211141,13,39,0.02074230934649925,True,-2.720809,-6.424226,1.887153,2.518013,3.147807,2.142750,-1.796178,3.265635,-3.014541,-1.271133,1.982255,-1.083188,-2.504788,-1.342897,-4.647422,-1.188832,-1.773496,3.065065,-0.772369,-0.021788,0.170182,-5.399319,-1.866193,4.091657,3.768294,1.692686,2.448822,-0.070106,2.808018,-1.615879,0.501680,5.790919,-2.800527,0.272229,-0.911483,3.130006,0.040500,8.063970,2.839713,-6.424226,5.790919,0.014262,0.1
403,0.8334572005390022,0.08776651465226919,0.26435114993018566,13,19,0.019686461236282805,True,-0.475637,-8.622322,1.221092,1.760258,2.648260,2.417049,-2.311775,3.512390,-1.994057,-2.340031,1.747041,-2.426287,-2.090051,-2.291232,-2.832830,-2.504988,0.350426,2.855417,-1.079571,1.135920,-0.448940,-4.506947,-2.448798,3.719850,3.074857,0.167999,3.520355,0.710603,2.224453,-1.731619,1.177623,6.369348,-0.371897,0.618125,-1.867832,2.500414,0.038518,8.159330,2.856454,-8.622322,6.369348,0.013485,0.1
