trial,blend_rate,borrow_penalty,equal_weight_blend,floor_ann_vol,momentum_lookback,rebalance_freq,spike_multiplier,spread_penalty,vol_lookback_days,zero_negative,Month_0,Month_1,Month_2,Month_3,Month_4,Month_5,Month_6,Month_7,Month_8,Month_9,Month_10,Month_11,Month_12,Month_13,Month_14,Month_15,Month_16,Month_17,Month_18,Month_19,Month_20,Month_21,Month_22,Month_23,Month_24,Month_25,Month_26,Month_27,Month_28,Month_29,Month_30,Month_31,Month_32,Month_33,Month_34,Month_35,Mean_Sharpe,Var_Sharpe,Std_Sharpe,Min_Sharpe,Max_Sharpe,Objective_Value,Duration_s
221,0.8117869260735088,0.7114336513595851,0.021031466728150785,0.16504474673050243,52,58,1.3330957364872247,0.6657104770073963,13,False,2.499707,-4.306618,0.501350,0.890414,1.072568,0.619337,3.936415,4.153142,2.766910,-1.614631,1.982255,-3.191358,-1.009864,-0.357872,2.389245,1.980990,2.861171,1.120364,-0.707021,2.224802,-1.248130,0.862770,-2.316704,1.815518,0.879711,0.395671,3.777184,0.634215,3.040625,-3.428097,3.890660,3.337861,5.614684,-1.189512,-3.104652,4.156654,0.970271,5.999209,2.449328,-4.306618,5.614684,0.396138,0.2
378,0.7899132187034426,0.729713719099054,0.008766489773347663,0.15979741920941334,52,36,1.2719311657889938,0.6672588012020861,17,False,2.499707,-4.306618,0.501350,0.890414,1.072568,0.619337,3.504167,4.153142,2.766910,-1.614631,1.982255,-3.191358,-1.009864,-0.357872,2.389245,1.980990,2.861171,1.120364,-0.688207,2.224802,-1.248130,0.862770,-2.316704,1.815518,0.879711,0.395671,3.777184,0.634215,3.049066,-3.428097,3.890660,3.337861,5.614684,-1.189512,-3.104652,4.156654,0.959021,5.930361,2.435233,-4.306618,5.614684,0.393811,0.2
273,0.8304105902481145,0.6097401312124248,0.0344119676427252,0.15534475535698095,51,60,1.3456091780629713,0.7580778077957773,16,True,2.499707,-4.306618,0.501350,0.890414,1.072568,0.619337,3.242937,4.153142,2.766910,-1.614631,1.982255,-3.191358,-1.009864,-0.357872,2.389245,1.980990,2.861171,1.120364,-0.727913,2.224802,-1.248130,0.862770,-2.316704,1.815518,0.879711,0.395671,3.777184,0.634215,3.031112,-3.428097,3.890660,3.337861,5.614684,-1.189512,-3.104652,4.156654,0.950163,5.895885,2.428144,-4.306618,5.614684,0.391313,0.2
493,0.8491561774996551,0.6805991337356121,0.026537083264566913,0.15165624929975657,53,15,1.36516908195784,0.6998988384197514,18,False,2.499707,-4.306618,0.501350,0.890414,1.072568,0.619337,3.657409,4.153142,2.766910,-1.614631,1.982255,-3.191358,-1.009864,-0.357872,2.389245,1.980990,2.861171,1.120364,-0.158219,2.224802,-1.248130,0.862770,-2.316704,1.815518,0.879711,0.395671,3.777184,0.634215,0.782670,-3.428097,3.890660,3.337861,5.614684,-1.189512,-3.104652,4.156654,0.915044,5.785549,2.405317,-4.306618,5.614684,0.380426,0.2
364,0.8688705866497058,0.6759087350076284,0.012290897423814163,0.17114383806398015,53,59,1.3118105253270647,0.7468119336205368,14,False,2.499707,-4.306618,0.501350,0.890414,1.072568,0.619337,3.959311,4.153142,2.766910,-1.614631,1.982255,-3.191358,-1.009864,-0.357872,2.389245,1.980990,2.861171,1.120364,-0.693581,2.224802,-1.248130,0.862770,-2.316704,1.815518,0.879711,0.395671,3.777184,0.634215,0.782670,-3.428097,3.890660,3.337861,5.614684,-1.189512,-3.104652,4.156654,0.908559,5.876443,2.424137,-4.306618,5.614684,0.374797,0.2
223,0.786749778945244,0.6964194131766108,0.026239096020765514,0.1648947856147141,53,58,1.3381083967508942,0.6966005537567123,13,False,2.499707,-4.306618,0.501350,0.890414,1.072568,0.619337,3.922594,4.153142,2.766910,-1.614631,1.982255,-3.191358,-1.009864,-0.357872,2.389245,1.980990,2.861171,1.120364,-0.715106,2.224802,-1.248130,0.862770,-2.316704,1.815518,0.879711,0.395671,3.777184,0.634215,0.782670,-3.428097,3.890660,3.337861,5.614684,-1.189512,-3.104652,4.156654,0.906942,5.872061,2.423234,-4.306618,5.614684,0.374269,0.2
231,0.8523812559157249,0.7007498151239173,0.02884258505900481,0.16417137374440088,55,60,1.3445335242171073,0.743543133917492,13,False,2.499707,-4.306618,0.501350,0.890414,1.072568,0.619337,3.887964,4.153142,2.766910,-1.614631,1.982255,-3.191358,-1.009864,-0.357872,2.389245,1.980990,2.861171,1.120364,-0.719170,2.224802,-1.248130,0.862770,-2.316704,1.815518,0.879711,0.395671,3.777184,0.634215,0.782670,-3.428097,3.890660,3.337861,5.614684,-1.189512,-3.104652,4.156654,0.905867,5.866504,2.422087,-4.306618,5.614684,0.374003,0.2
224,0.8257115286171002,0.7044672148355233,0.02890509675781633,0.1619302554082258,53,58,1.341657035923459,0.7088327028746872,13,False,2.499707,-4.306618,0.501350,0.890414,1.072568,0.619337,3.887798,4.153142,2.766910,-1.614631,1.982255,-3.191358,-1.009864,-0.357872,2.389245,1.980990,2.861171,1.120364,-0.719268,2.224802,-1.248130,0.862770,-2.316704,1.815518,0.879711,0.395671,3.777184,0.634215,0.782670,-3.428097,3.890660,3.337861,5.614684,-1.189512,-3.104652,4.156654,0.905859,5.866485,2.422083,-4.306618,5.614684,0.374000,0.2
481,0.801336580874972,0.6345411245356234,0.015825840252370847,0.15632096327962025,54,59,1.3553589701177955,0.8507546708933632,13,False,2.499707,-4.306618,0.501350,0.890414,1.072568,0.619337,3.479785,4.153142,2.766910,-1.614631,1.982255,-3.191358,-1.009864,-0.357872,2.389245,1.980990,2.861171,1.120364,-0.698997,2.224802,-1.248130,0.862770,-2.316704,1.815518,0.879711,0.395671,3.777184,0.634215,0.782670,-3.428097,3.890660,3.337861,5.614684,-1.189512,-3.104652,4.156654,0.895089,5.799727,2.408262,-4.306618,5.614684,0.371674,0.2
230,0.7906213212643642,0.7174616235745351,0.03024600814274543,0.16506564473105845,55,60,1.347704329965572,0.7405880227861236,13,False,2.499707,-4.306618,0.501350,0.890414,1.072568,0.619337,3.429102,4.153142,2.766910,-1.614631,1.982255,-3.191358,-1.009864,-0.357872,2.389245,1.980990,2.861171,1.120364,-0.721367,2.224802,-1.248130,0.862770,-2.316704,1.815518,0.879711,0.395671,3.777184,0.634215,0.782670,-3.428097,3.890660,3.337861,5.614684,-1.189512,-3.104652,4.156654,0.893060,5.794363,2.407148,-4.306618,5.614684,0.371003,0.2
432,0.9008287633829052,0.6618037625963097,0.001642439960878715,0.1786338521173989,56,57,1.3603347583440344,0.8156452555004906,17,False,2.499707,-4.306618,0.501350,0.890414,1.072568,0.619337,3.344108,4.153142,2.766910,-1.614631,1.982255,-3.191358,-1.009864,-0.357872,2.389245,1.980990,2.861171,1.120364,-0.677425,2.224802,-1.248130,0.862770,-2.316704,1.815518,0.879711,0.395671,3.777184,0.634215,0.782670,-3.428097,3.890660,3.337861,5.614684,-1.189512,-3.104652,4.156654,0.891919,5.778252,2.403800,-4.306618,5.614684,0.371046,0.2
374,0.8022929597745536,0.6754397100343197,0.00743826578586303,0.1682580130603627,53,60,1.4048725451289625,0.7324457553535513,16,False,2.499707,-4.306618,0.501350,0.890414,1.072568,0.619337,3.326618,4.153142,2.766910,-1.614631,1.982255,-3.191358,-1.009864,-0.357872,2.389245,1.980990,2.861171,1.120364,-0.686189,2.224802,-1.248130,0.862770,-2.316704,1.815518,0.879711,0.395671,3.777184,0.634215,0.782670,-3.428097,3.890660,3.337861,5.614684,-1.189512,-3.104652,4.156654,0.891190,5.776598,2.403455,-4.306618,5.614684,0.370795,0.2
376,0.7766122196411539,0.7282818449633635,0.008043039210331804,0.16669402181318188,54,60,1.2973572645888332,0.7262836504925506,16,False,2.499707,-4.306618,0.501350,0.890414,1.072568,0.619337,3.324783,4.153142,2.766910,-1.614631,1.982255,-3.191358,-1.009864,-0.357872,2.389245,1.980990,2.861171,1.120364,-0.687107,2.224802,-1.248130,0.862770,-2.316704,1.815518,0.879711,0.395671,3.777184,0.634215,0.782670,-3.428097,3.890660,3.337861,5.614684,-1.189512,-3.104652,4.156654,0.891114,5.776425,2.403419,-4.306618,5.614684,0.370769,0.2
303,0.9079844142284019,0.7409969250999222,0.014525201596611644,0.15963405690383076,55,60,1.3678961230496114,0.6900316290220195,16,True,2.499707,-4.306618,0.501350,0.890414,1.072568,0.619337,3.304998,4.153142,2.766910,-1.614631,1.982255,-3.191358,-1.009864,-0.357872,2.389245,1.980990,2.861171,1.120364,-0.697001,2.224802,-1.248130,0.862770,-2.316704,1.815518,0.879711,0.395671,3.777184,0.634215,0.782670,-3.428097,3.890660,3.337861,5.614684,-1.189512,-3.104652,4.156654,0.890289,5.774579,2.403035,-4.306618,5.614684,0.370485,0.2
458,0.8079523069479247,0.6703012343794873,0.016961015150577727,0.16535442640300302,54,57,1.3739198232657255,0.7471498813441109,14,False,2.499707,-4.306618,0.501350,0.890414,1.072568,0.619337,3.297507,4.153142,2.766910,-1.614631,1.982255,-3.191358,-1.009864,-0.357872,2.389245,1.980990,2.861171,1.120364,-0.700742,2.224802,-1.248130,0.862770,-2.316704,1.815518,0.879711,0.395671,3.777184,0.634215,0.782670,-3.428097,3.890660,3.337861,5.614684,-1.189512,-3.104652,4.156654,0.889977,5.773887,2.402891,-4.306618,5.614684,0.370378,0.2
461,0.7624729434442628,0.7209229293566866,0.018213202867609517,0.1635837741206802,56,57,1.3709227400171429,0.7789069919192378,14,False,2.499707,-4.306618,0.501350,0.890414,1.072568,0.619337,3.293645,4.153142,2.766910,-1.614631,1.982255,-3.191358,-1.009864,-0.357872,2.389245,1.980990,2.861171,1.120364,-0.702670,2.224802,-1.248130,0.862770,-2.316704,1.815518,0.879711,0.395671,3.777184,0.634215,0.782670,-3.428097,3.890660,3.337861,5.614684,-1.189512,-3.104652,4.156654,0.889816,5.773531,2.402817,-4.306618,5.614684,0.370322,0.2
487,0.8141853469322211,0.6614677911612217,0.01952261214821683,0.1587795929183789,53,59,1.335073178119693,0.8174795549921742,18,False,2.499707,-4.306618,0.501350,0.890414,1.072568,0.619337,3.289597,4.153142,2.766910,-1.614631,1.982255,-3.191358,-1.009864,-0.357872,2.389245,1.980990,2.861171,1.120364,-0.704689,2.224802,-1.248130,0.862770,-2.316704,1.815518,0.879711,0.395671,3.777184,0.634215,0.782670,-3.428097,3.890660,3.337861,5.614684,-1.189512,-3.104652,4.156654,0.889648,5.773160,2.402740,-4.306618,5.614684,0.370264,0.2
234,0.8825014428766612,0.7132492885699991,0.027101241232122947,0.16748295857401954,56,60,1.348588236158986,0.7408185575700759,14,False,2.499707,-4.306618,0.501350,0.890414,1.072568,0.619337,3.265993,4.153142,2.766910,-1.614631,1.982255,-3.191358,-1.009864,-0.357872,2.389245,1.980990,2.861171,1.120364,-0.716450,2.224802,-1.248130,0.862770,-2.316704,1.815518,0.879711,0.395671,3.777184,0.634215,0.782670,-3.428097,3.890660,3.337861,5.614684,-1.189512,-3.104652,4.156654,0.888665,5.771013,2.402293,-4.306618,5.614684,0.369924,0.2
225,0.814995271944367,0.7055305925293552,0.02774861021381018,0.1647658668252377,53,60,1.3411065501464234,0.7126759432950541,14,False,2.499707,-4.306618,0.501350,0.890414,1.072568,0.619337,3.263963,4.153142,2.766910,-1.614631,1.982255,-3.191358,-1.009864,-0.357872,2.389245,1.980990,2.861171,1.120364,-0.717461,2.224802,-1.248130,0.862770,-2.316704,1.815518,0.879711,0.395671,3.777184,0.634215,0.782670,-3.428097,3.890660,3.337861,5.614684,-1.189512,-3.104652,4.156654,0.888581,5.770830,2.402255,-4.306618,5.614684,0.369894,0.2
251,0.8278319945106293,0.6522125721407241,0.028307618784982315,0.16430909280107064,54,59,1.357431752098657,0.8126175921928621,15,False,2.499707,-4.306618,0.501350,0.890414,1.072568,0.619337,3.262208,4.153142,2.766910,-1.614631,1.982255,-3.191358,-1.009864,-0.357872,2.389245,1.980990,2.861171,1.120364,-0.718334,2.224802,-1.248130,0.862770,-2.316704,1.815518,0.879711,0.395671,3.777184,0.634215,0.782670,-3.428097,3.890660,3.337861,5.614684,-1.189512,-3.104652,4.156654,0.888508,5.770672,2.402222,-4.306618,5.614684,0.369869,0.2
279,0.8789506858884736,0.7053700979121551,0.029630477343446735,0.17255395984462696,55,60,1.4139888130009175,0.8462217762996511,16,True,2.499707,-4.306618,0.501350,0.890414,1.072568,0.619337,3.258048,4.153142,2.766910,-1.614631,1.982255,-3.191358,-1.009864,-0.357872,2.389245,1.980990,2.861171,1.120364,-0.720403,2.224802,-1.248130,0.862770,-2.316704,1.815518,0.879711,0.395671,3.777184,0.634215,0.782670,-3.428097,3.890660,3.337861,5.614684,-1.189512,-3.104652,4.156654,0.888335,5.770298,2.402145,-4.306618,5.614684,0.369809,0.2
233,0.8728029514334622,0.7233963420397631,0.029790448305345295,0.16644973176646977,56,60,1.3512984081005235,0.7449019069566424,14,False,2.499707,-4.306618,0.501350,0.890414,1.072568,0.619337,3.257545,4.153142,2.766910,-1.614631,1.982255,-3.191358,-1.009864,-0.357872,2.389245,1.980990,2.861171,1.120364,-0.720653,2.224802,-1.248130,0.862770,-2.316704,1.815518,0.879711,0.395671,3.777184,0.634215,0.782670,-3.428097,3.890660,3.337861,5.614684,-1.189512,-3.104652,4.156654,0.888314,5.770253,2.402135,-4.306618,5.614684,0.369802,0.2
232,0.8890927082232712,0.7376895797524606,0.03002142321882579,0.16802665196915637,56,60,1.3566657223639975,0.7394147233932564,13,False,2.499707,-4.306618,0.501350,0.890414,1.072568,0.619337,3.256817,4.153142,2.766910,-1.614631,1.982255,-3.191358,-1.009864,-0.357872,2.389245,1.980990,2.861171,1.120364,-0.721015,2.224802,-1.248130,0.862770,-2.316704,1.815518,0.879711,0.395671,3.777184,0.634215,0.782670,-3.428097,3.890660,3.337861,5.614684,-1.189512,-3.104652,4.156654,0.888284,5.770188,2.402122,-4.306618,5.614684,0.369791,0.2
243,0.8089847203014351,0.7643534621107916,0.03203584238087763,0.16992202831218317,55,59,1.3474978616734457,0.7507682579459946,14,False,2.499707,-4.306618,0.501350,0.890414,1.072568,0.619337,3.250462,4.153142,2.766910,-1.614631,1.982255,-3.191358,-1.009864,-0.357872,2.389245,1.980990,2.861171,1.120364,-0.724175,2.224802,-1.248130,0.862770,-2.316704,1.815518,0.879711,0.395671,3.777184,0.634215,0.782670,-3.428097,3.890660,3.337861,5.614684,-1.189512,-3.104652,4.156654,0.888019,5.769620,2.402003,-4.306618,5.614684,0.369699,0.2
236,0.8816134402539428,0.7689005581785211,0.033004365590613795,0.1592902458259333,55,60,1.3434011296687647,0.744131758919621,14,False,2.499707,-4.306618,0.501350,0.890414,1.072568,0.619337,3.247398,4.153142,2.766910,-1.614631,1.982255,-3.191358,-1.009864,-0.357872,2.389245,1.980990,2.861171,1.120364,-0.725697,2.224802,-1.248130,0.862770,-2.316704,1.815518,0.879711,0.395671,3.777184,0.634215,0.782670,-3.428097,3.890660,3.337861,5.614684,-1.189512,-3.104652,4.156654,0.887892,5.769347,2.401946,-4.306618,5.614684,0.369655,0.2
269,0.9244310564825969,0.6690966821788545,0.03400888619121656,0.15687393569899777,55,58,1.3600000307734659,0.7881218102576335,16,True,2.499707,-4.306618,0.501350,0.890414,1.072568,0.619337,3.244216,4.153142,2.766910,-1.614631,1.982255,-3.191358,-1.009864,-0.357872,2.389245,1.980990,2.861171,1.120364,-0.727278,2.224802,-1.248130,0.862770,-2.316704,1.815518,0.879711,0.395671,3.777184,0.634215,0.782670,-3.428097,3.890660,3.337861,5.614684,-1.189512,-3.104652,4.156654,0.887760,5.769064,2.401888,-4.306618,5.614684,0.369609,0.2
247,0.8239228563874853,0.6608170724357826,0.035067837262942984,0.16259063882671354,54,59,1.3540074076547366,0.8035270875958713,15,False,2.499707,-4.306618,0.501350,0.890414,1.072568,0.619337,3.240855,4.153142,2.766910,-1.614631,1.982255,-3.191358,-1.009864,-0.357872,2.389245,1.980990,2.861171,1.120364,-0.728947,2.224802,-1.248130,0.862770,-2.316704,1.815518,0.879711,0.395671,3.777184,0.634215,0.782670,-3.428097,3.890660,3.337861,5.614684,-1.189512,-3.104652,4.156654,0.887620,5.768765,2.401825,-4.306618,5.614684,0.369561,0.2
248,0.831377491293358,0.6660228687062868,0.03693618147407359,0.16330355696881355,53,59,1.3506847661976562,0.8013280053531648,14,False,2.499707,-4.306618,0.501350,0.890414,1.072568,0.619337,3.234911,4.153142,2.766910,-1.614631,1.982255,-3.191358,-1.009864,-0.357872,2.389245,1.980990,2.861171,1.120364,-0.731898,2.224802,-1.248130,0.862770,-2.316704,1.815518,0.879711,0.395671,3.777184,0.634215,0.782670,-3.428097,3.890660,3.337861,5.614684,-1.189512,-3.104652,4.156654,0.887373,5.768240,2.401716,-4.306618,5.614684,0.369475,0.2
333,0.7839748285971772,0.8110482352655447,0.0371877276635842,0.16659599401754968,56,57,1.3436385900837957,0.6414185935229004,15,True,2.499707,-4.306618,0.501350,0.890414,1.072568,0.619337,3.234109,4.153142,2.766910,-1.614631,1.982255,-3.191358,-1.009864,-0.357872,2.389245,1.980990,2.861171,1.120364,-0.732296,2.224802,-1.248130,0.862770,-2.316704,1.815518,0.879711,0.395671,3.777184,0.634215,0.782670,-3.428097,3.890660,3.337861,5.614684,-1.189512,-3.104652,4.156654,0.887340,5.768169,2.401701,-4.306618,5.614684,0.369463,0.2
250,0.8309866355211672,0.6598353084707446,0.03776302899891927,0.16472918213092516,54,59,1.3429252558017268,0.8253416034754906,15,False,2.499707,-4.306618,0.501350,0.890414,1.072568,0.619337,3.232274,4.153142,2.766910,-1.614631,1.982255,-3.191358,-1.009864,-0.357872,2.389245,1.980990,2.861171,1.120364,-0.733206,2.224802,-1.248130,0.862770,-2.316704,1.815518,0.879711,0.395671,3.777184,0.634215,0.782670,-3.428097,3.890660,3.337861,5.614684,-1.189512,-3.104652,4.156654,0.887263,5.768008,2.401668,-4.306618,5.614684,0.369436,0.2
263,0.8450059281655345,0.6553731029208073,0.03802415107733754,0.17141049620404933,55,59,1.363964289106359,0.8188092353349931,15,True,2.499707,-4.306618,0.501350,0.890414,1.072568,0.619337,3.231441,4.153142,2.766910,-1.614631,1.982255,-3.191358,-1.009864,-0.357872,2.389245,1.980990,2.861171,1.120364,-0.733620,2.224802,-1.248130,0.862770,-2.316704,1.815518,0.879711,0.395671,3.777184,0.634215,0.782670,-3.428097,3.890660,3.337861,5.614684,-1.189512,-3.104652,4.156654,0.887229,5.767934,2.401652,-4.306618,5.614684,0.369424,0.2
264,0.8361297233033065,0.6597388105837431,0.038087789262760546,0.17164974106603367,55,60,1.4013086158615518,0.8179810674168845,15,True,2.499707,-4.306618,0.501350,0.890414,1.072568,0.619337,3.231238,4.153142,2.766910,-1.614631,1.982255,-3.191358,-1.009864,-0.357872,2.389245,1.980990,2.861171,1.120364,-0.733720,2.224802,-1.248130,0.862770,-2.316704,1.815518,0.879711,0.395671,3.777184,0.634215,0.782670,-3.428097,3.890660,3.337861,5.614684,-1.189512,-3.104652,4.156654,0.887220,5.767916,2.401649,-4.306618,5.614684,0.369421,0.2
261,0.8370095101495055,0.6626705616916728,0.03945392867352919,0.17177737802997314,55,59,1.3606533593480419,0.8027559766542915,15,False,2.499707,-4.306618,0.501350,0.890414,1.072568,0.619337,3.226871,4.153142,2.766910,-1.614631,1.982255,-3.191358,-1.009864,-0.357872,2.389245,1.980990,2.861171,1.120364,-0.735886,2.224802,-1.248130,0.862770,-2.316704,1.815518,0.879711,0.395671,3.777184,0.634215,0.782670,-3.428097,3.890660,3.337861,5.614684,-1.189512,-3.104652,4.156654,0.887039,5.767533,2.401569,-4.306618,5.614684,0.369358,0.2
262,0.8294320665849957,0.6750343604580363,0.04016375657370747,0.17206581155770598,56,58,1.4019323988683934,0.801599603639814,15,True,2.499707,-4.306618,0.501350,0.890414,1.072568,0.619337,3.224598,4.153142,2.766910,-1.614631,1.982255,-3.191358,-1.009864,-0.357872,2.389245,1.980990,2.861171,1.120364,-0.737013,2.224802,-1.248130,0.862770,-2.316704,1.815518,0.879711,0.395671,3.777184,0.634215,0.782670,-3.428097,3.890660,3.337861,5.614684,-1.189512,-3.104652,4.156654,0.886944,5.767334,2.401527,-4.306618,5.614684,0.369325,0.2
241,0.8456945384911458,0.7163524182527253,0.04090531552589688,0.16261292807143327,55,60,1.3492049876165688,0.7070984493365879,14,False,2.499707,-4.306618,0.501350,0.890414,1.072568,0.619337,3.222221,4.153142,2.766910,-1.614631,1.982255,-3.191358,-1.009864,-0.357872,2.389245,1.980990,2.861171,1.120364,-0.738192,2.224802,-1.248130,0.862770,-2.316704,1.815518,0.879711,0.395671,3.777184,0.634215,0.782670,-3.428097,3.890660,3.337861,5.614684,-1.189512,-3.104652,4.156654,0.886846,5.767126,2.401484,-4.306618,5.614684,0.369291,0.2
272,0.8401551741324748,0.684547831777203,0.04122198483465762,0.16124438699209226,55,60,1.3432445237830737,0.7656123153681806,15,True,2.499707,-4.306618,0.501350,0.890414,1.072568,0.619337,3.221205,4.153142,2.766910,-1.614631,1.982255,-3.191358,-1.009864,-0.357872,2.389245,1.980990,2.861171,1.120364,-0.738696,2.224802,-1.248130,0.862770,-2.316704,1.815518,0.879711,0.395671,3.777184,0.634215,0.782670,-3.428097,3.890660,3.337861,5.614684,-1.189512,-3.104652,4.156654,0.886803,5.767037,2.401466,-4.306618,5.614684,0.369276,0.2
255,0.7999059043177581,0.6968486571958082,0.042271855621059944,0.16428860652481284,55,60,1.3537344557504565,0.8021522514718553,15,False,2.499707,-4.306618,0.501350,0.890414,1.072568,0.619337,3.217833,4.153142,2.766910,-1.614631,1.982255,-3.191358,-1.009864,-0.357872,2.389245,1.980990,2.861171,1.120364,-0.740367,2.224802,-1.248130,0.862770,-2.316704,1.815518,0.879711,0.395671,3.777184,0.634215,0.782670,-3.428097,3.890660,3.337861,5.614684,-1.189512,-3.104652,4.156654,0.886663,5.766743,2.401404,-4.306618,5.614684,0.369227,0.2
253,0.8284287225416692,0.6653377968331494,0.04350694878653113,0.1700241291461611,55,58,1.3874231212022632,0.8028761405559894,15,False,2.499707,-4.306618,0.501350,0.890414,1.072568,0.619337,3.213858,4.153142,2.766910,-1.614631,1.982255,-3.191358,-1.009864,-0.357872,2.389245,1.980990,2.861171,1.120364,-0.742336,2.224802,-1.248130,0.862770,-2.316704,1.815518,0.879711,0.395671,3.777184,0.634215,0.782670,-3.428097,3.890660,3.337861,5.614684,-1.189512,-3.104652,4.156654,0.886498,5.766397,2.401332,-4.306618,5.614684,0.369169,0.2
256,0.795696351714344,0.6827700116087432,0.044092517824605715,0.16511889404608274,55,60,1.3654526787474741,0.8151317980787784,15,False,2.499707,-4.306618,0.501350,0.890414,1.072568,0.619337,3.211970,4.153142,2.766910,-1.614631,1.982255,-3.191358,-1.009864,-0.357872,2.389245,1.980990,2.861171,1.120364,-0.743271,2.224802,-1.248130,0.862770,-2.316704,1.815518,0.879711,0.395671,3.777184,0.634215,0.782670,-3.428097,3.890660,3.337861,5.614684,-1.189512,-3.104652,4.156654,0.886420,5.766233,2.401298,-4.306618,5.614684,0.369142,0.2
259,0.8557915982699213,0.6899039209734011,0.048712091671501485,0.16438143615616532,55,59,1.3915250818397853,0.8178935009180571,15,False,2.499707,-4.306618,0.501350,0.890414,1.072568,0.619337,3.197015,4.153142,2.766910,-1.614631,1.982255,-3.191358,-1.009864,-0.357872,2.389245,1.980990,2.861171,1.120364,-0.750673,2.224802,-1.248130,0.862770,-2.316704,1.815518,0.879711,0.395671,3.777184,0.634215,0.782670,-3.428097,3.890660,3.337861,5.614684,-1.189512,-3.104652,4.156654,0.885799,5.764942,2.401029,-4.306618,5.614684,0.368925,0.2
318,0.7786702658922959,0.7107791535276851,0.04939485784471504,0.1542430579335627,54,57,1.4110043531159728,0.779313871814153,15,True,2.499707,-4.306618,0.501350,0.890414,1.072568,0.619337,3.194795,4.153142,2.766910,-1.614631,1.982255,-3.191358,-1.009864,-0.357872,2.389245,1.980990,2.861171,1.120364,-0.751771,2.224802,-1.248130,0.862770,-2.316704,1.815518,0.879711,0.395671,3.777184,0.634215,0.782670,-3.428097,3.890660,3.337861,5.614684,-1.189512,-3.104652,4.156654,0.885707,5.764752,2.400990,-4.306618,5.614684,0.368892,0.2
428,0.7885408862229368,0.7633560122316998,0.05470668966011773,0.16189805499435644,54,56,1.3736773634802213,0.6371876216701757,14,False,2.499707,-4.306618,0.501350,0.890414,1.072568,0.619337,3.177436,4.153142,2.766910,-1.614631,1.982255,-3.191358,-1.009864,-0.357872,2.389245,1.980990,2.861171,1.120364,-0.760349,2.224802,-1.248130,0.862770,-2.316704,1.815518,0.879711,0.395671,3.777184,0.634215,0.782670,-3.428097,3.890660,3.337861,5.614684,-1.189512,-3.104652,4.156654,0.884986,5.763274,2.400682,-4.306618,5.614684,0.368639,0.2
290,0.793594922051379,0.6330309823663399,0.05969501661144194,0.15437540611236145,55,60,1.3575737644353891,0.8400512286328642,16,True,2.499707,-4.306618,0.501350,0.890414,1.072568,0.619337,3.160994,4.153142,2.766910,-1.614631,1.982255,-3.191358,-1.009864,-0.357872,2.389245,1.980990,2.861171,1.120364,-0.768462,2.224802,-1.248130,0.862770,-2.316704,1.815518,0.879711,0.395671,3.777184,0.634215,0.782670,-3.428097,3.890660,3.337861,5.614684,-1.189512,-3.104652,4.156654,0.884304,5.761892,2.400394,-4.306618,5.614684,0.368399,0.2
208,0.6965233603690174,0.7225463875344402,0.011654047821573634,0.17511172101455197,53,56,1.2949650665305723,0.6999741373542558,13,False,2.499707,-4.306618,0.501350,0.890414,1.072568,0.619337,2.996045,4.153142,2.766910,-1.614631,1.982255,-3.191358,-1.009864,-0.357872,2.389245,1.980990,2.861171,1.120364,-0.692608,2.224802,-1.248130,0.862770,-2.316704,1.815518,0.879711,0.395671,3.777184,0.634215,0.782670,-3.428097,3.890660,3.337861,5.614684,-1.189512,-3.104652,4.156654,0.881829,5.734205,2.394620,-4.306618,5.614684,0.368254,0.2
356,0.8988743266058272,0.7332731553387591,0.011740988176810217,0.15053388140889096,55,58,1.2937963026335266,0.782819084659661,13,False,2.499707,-4.306618,0.501350,0.890414,1.072568,0.619337,2.995805,4.153142,2.766910,-1.614631,1.982255,-3.191358,-1.009864,-0.357872,2.389245,1.980990,2.861171,1.120364,-0.692741,2.224802,-1.248130,0.862770,-2.316704,1.815518,0.879711,0.395671,3.777184,0.634215,0.782670,-3.428097,3.890660,3.337861,5.614684,-1.189512,-3.104652,4.156654,0.881819,5.734188,2.394616,-4.306618,5.614684,0.368251,0.2
212,0.7653090907512886,0.7566428346066901,0.020124735764034365,0.18140980777444732,54,56,1.3185819630347466,0.6484700302321673,13,False,2.499707,-4.306618,0.501350,0.890414,1.072568,0.619337,2.972499,4.153142,2.766910,-1.614631,1.982255,-3.191358,-1.009864,-0.357872,2.389245,1.980990,2.861171,1.120364,-0.705619,2.224802,-1.248130,0.862770,-2.316704,1.815518,0.879711,0.395671,3.777184,0.634215,0.782670,-3.428097,3.890660,3.337861,5.614684,-1.189512,-3.104652,4.156654,0.880814,5.732550,2.394274,-4.306618,5.614684,0.367883,0.2
222,0.8100360301845723,0.72300828149792,0.025074811473620923,0.16473308471614256,53,58,1.3012038662625138,0.7016531859577239,13,False,2.499707,-4.306618,0.501350,0.890414,1.072568,0.619337,2.958575,4.153142,2.766910,-1.614631,1.982255,-3.191358,-1.009864,-0.357872,2.389245,1.980990,2.861171,1.120364,-0.713294,2.224802,-1.248130,0.862770,-2.316704,1.815518,0.879711,0.395671,3.777184,0.634215,0.782670,-3.428097,3.890660,3.337861,5.614684,-1.189512,-3.104652,4.156654,0.880214,5.731588,2.394074,-4.306618,5.614684,0.367664,0.2
455,0.8249525797602643,0.6953561884668102,0.026437235436897945,0.1438400183805574,53,57,1.309703116830974,0.6956543080665456,13,False,2.499707,-4.306618,0.501350,0.890414,1.072568,0.619337,2.954722,4.153142,2.766910,-1.614631,1.982255,-3.191358,-1.009864,-0.357872,2.389245,1.980990,2.861171,1.120364,-0.715415,2.224802,-1.248130,0.862770,-2.316704,1.815518,0.879711,0.395671,3.777184,0.634215,0.782670,-3.428097,3.890660,3.337861,5.614684,-1.189512,-3.104652,4.156654,0.880048,5.731324,2.394018,-4.306618,5.614684,0.367603,0.2
382,0.7767433546944765,0.7148436295732589,0.014319988219883777,0.15989200393758,53,16,1.271805939244941,0.7224416370225957,16,False,2.499707,-4.306618,0.501350,0.890414,-1.153885,0.619337,3.992172,4.153142,2.766910,-1.614631,1.982255,-3.191358,-1.009864,-0.357872,2.389245,1.980990,2.861171,1.120364,-0.185343,2.224802,-1.248130,0.862770,-2.316704,1.815518,0.879711,0.395671,3.777184,0.634215,0.782670,-3.428097,3.890660,3.337861,5.614684,-1.189512,-3.104652,4.156654,0.861744,5.961563,2.441631,-4.306618,5.614684,0.352938,0.2
394,0.8070620299786493,0.7848455351228735,0.0256986609549233,0.1464714120044438,54,20,1.3169636894845655,0.6182067258753835,16,False,2.499707,-4.306618,0.501350,0.890414,1.072568,0.625918,2.731151,4.153142,2.766910,-1.614631,1.982255,-3.191358,-1.009864,-0.357872,2.389245,1.980990,2.861171,0.652290,-0.714264,2.224802,-1.248130,0.862770,-2.316704,1.815518,0.879711,0.395671,3.777184,0.634215,0.782670,-3.428097,3.890660,3.337861,5.614684,-1.189512,-3.104652,4.156654,0.861050,5.705507,2.388620,-4.306618,5.614684,0.360480,0.2
105,0.5088755180355656,0.3065883544215816,0.08243972619575499,0.1802401343893621,39,52,1.5489208089755122,1.37397387216298,17,False,2.499707,-4.306618,0.501350,0.890414,1.072568,0.619337,-2.181662,4.153142,2.766910,-1.614631,1.982255,-3.191358,-1.009864,-0.357872,2.389245,1.980990,2.861171,1.120364,-0.806177,2.224802,-1.248130,0.862770,-2.316704,1.815518,5.358443,0.395671,3.777184,0.634215,0.782670,-3.428097,3.890660,3.337861,5.614684,-1.189512,-3.104652,4.156654,0.859258,6.457270,2.541116,-4.306618,5.614684,0.338142,0.2
83,0.488014589485153,0.32244617647031687,0.06676435876751277,0.150493884745692,39,56,1.3177697182471189,1.2458229508484318,12,False,2.499707,-4.306618,0.501350,0.890414,1.072568,0.619337,-2.278761,4.153142,2.766910,-1.614631,1.982255,-3.191358,-1.009864,-0.357872,2.389245,1.980990,2.861171,1.120364,-0.780057,2.224802,-1.248130,0.862770,-2.316704,1.815518,5.374407,0.395671,3.777184,0.634215,0.782670,-3.428097,3.890660,3.337861,5.614684,-1.189512,-3.104652,4.156654,0.857730,6.476055,2.544810,-4.306618,5.614684,0.337051,0.2
440,0.8063453350597288,0.7396029705575834,0.00022081212342220488,0.15980937332575865,53,58,1.3961617349407207,0.7791462582872754,16,False,2.499707,-4.306618,0.501350,0.890414,1.072568,0.619337,3.348373,4.153142,2.766910,-1.614631,1.982255,-3.191358,-1.009864,-0.357872,2.389245,1.980990,2.861171,1.120364,-3.066983,2.224802,-1.248130,0.862770,-2.316704,1.815518,0.879711,0.395671,3.777184,0.634215,0.782670,-3.428097,3.890660,3.337861,5.614684,-1.189512,-3.104652,4.156654,0.825661,6.151765,2.480275,-4.306618,5.614684,0.332891,0.2
184,0.15987536940218747,0.8168997908924387,0.0005729624038119472,0.18927883075730478,57,52,1.5638619866491104,0.7038193438146079,12,False,2.499707,-4.306618,0.501350,0.890414,1.072568,0.619337,3.347317,4.153142,2.766910,-1.614631,1.982255,-3.191358,-1.009864,-0.357872,2.389245,1.980990,2.861171,1.120364,-3.066983,2.224802,-1.248130,0.862770,-2.316704,1.815518,0.879711,0.395671,3.777184,0.634215,0.782670,-3.428097,3.890660,3.337861,5.614684,-1.189512,-3.104652,4.156654,0.825632,6.151613,2.480245,-4.306618,5.614684,0.332883,0.2
337,0.7582118468676324,0.820814430379524,0.052965403425372315,0.17623286779035907,53,59,1.3495719982365608,0.6581624129610096,13,False,2.499707,-4.306618,0.501350,0.890414,1.072568,0.619337,3.346807,4.153142,2.766910,-1.614631,1.982255,-3.191358,-1.009864,-0.357872,2.389245,1.980990,2.861171,1.120364,-3.066983,2.224802,-1.248130,0.862770,-2.316704,1.815518,0.879711,0.395671,3.777184,0.634215,0.782670,-3.428097,3.890660,3.337861,5.614684,-1.189512,-3.104652,4.156654,0.825618,6.151539,2.480230,-4.306618,5.614684,0.332880,0.2
419,0.8708771711135351,0.7546278577196557,0.008228459577131472,0.14996791694506417,57,42,1.2852919944597312,0.7739522896692772,18,False,2.499707,-4.306618,0.501350,0.890414,1.072568,0.619337,3.324220,4.153142,2.766910,-1.614631,1.982255,-3.191358,-1.009864,-0.357872,2.389245,1.980990,2.861171,1.120364,-3.066983,2.224802,-1.248130,0.862770,-2.316704,1.815518,0.879711,0.395671,3.777184,0.634215,0.782670,-3.428097,3.890660,3.337861,5.614684,-1.189512,-3.104652,4.156654,0.824990,6.148299,2.479576,-4.306618,5.614684,0.332714,0.2
169,0.1346847552625887,0.7829043353603661,0.01846234505727032,0.18453600953801616,57,54,1.6097363587779843,0.712935872827082,12,False,2.499707,-4.306618,0.501350,0.890414,1.072568,0.619337,3.292875,4.153142,2.766910,-1.614631,1.982255,-3.191358,-1.009864,-0.357872,2.389245,1.980990,2.861171,1.120364,-3.066983,2.224802,-1.248130,0.862770,-2.316704,1.815518,0.879711,0.395671,3.777184,0.634215,0.782670,-3.428097,3.890660,3.337861,5.614684,-1.189512,-3.104652,4.156654,0.824120,6.143850,2.478679,-4.306618,5.614684,0.332483,0.2
334,0.8124586860504847,0.8242313924880539,0.0248250204701147,0.1680506698154641,57,57,1.3907058102738026,0.6153844151628025,16,False,2.499707,-4.306618,0.501350,0.890414,1.072568,0.619337,3.273114,4.153142,2.766910,-1.614631,1.982255,-3.191358,-1.009864,-0.357872,2.389245,1.980990,2.861171,1.120364,-3.066983,2.224802,-1.248130,0.862770,-2.316704,1.815518,0.879711,0.395671,3.777184,0.634215,0.782670,-3.428097,3.890660,3.337861,5.614684,-1.189512,-3.104652,4.156654,0.823571,6.141073,2.478119,-4.306618,5.614684,0.332337,0.2
159,0.11851149401492196,0.6632547882781551,0.02678132439812266,0.19440638740200636,53,56,1.5151472490916702,0.88501159797675,13,False,2.499707,-4.306618,0.501350,0.890414,1.072568,0.619337,3.266995,4.153142,2.766910,-1.614631,1.982255,-3.191358,-1.009864,-0.357872,2.389245,1.980990,2.861171,1.120364,-3.066983,2.224802,-1.248130,0.862770,-2.316704,1.815518,0.879711,0.395671,3.777184,0.634215,0.782670,-3.428097,3.890660,3.337861,5.614684,-1.189512,-3.104652,4.156654,0.823401,6.140218,2.477946,-4.306618,5.614684,0.332292,0.2
482,0.790511611204415,0.5749104615697788,0.0014697752139853672,0.14738510031116364,55,44,1.398092115236602,0.916477244010284,12,False,2.499707,-4.306618,0.501350,0.890414,1.072568,0.619337,3.344627,4.153142,2.766910,-1.614631,1.982255,-3.191358,-1.009864,-0.357872,2.389245,1.980990,2.861171,1.120364,-0.677165,2.224802,-1.248130,0.862770,-2.316704,1.815518,0.879711,-2.092117,3.777184,0.634215,0.782670,-3.428097,3.890660,3.337861,5.614684,-1.189512,-3.104652,4.156654,0.822836,6.020770,2.453726,-4.306618,5.614684,0.335341,0.2
249,0.8270128245470135,0.6696476738396246,0.034812367119153996,0.1661111988610496,53,59,1.3547038848659092,0.842985106490097,15,False,2.499707,-4.306618,0.501350,0.890414,1.072568,0.619337,3.241666,4.153142,2.766910,-1.614631,1.982255,-3.191358,-1.009864,-0.357872,2.389245,1.980990,2.861171,1.120364,-3.066983,2.224802,-1.248130,0.862770,-2.316704,1.815518,0.879711,0.395671,3.777184,0.634215,0.782670,-3.428097,3.890660,3.337861,5.614684,-1.189512,-3.104652,4.156654,0.822697,6.136699,2.477236,-4.306618,5.614684,0.332103,0.2
298,0.8906453485522887,0.7406895652509834,0.0385621144695476,0.16193744909189592,53,27,1.3793281373956967,0.7927223816602478,14,True,2.499707,-4.306618,0.501350,0.890414,1.072568,0.619337,3.229723,4.153142,2.766910,-1.614631,1.982255,-3.191358,-1.009864,-0.357872,2.389245,1.980990,2.861171,1.120364,-3.066983,2.224802,-1.248130,0.862770,-2.316704,1.815518,0.879711,0.395671,3.777184,0.634215,0.782670,-3.428097,3.890660,3.337861,5.614684,-1.189512,-3.104652,4.156654,0.822365,6.135052,2.476904,-4.306618,5.614684,0.332013,0.2
237,0.8769654699002917,0.7185254631315734,0.0387532774900348,0.15945673109848874,57,60,1.3423450980486487,0.7444072343949242,14,False,2.499707,-4.306618,0.501350,0.890414,1.072568,0.619337,3.229112,4.153142,2.766910,-1.614631,1.982255,-3.191358,-1.009864,-0.357872,2.389245,1.980990,2.861171,1.120364,-3.066983,2.224802,-1.248130,0.862770,-2.316704,1.815518,0.879711,0.395671,3.777184,0.634215,0.782670,-3.428097,3.890660,3.337861,5.614684,-1.189512,-3.104652,4.156654,0.822348,6.134968,2.476887,-4.306618,5.614684,0.332009,0.2
175,0.10417279413088446,0.6273123015446884,0.007801704225124783,0.1942044802439143,53,55,1.5728968428462808,0.7724011559349933,11,False,2.499707,-4.306618,0.501350,0.890414,1.072568,0.619337,3.325515,4.153142,2.766910,-1.614631,1.982255,-3.191358,-1.009864,-0.357872,2.389245,1.980990,2.861171,1.120364,-0.686741,2.224802,-1.248130,0.862770,-2.316704,1.815518,0.879711,-2.087294,3.777184,0.634215,0.782670,-3.428097,3.890660,3.337861,5.614684,-1.189512,-3.104652,4.156654,0.822173,6.018047,2.453171,-4.306618,5.614684,0.335147,0.2
257,0.8118730812883734,0.5885215339683731,0.045224111922799695,0.16426668302454878,54,60,1.3695243023824575,0.8280807701597866,15,False,2.499707,-4.306618,0.501350,0.890414,1.072568,0.619337,3.208318,4.153142,2.766910,-1.614631,1.982255,-3.191358,-1.009864,-0.357872,2.389245,1.980990,2.861171,1.120364,-0.745080,2.224802,-1.248130,0.862770,-2.316704,1.815518,0.879711,-2.057663,3.777184,0.634215,0.782670,-3.428097,3.890660,3.337861,5.614684,-1.189512,-3.104652,4.156654,0.818120,6.001884,2.449874,-4.306618,5.614684,0.333944,0.2
366,0.9123520170019185,0.6676252026582314,0.012134069697570467,0.17196776565582741,53,59,1.283485892371507,0.8501667448483008,14,True,2.499707,-4.306618,0.501350,0.890414,1.072568,0.619337,2.994720,4.153142,2.766910,-1.614631,1.982255,-3.191358,-1.009864,-0.357872,2.389245,1.980990,2.861171,1.120364,-3.066983,2.224802,-1.248130,0.862770,-2.316704,1.815518,0.879711,0.395671,3.777184,0.634215,0.782670,-3.428097,3.890660,3.337861,5.614684,-1.189512,-3.104652,4.156654,0.815837,6.104258,2.470680,-4.306618,5.614684,0.330208,0.2
211,0.7121509335652576,0.8334336300946298,0.017721412297968482,0.18231224061243448,53,56,1.2837931874819721,0.6660513283214962,13,False,2.499707,-4.306618,0.501350,0.890414,1.072568,0.619337,2.979216,4.153142,2.766910,-1.614631,1.982255,-3.191358,-1.009864,-0.357872,2.389245,1.980990,2.861171,1.120364,-3.066983,2.224802,-1.248130,0.862770,-2.316704,1.815518,0.879711,0.395671,3.777184,0.634215,0.782670,-3.428097,3.890660,3.337861,5.614684,-1.189512,-3.104652,4.156654,0.815407,6.102335,2.470290,-4.306618,5.614684,0.330085,0.2
391,0.7943908800170265,0.7352440227427972,0.02686232304392753,0.16399100372887365,53,60,1.2215085260016632,0.751566583994359,18,False,2.499707,-4.306618,0.501350,0.890414,1.072568,0.619337,2.953517,4.153142,2.766910,-1.614631,1.982255,-3.191358,-1.009864,-0.357872,2.389245,1.980990,2.861171,1.120364,-3.066983,2.224802,-1.248130,0.862770,-2.316704,1.815518,0.879711,0.395671,3.777184,0.634215,0.782670,-3.428097,3.890660,3.337861,5.614684,-1.189512,-3.104652,4.156654,0.814693,6.099175,2.469651,-4.306618,5.614684,0.329882,0.2
354,0.7865355547286947,0.6426045902127984,0.44374109741709805,0.16440191745053054,52,59,1.322024218693866,0.8146245486781202,15,True,2.499707,-4.306618,0.501350,0.890414,1.072568,0.619337,1.428917,4.153142,2.766910,-1.614631,1.982255,-3.191358,-1.009864,-0.357872,2.389245,1.980990,2.861171,1.120364,-1.590511,2.224802,-1.248130,0.862770,-2.316704,1.815518,0.879711,0.395671,3.777184,0.634215,0.782670,-3.428097,3.890660,3.337861,5.614684,-1.189512,-3.104652,4.156654,0.813356,5.714039,2.390406,-4.306618,5.614684,0.340259,0.2
397,0.7784039918365876,0.6735213279121887,0.016572866501156806,0.15191832732425395,51,58,1.296470847375764,0.7693444401503289,16,False,2.499707,-4.306618,0.501350,0.890414,1.072568,0.619337,-2.181662,4.153142,2.766910,-1.614631,1.982255,-3.191358,-1.009864,-0.357872,2.389245,1.980990,2.861171,1.120364,-0.700145,2.224802,-1.248130,0.862770,-2.316704,1.815518,0.879711,0.395671,3.777184,0.634215,3.043724,-3.428097,3.890660,3.337861,5.614684,-1.189512,-3.104652,4.156654,0.800602,6.001784,2.449854,-4.306618,5.614684,0.326796,0.2
304,0.9316323362679879,0.7320590316677456,0.017213827611100872,0.15774018491421699,51,58,1.3956210213645843,0.6891486060597798,16,True,2.499707,-4.306618,0.501350,0.890414,1.072568,0.619337,-2.181662,4.153142,2.766910,-1.614631,1.982255,-3.191358,-1.009864,-0.357872,2.389245,1.980990,2.861171,1.120364,-0.701131,2.224802,-1.248130,0.862770,-2.316704,1.815518,0.879711,0.395671,3.777184,0.634215,3.043281,-3.428097,3.890660,3.337861,5.614684,-1.189512,-3.104652,4.156654,0.800562,6.001812,2.449860,-4.306618,5.614684,0.326779,0.2
406,0.7896369857186094,0.643427362126457,0.19117629513168677,0.1553114924891843,54,35,1.9161980729099013,0.7643503727133543,14,False,2.499707,-4.306618,0.501350,0.890414,1.072568,0.619337,2.675463,4.153142,2.766910,-1.614631,1.982255,-3.191358,-1.009864,-0.357872,2.389245,1.980990,2.861171,1.120364,-1.003922,2.224802,-1.248130,0.862770,-2.316704,1.815518,0.879711,-1.920571,3.777184,0.634215,0.782670,-3.428097,3.890660,3.337861,5.614684,-1.189512,-3.104652,4.156654,0.799936,5.939921,2.437195,-4.306618,5.614684,0.328220,0.2
277,0.9105016599650385,0.6288130820213057,0.03053518636295685,0.1614458171008778,51,60,1.3713997621490805,0.7844939084468812,15,True,2.499707,-4.306618,0.501350,0.890414,1.072568,0.619337,-2.181662,4.153142,2.766910,-1.614631,1.982255,-3.191358,-1.009864,-0.357872,2.389245,1.980990,2.861171,1.120364,-0.721820,2.224802,-1.248130,0.862770,-2.316704,1.815518,0.879711,0.395671,3.777184,0.634215,3.033902,-3.428097,3.890660,3.337861,5.614684,-1.189512,-3.104652,4.156654,0.799727,6.002399,2.449979,-4.306618,5.614684,0.326422,0.2
373,0.9867526888366813,0.61825114207628,0.055282753498047274,0.17720159970147226,50,59,1.3475230134069363,0.7610880188218512,15,False,2.499707,-4.306618,0.501350,0.890414,1.072568,0.619337,-2.181662,4.153142,2.766910,-1.614631,1.982255,-3.191358,-1.009864,-0.357872,2.389245,1.980990,2.861171,1.120364,-0.761283,2.224802,-1.248130,0.862770,-2.316704,1.815518,0.879711,0.395671,3.777184,0.634215,3.015617,-3.428097,3.890660,3.337861,5.614684,-1.189512,-3.104652,4.156654,0.798123,6.003548,2.450214,-4.306618,5.614684,0.325736,0.2
417,0.8915350719334817,0.6220616877587513,0.024926597246622113,0.16180934477146966,51,59,1.3234145355087525,0.8284847786367278,13,False,2.499707,-4.306618,0.501350,0.890414,1.072568,0.619337,-2.278761,4.153142,2.766910,-1.614631,1.982255,-3.191358,-1.009864,-0.357872,2.389245,1.980990,2.861171,1.120364,-0.713063,2.224802,-1.248130,0.862770,-2.316704,1.815518,0.879711,0.395671,3.777184,0.634215,3.037889,-3.428097,3.890660,3.337861,5.614684,-1.189512,-3.104652,4.156654,0.797384,6.018956,2.453356,-4.306618,5.614684,0.325017,0.2
115,0.6512675500537568,0.21543297663416797,0.05273791847374348,0.1532753124629202,24,53,1.4821328553628625,1.2049677182489653,16,False,2.499707,-4.306618,0.501350,0.890414,1.072568,0.619337,-2.181662,4.153142,2.766910,-1.614631,1.982255,-3.191358,-1.009864,-0.357872,2.389245,1.980990,2.861171,1.120364,-3.066983,2.224802,-1.248130,0.862770,-2.316704,1.815518,5.388142,0.395671,3.777184,0.634215,0.782670,-3.428097,3.890660,3.337861,5.614684,-1.189512,-3.104652,4.156654,0.797283,6.822172,2.611929,-4.306618,5.614684,0.305247,0.2
107,0.5358259213748549,0.20719268554861503,0.08217140446899793,0.18929231141365538,39,53,1.5362932356643375,1.5572852199593297,10,False,2.499707,-4.306618,0.501350,0.890414,1.072568,0.619337,-2.181662,4.153142,2.766910,-1.614631,1.982255,-3.191358,-1.009864,-0.357872,2.389245,1.980990,2.861171,1.120364,-0.805725,2.224802,-1.248130,0.862770,-2.316704,1.815518,5.358722,-2.026395,3.777184,0.634215,0.782670,-3.428097,3.890660,3.337861,5.614684,-1.189512,-3.104652,4.156654,0.791999,6.684420,2.585425,-4.306618,5.614684,0.306332,0.2
138,0.22640521725438523,0.2986822265633719,0.047857902772385844,0.1606764769990976,29,47,1.2225704223902332,1.1253840294561641,12,False,2.499707,-4.306618,0.501350,0.890414,1.072568,0.619337,-2.468695,4.153142,2.766910,-1.614631,1.982255,-3.191358,-1.009864,-0.357872,2.389245,1.980990,2.861171,1.120364,-3.066983,2.224802,-1.248130,0.862770,-2.316704,1.815518,5.392803,0.395671,3.777184,0.634215,0.782670,-3.428097,3.890660,3.337861,5.614684,-1.189512,-3.104652,4.156654,0.789440,6.874546,2.621936,-4.306618,5.614684,0.301090,0.2
451,0.9055164829233843,0.7191919287757673,0.044528052121413905,0.15187595375689233,50,58,1.2748127033198913,0.5945562179665645,17,False,2.499707,-4.306618,0.501350,0.890414,1.072568,0.619337,-2.595764,4.153142,2.766910,-1.614631,1.982255,-3.191358,-1.009864,-0.357872,2.389245,1.980990,2.861171,1.120364,-0.743967,2.224802,-1.248130,0.862770,-2.316704,1.815518,0.879711,0.395671,3.777184,0.634215,3.023704,-3.428097,3.890660,3.337861,5.614684,-1.189512,-3.104652,4.156654,0.787325,6.078330,2.465427,-4.306618,5.614684,0.319346,0.2
296,0.8325071529190163,0.7146748803734367,0.05148189741516582,0.1576385310962871,51,59,1.3214923326466432,0.7227714300287909,14,True,2.499707,-4.306618,0.501350,0.890414,1.072568,0.619337,-2.595764,4.153142,2.766910,-1.614631,1.982255,-3.191358,-1.009864,-0.357872,2.389245,1.980990,2.861171,1.120364,-0.755134,2.224802,-1.248130,0.862770,-2.316704,1.815518,0.879711,0.395671,3.777184,0.634215,3.018500,-3.428097,3.890660,3.337861,5.614684,-1.189512,-3.104652,4.156654,0.786871,6.078646,2.465491,-4.306618,5.614684,0.319154,0.2
227,0.7984047050047108,0.6230766962766507,0.028837883656428198,0.16504469474054823,52,58,1.3176058608092784,0.7250695445880283,14,False,-4.163316,-4.306618,0.501350,0.890414,1.072568,0.619337,3.887976,4.153142,2.766910,-1.614631,1.982255,-3.191358,-1.009864,-0.357872,2.389245,1.980990,2.861171,1.120364,-0.719163,2.224802,-1.248130,0.862770,-2.316704,1.815518,0.879711,0.395671,3.777184,0.634215,3.035114,-3.428097,3.890660,3.337861,5.614684,-1.189512,-3.104652,4.156654,0.783351,6.641775,2.577164,-4.306618,5.614684,0.303959,0.2
392,0.8858636793335655,0.6903583274992304,0.00949278617244018,0.16784804741299028,57,58,1.3439137982020548,0.670612915362591,13,False,2.499707,-4.306618,0.501350,0.890414,1.072568,0.619337,3.938441,4.153142,2.766910,-1.614631,1.982255,-3.191358,-1.009864,-0.357872,2.389245,1.980990,2.861171,1.120364,-0.689313,-2.539433,-1.248130,0.862770,-2.316704,1.815518,0.879711,0.395671,3.777184,0.634215,0.782670,-3.428097,3.890660,3.337861,5.614684,-1.189512,-3.104652,4.156654,0.775758,6.144462,2.478803,-4.306618,5.614684,0.312957,0.2
217,0.769118928062712,0.6912639540191655,0.050972821810883154,0.17057456124890444,53,57,1.3074984461635628,0.6795959136838867,14,False,2.499707,-4.306618,0.501350,0.890414,1.072568,0.619337,3.855089,4.153142,2.766910,-1.614631,1.982255,-3.191358,-1.009864,-0.357872,2.389245,1.980990,2.861171,1.120364,-0.754313,-2.445336,-1.248130,0.862770,-2.316704,1.815518,0.879711,0.395671,3.777184,0.634215,0.782670,-3.428097,3.890660,3.337861,5.614684,-1.189512,-3.104652,4.156654,0.774251,6.117584,2.473375,-4.306618,5.614684,0.313034,0.2
381,0.7804584964261402,0.7126844038926133,0.0002029405601214583,0.11774882187549907,52,58,1.2772771493008452,0.5961296514073642,17,False,-4.241827,-4.306618,0.501350,0.890414,1.072568,0.619337,3.533370,4.153142,2.766910,-1.614631,1.982255,-3.191358,-1.009864,-0.357872,2.389245,1.980990,2.861171,1.120364,-0.675259,2.224802,-1.248130,0.862770,-2.316704,1.815518,0.879711,0.395671,3.777184,0.634215,3.054807,-3.428097,3.890660,3.337861,5.614684,-1.189512,-3.104652,4.156654,0.773087,6.603549,2.569737,-4.306618,5.614684,0.300843,0.2
116,0.6849209177673043,0.05634753426435077,0.04177465050288585,0.15360662486720772,14,60,1.3970537697258314,1.1969169140491551,16,False,2.499707,-4.306618,0.501350,0.890414,1.072568,0.619337,-2.181662,4.153142,2.766910,-1.614631,1.982255,-3.191358,-1.009864,-0.357872,2.389245,1.980990,2.861171,1.120364,-3.066983,2.224802,-1.248130,0.862770,-2.316704,1.815518,5.398530,-0.656226,3.777184,0.634215,0.782670,-3.428097,3.890660,3.337861,5.614684,-1.189512,-3.104652,4.156654,0.768352,6.879793,2.622936,-4.306618,5.614684,0.292936,0.2
418,0.8342928562873555,0.7159136962108725,0.03983421497688326,0.1773185709171688,88,60,1.4127435939323343,0.7084607730287164,17,False,-2.286711,-4.306618,0.501350,0.890414,1.072568,0.619337,-3.136550,4.153142,5.725606,-2.254323,1.982255,-3.191358,-1.009864,-0.357872,2.389245,1.980990,2.861171,1.120364,-3.066983,2.224802,-1.248130,0.862770,-2.316704,1.815518,0.879711,0.395671,3.777184,5.067574,3.027165,-3.241473,3.890660,3.337861,5.614684,-1.189512,-3.104652,4.156654,0.767665,7.898043,2.810346,-4.306618,5.725606,0.273157,0.2
340,0.8094227293285353,0.7101401783313809,0.39473565872469696,0.09690620039291793,50,60,1.4393626495217178,0.6331023257922396,15,False,2.499707,-4.306618,0.501350,0.890414,1.072568,0.619337,-2.181662,4.153142,2.766910,-1.614631,1.982255,-3.191358,-1.009864,-0.357872,2.389245,1.980990,2.861171,1.120364,-1.461990,2.224802,-1.248130,0.862770,-2.316704,1.815518,0.879711,0.395671,3.777184,0.634215,2.610201,-3.428097,3.890660,3.337861,5.614684,-1.189512,-3.104652,4.156654,0.767397,6.032368,2.456088,-4.306618,5.614684,0.312447,0.2
315,0.8489726212770552,0.6194537079859423,0.014860697431374394,0.1743798485281738,52,58,1.3592361067242478,0.7392153962370305,15,True,-4.202154,-4.306618,0.501350,0.890414,1.072568,0.619337,3.303968,4.153142,2.766910,-1.614631,1.982255,-3.191358,-1.009864,-0.357872,2.389245,1.980990,2.861171,1.120364,-0.697516,2.224802,-1.248130,0.862770,-2.316704,1.815518,0.879711,0.395671,3.777184,0.634215,3.044905,-3.428097,3.890660,3.337861,5.614684,-1.189512,-3.104652,4.156654,0.766923,6.558074,2.560874,-4.306618,5.614684,0.299477,0.2
497,0.8596808718986004,0.6706155305257586,0.015999240084211924,0.167214172014812,52,60,1.360521786799704,0.6949900598739854,19,False,-4.199028,-4.306618,0.501350,0.890414,1.072568,0.619337,3.300469,4.153142,2.766910,-1.614631,1.982255,-3.191358,-1.009864,-0.357872,2.389245,1.980990,2.861171,1.120364,-0.699263,2.224802,-1.248130,0.862770,-2.316704,1.815518,0.879711,0.395671,3.777184,0.634215,3.044120,-3.428097,3.890660,3.337861,5.614684,-1.189512,-3.104652,4.156654,0.766843,6.556724,2.560610,-4.306618,5.614684,0.299477,0.2
300,0.8022499579527509,0.6494941335857242,0.043945212530205904,0.15278034156424955,94,58,1.3562182298925247,0.7522748501452834,14,True,-2.365660,-4.306618,0.501350,0.890414,1.072568,0.619337,-3.139222,1.623334,5.722659,-2.254142,1.982255,-3.191358,-1.009864,-0.357872,2.389245,1.980990,2.861171,1.120364,-0.743036,2.224802,-1.248130,0.862770,-2.316704,1.815518,0.879711,0.395671,3.777184,4.094146,3.544855,-2.706273,3.890660,3.337861,5.614684,-1.189512,-3.104652,4.156654,0.761810,6.998187,2.645409,-4.306618,5.722659,0.287974,0.2
228,0.7877818976755371,0.7098162898262884,0.04160646295021643,0.15957925164202194,55,58,1.3470086281773095,0.6472012620234178,13,False,2.499707,-4.306618,0.501350,0.890414,1.072568,0.619337,3.388330,4.153142,2.766910,-1.614631,1.982255,-3.191358,-1.009864,-0.357872,2.389245,1.980990,2.861171,1.120364,-0.739307,-2.467056,-1.248130,0.862770,-2.316704,1.815518,0.879711,0.395671,3.777184,0.634215,0.782670,-3.428097,3.890660,3.337861,5.614684,-1.189512,-3.104652,4.156654,0.761099,6.044164,2.458488,-4.306618,5.614684,0.309580,0.2
389,0.9225161939667631,0.9263057236240423,3.475285934147199e-05,0.1620378487990506,55,59,1.264608506445842,0.5944548094863389,17,False,2.499707,-4.306618,0.501350,0.890414,1.072568,0.619337,-1.457383,4.153142,2.766910,-1.614631,1.982255,-3.191358,-1.009864,-0.357872,2.389245,1.980990,2.861171,1.120364,-0.675006,2.224802,-1.248130,0.862770,-2.316704,1.815518,0.879711,0.395671,3.777184,0.634215,0.782670,-3.428097,3.890660,3.337861,5.614684,-1.189512,-3.104652,4.156654,0.758612,5.745642,2.397007,-4.306618,5.614684,0.316483,0.2
425,0.8334227427137123,0.6579550425685581,0.017671946547133593,0.16553943019908185,56,58,1.3346923798370793,0.8040204613611976,14,False,2.499707,-4.306618,0.501350,0.890414,1.072568,0.619337,3.295315,4.153142,2.766910,-1.614631,1.982255,-3.191358,-1.009864,-0.357872,2.389245,1.980990,2.861171,1.120364,-0.701836,-2.521300,-1.248130,0.862770,-2.316704,1.815518,0.879711,0.395671,3.777184,0.634215,0.782670,-3.428097,3.890660,3.337861,5.614684,-1.189512,-3.104652,4.156654,0.758050,6.037356,2.457103,-4.306618,5.614684,0.308514,0.2
443,0.9666548249710307,0.7017310901894517,0.018168552322686483,0.162697220694968,57,58,1.3689087134379014,0.6539040547009628,14,False,2.499707,-4.306618,0.501350,0.890414,1.072568,0.619337,3.293783,4.153142,2.766910,-1.614631,1.982255,-3.191358,-1.009864,-0.357872,2.389245,1.980990,2.861171,1.120364,-0.702601,-2.520193,-1.248130,0.862770,-2.316704,1.815518,0.879711,0.395671,3.777184,0.634215,0.782670,-3.428097,3.890660,3.337861,5.614684,-1.189512,-3.104652,4.156654,0.758017,6.036990,2.457029,-4.306618,5.614684,0.308509,0.2
171,0.10185546187440145,0.765510367597197,0.02146006011835642,0.19594186591642582,53,55,1.6039464635914602,0.569999204575263,12,False,2.499707,-4.306618,0.501350,0.890414,1.072568,0.619337,3.283591,4.153142,2.766910,-1.614631,1.982255,-3.191358,-1.009864,-0.357872,2.389245,1.980990,2.861171,1.120364,-0.707684,-2.512833,-1.248130,0.862770,-2.316704,1.815518,0.879711,0.395671,3.777184,0.634215,0.782670,-3.428097,3.890660,3.337861,5.614684,-1.189512,-3.104652,4.156654,0.757797,6.034564,2.456535,-4.306618,5.614684,0.308482,0.2
301,0.8277324041295036,0.6974709665413861,0.021525665666484468,0.1657080339540414,48,59,1.314712551835009,0.7973987644135008,14,True,2.499707,-4.306618,0.501350,0.890414,1.072568,0.619337,-1.457383,4.153142,2.766910,-1.614631,1.982255,-3.191358,-1.009864,-0.357872,2.389245,1.980990,2.861171,1.120364,-0.707786,2.224802,-1.248130,0.862770,-2.316704,1.815518,0.879711,0.395671,3.777184,0.634215,0.782670,-3.428097,3.890660,3.337861,5.614684,-1.189512,-3.104652,4.156654,0.757701,5.748357,2.397573,-4.306618,5.614684,0.316028,0.2
402,0.8007930764957695,0.6293501345741516,0.02241492431137558,0.16903725383548623,52,59,1.2780512713730994,0.6717750397022266,14,False,-4.181288,-4.306618,0.501350,0.890414,1.072568,0.619337,2.966072,4.153142,2.766910,-1.614631,1.982255,-3.191358,-1.009864,-0.357872,2.389245,1.980990,2.861171,1.120364,-0.709163,2.224802,-1.248130,0.862770,-2.316704,1.815518,0.879711,0.395671,3.777184,0.634215,3.039656,-3.428097,3.890660,3.337861,5.614684,-1.189512,-3.104652,4.156654,0.757648,6.506645,2.550813,-4.306618,5.614684,0.297022,0.2
353,0.8497471690458629,0.6989108479490264,0.02445917865213382,0.02554273992567878,56,60,1.342779562519616,0.72906229160148,14,False,2.499707,-4.306618,0.501350,0.890414,1.072568,0.619337,3.274256,4.153142,2.766910,-1.614631,1.982255,-3.191358,-1.009864,-0.357872,2.389245,1.980990,2.861171,1.120364,-0.712336,-2.506098,-1.248130,0.862770,-2.316704,1.815518,0.879711,0.395671,3.777184,0.634215,0.782670,-3.428097,3.890660,3.337861,5.614684,-1.189512,-3.104652,4.156654,0.757595,6.032352,2.456085,-4.306618,5.614684,0.308457,0.2
339,0.8600356607151557,0.6200127928872828,0.028887193257172802,0.15747540436059954,56,59,1.377611040016134,0.855117008256637,16,True,2.499707,-4.306618,0.501350,0.890414,1.072568,0.619337,3.260386,4.153142,2.766910,-1.614631,1.982255,-3.191358,-1.009864,-0.357872,2.389245,1.980990,2.861171,1.120364,-0.719240,-2.496104,-1.248130,0.862770,-2.316704,1.815518,0.879711,0.395671,3.777184,0.634215,0.782670,-3.428097,3.890660,3.337861,5.614684,-1.189512,-3.104652,4.156654,0.757296,6.029083,2.455419,-4.306618,5.614684,0.308418,0.2
347,0.8619977133033441,0.6359873204717446,0.037466250745200304,0.16464475827452923,47,60,1.341539478727055,0.7420121456332057,13,False,2.499707,-4.306618,0.501350,0.890414,1.072568,0.619337,-1.457383,4.153142,2.766910,-1.614631,1.982255,-3.191358,-1.009864,-0.357872,2.389245,1.980990,2.861171,1.120364,-0.732736,2.224802,-1.248130,0.862770,-2.316704,1.815518,0.879711,0.395671,3.777184,0.634215,0.782670,-3.428097,3.890660,3.337861,5.614684,-1.189512,-3.104652,4.156654,0.757008,5.750464,2.398013,-4.306618,5.614684,0.315681,0.2
268,0.8927470550612481,0.6186899422297113,0.04820433267595725,0.16775274491185369,56,60,1.4038046510299265,0.8396751687788815,15,True,2.499707,-4.306618,0.501350,0.890414,1.072568,0.619337,3.198665,4.153142,2.766910,-1.614631,1.982255,-3.191358,-1.009864,-0.357872,2.389245,1.980990,2.861171,1.120364,-0.749857,-2.451785,-1.248130,0.862770,-2.316704,1.815518,0.879711,0.395671,3.777184,0.634215,0.782670,-3.428097,3.890660,3.337861,5.614684,-1.189512,-3.104652,4.156654,0.755962,6.014789,2.452507,-4.306618,5.614684,0.308241,0.2
80,0.4789240006919922,0.4202651954822253,0.0798489152427163,0.16069038989895848,42,58,1.3671641377554842,1.1720834840185919,12,False,2.499707,-4.306618,0.501350,0.890414,1.072568,0.619337,-1.439583,4.153142,2.766910,-1.614631,1.982255,-3.191358,-1.009864,-0.357872,2.389245,1.980990,2.861171,1.120364,-0.801821,2.224802,-1.248130,0.862770,-2.316704,1.815518,0.879711,0.395671,3.777184,0.634215,0.782670,-3.428097,3.890660,3.337861,5.614684,-1.189512,-3.104652,4.156654,0.755584,5.754236,2.398799,-4.306618,5.614684,0.314984,0.2
219,0.8144383846915564,0.6464440488077912,0.06462588228334921,0.18136671962635412,51,56,1.285158962224907,0.6379252452934291,15,False,-4.059162,-4.306618,0.501350,0.890414,1.072568,0.619337,2.842842,4.153142,2.766910,-1.614631,1.982255,-3.191358,-1.009864,-0.357872,2.389245,1.980990,2.861171,1.120364,-0.776538,2.224802,-1.248130,0.862770,-2.316704,1.815518,0.879711,0.395671,3.777184,0.634215,3.008411,-3.428097,3.890660,3.337861,5.614684,-1.189512,-3.104652,4.156654,0.754877,6.459210,2.541497,-4.306618,5.614684,0.297021,0.2
145,0.32143460075504876,0.5198785189018229,0.09443188906411583,0.18761123894138948,33,52,1.3752268283451514,0.9805574507943201,12,False,2.499707,-4.306618,0.501350,0.890414,1.072568,0.619337,-1.457383,4.153142,2.766910,-1.614631,1.982255,-3.191358,-1.009864,-0.357872,2.389245,1.980990,2.861171,1.120364,-0.826548,2.224802,-1.248130,0.862770,-2.316704,1.815518,0.879711,0.395671,3.777184,0.634215,0.782670,-3.428097,3.890660,3.337861,5.614684,-1.189512,-3.104652,4.156654,0.754402,5.758695,2.399728,-4.306618,5.614684,0.314370,0.2
147,0.282192615303697,0.5374083134988671,0.04611640382611384,0.19651901500398603,57,52,1.5590067442825704,0.972737678193624,12,False,2.499707,-4.306618,0.501350,0.890414,1.072568,0.619337,3.205432,4.153142,2.766910,-1.614631,1.982255,-3.191358,-1.009864,-0.357872,2.389245,1.980990,2.861171,1.120364,-3.066983,2.224802,-1.248130,0.862770,-2.316704,1.815518,0.879711,-2.056932,3.777184,0.634215,0.782670,-3.428097,3.890660,3.337861,5.614684,-1.189512,-3.104652,4.156654,0.753563,6.358524,2.521611,-4.306618,5.614684,0.298842,0.2
215,0.7492523336922534,0.6971123334809796,0.056047414452449845,0.17674713677922146,53,58,1.3053663057365352,0.626749588201348,13,False,2.499707,-4.306618,0.501350,0.890414,1.072568,0.619337,2.868634,4.153142,2.766910,-1.614631,1.982255,-3.191358,-1.009864,-0.357872,2.389245,1.980990,2.861171,1.120364,-0.762524,-2.433451,-1.248130,0.862770,-2.316704,1.815518,0.879711,0.395671,3.777184,0.634215,0.782670,-3.428097,3.890660,3.337861,5.614684,-1.189512,-3.104652,4.156654,0.746952,5.969494,2.443255,-4.306618,5.614684,0.305720,0.2
150,0.1861902828287358,0.5235040339407832,0.021095102700210443,0.18902326391462582,45,54,1.2723555347178703,0.9393258800555528,12,False,2.499707,-4.306618,0.501350,0.890414,1.072568,0.619337,-2.040292,4.153142,2.766910,-1.614631,1.982255,-3.191358,-1.009864,-0.357872,2.389245,1.980990,2.861171,1.120364,-0.707120,2.224802,-1.248130,0.862770,-2.316704,1.815518,0.879711,0.395671,3.777184,0.634215,0.782670,-3.428097,3.890660,3.337861,5.614684,-1.189512,-3.104652,4.156654,0.741528,5.831523,2.414855,-4.306618,5.614684,0.307069,0.2
146,0.3233556197547263,0.5355790539239886,0.0644766109808181,0.1949826390072899,42,52,1.2920231797170088,0.9770783807130814,12,False,2.499707,-4.306618,0.501350,0.890414,1.072568,0.619337,-2.040292,4.153142,2.766910,-1.614631,1.982255,-3.191358,-1.009864,-0.357872,2.389245,1.980990,2.861171,1.120364,-0.776292,2.224802,-1.248130,0.862770,-2.316704,1.815518,0.879711,0.395671,3.777184,0.634215,0.782670,-3.428097,3.890660,3.337861,5.614684,-1.189512,-3.104652,4.156654,0.739606,5.837382,2.416067,-4.306618,5.614684,0.306120,0.2
135,0.2563345052215266,0.32206555556656546,0.07482030581751777,0.16302522490803076,34,47,1.298297145419171,1.2751200646042036,11,False,2.499707,-4.306618,0.501350,0.890414,1.072568,0.619337,-2.040292,4.153142,2.766910,-1.614631,1.982255,-3.191358,-1.009864,-0.357872,2.389245,1.980990,2.861171,1.120364,-0.793410,2.224802,-1.248130,0.862770,-2.316704,1.815518,0.879711,0.395671,3.777184,0.634215,0.782670,-3.428097,3.890660,3.337861,5.614684,-1.189512,-3.104652,4.156654,0.739131,5.838873,2.416376,-4.306618,5.614684,0.305884,0.2
189,0.19174418803127885,0.7462393653159783,0.00012092661324112491,0.1788984926067378,45,50,1.5723442293982492,0.5981378178187013,13,False,2.499707,-4.306618,0.501350,0.890414,1.072568,0.619337,-2.181662,4.153142,2.766910,-1.614631,1.982255,-3.191358,-1.009864,-0.357872,2.389245,1.980990,2.861171,1.120364,-0.675135,2.224802,-1.248130,0.862770,-2.316704,1.815518,0.879711,0.395671,3.777184,0.634215,0.782670,-3.428097,3.890660,3.337861,5.614684,-1.189512,-3.104652,4.156654,0.738489,5.851938,2.419078,-4.306618,5.614684,0.305277,0.2
462,0.7616597802840976,0.7007032308093547,0.0002794615768772421,0.16021687820675276,49,57,1.4151341227415535,0.7725279122145666,14,False,2.499707,-4.306618,0.501350,0.890414,1.072568,0.619337,-2.181662,4.153142,2.766910,-1.614631,1.982255,-3.191358,-1.009864,-0.357872,2.389245,1.980990,2.861171,1.120364,-0.675374,2.224802,-1.248130,0.862770,-2.316704,1.815518,0.879711,0.395671,3.777184,0.634215,0.782670,-3.428097,3.890660,3.337861,5.614684,-1.189512,-3.104652,4.156654,0.738483,5.851958,2.419082,-4.306618,5.614684,0.305274,0.2
191,0.15726546504096453,0.8063390489683554,0.00036914084935856656,0.18447451850252375,45,51,1.5902728796966175,0.5771403254526194,13,False,2.499707,-4.306618,0.501350,0.890414,1.072568,0.619337,-2.181662,4.153142,2.766910,-1.614631,1.982255,-3.191358,-1.009864,-0.357872,2.389245,1.980990,2.861171,1.120364,-0.675509,2.224802,-1.248130,0.862770,-2.316704,1.815518,0.879711,0.395671,3.777184,0.634215,0.782670,-3.428097,3.890660,3.337861,5.614684,-1.189512,-3.104652,4.156654,0.738479,5.851969,2.419084,-4.306618,5.614684,0.305272,0.2
379,0.7648698547415796,0.7486597092113614,0.0004221185274213071,0.14919144480026902,50,60,1.290504405741785,0.6557649101065054,17,False,2.499707,-4.306618,0.501350,0.890414,1.072568,0.619337,-2.181662,4.153142,2.766910,-1.614631,1.982255,-3.191358,-1.009864,-0.357872,2.389245,1.980990,2.861171,1.120364,-0.675588,2.224802,-1.248130,0.862770,-2.316704,1.815518,0.879711,0.395671,3.777184,0.634215,0.782670,-3.428097,3.890660,3.337861,5.614684,-1.189512,-3.104652,4.156654,0.738477,5.851975,2.419086,-4.306618,5.614684,0.305271,0.2
165,0.10225310857993741,0.7463045801222166,0.0010302793307643797,0.18999295883515693,50,56,1.5859215937126545,0.6818132855602912,12,False,2.499707,-4.306618,0.501350,0.890414,1.072568,0.619337,-2.181662,4.153142,2.766910,-1.614631,1.982255,-3.191358,-1.009864,-0.357872,2.389245,1.980990,2.861171,1.120364,-0.676503,2.224802,-1.248130,0.862770,-2.316704,1.815518,0.879711,0.395671,3.777184,0.634215,0.782670,-3.428097,3.890660,3.337861,5.614684,-1.189512,-3.104652,4.156654,0.738451,5.852049,2.419101,-4.306618,5.614684,0.305259,0.2
459,0.8046679447999392,0.8964077388800089,0.001550958359412614,0.17526475465540164,45,55,1.3802146168290788,0.7327568862270413,14,False,2.499707,-4.306618,0.501350,0.890414,1.072568,0.619337,-2.181662,4.153142,2.766910,-1.614631,1.982255,-3.191358,-1.009864,-0.357872,2.389245,1.980990,2.861171,1.120364,-0.677287,2.224802,-1.248130,0.862770,-2.316704,1.815518,0.879711,0.395671,3.777184,0.634215,0.782670,-3.428097,3.890660,3.337861,5.614684,-1.189512,-3.104652,4.156654,0.738430,5.852112,2.419114,-4.306618,5.614684,0.305248,0.2
128,0.31983178126814266,0.4935821040184105,0.00297152127027811,0.1681176580822375,40,59,1.4869569459699281,1.2195825926323536,13,False,2.499707,-4.306618,0.501350,0.890414,1.072568,0.619337,-2.181662,4.153142,2.766910,-1.614631,1.982255,-3.191358,-1.009864,-0.357872,2.389245,1.980990,2.861171,1.120364,-0.679428,2.224802,-1.248130,0.862770,-2.316704,1.815518,0.879711,0.395671,3.777184,0.634215,0.782670,-3.428097,3.890660,3.337861,5.614684,-1.189512,-3.104652,4.156654,0.738370,5.852286,2.419150,-4.306618,5.614684,0.305219,0.2
377,0.7587147014605642,0.8009736558729531,0.004926823825035042,0.16585210969036532,47,60,1.28313130362339,0.6154867754534683,17,False,2.499707,-4.306618,0.501350,0.890414,1.072568,0.619337,-2.181662,4.153142,2.766910,-1.614631,1.982255,-3.191358,-1.009864,-0.357872,2.389245,1.980990,2.861171,1.120364,-0.682383,2.224802,-1.248130,0.862770,-2.316704,1.815518,0.879711,0.395671,3.777184,0.634215,0.782670,-3.428097,3.890660,3.337861,5.614684,-1.189512,-3.104652,4.156654,0.738288,5.852525,2.419199,-4.306618,5.614684,0.305179,0.2
435,0.9533046920217242,0.7664143159104091,0.005998681727613827,0.1600448485833323,48,57,1.3189619972515498,0.668513601713408,17,False,2.499707,-4.306618,0.501350,0.890414,1.072568,0.619337,-2.181662,4.153142,2.766910,-1.614631,1.982255,-3.191358,-1.009864,-0.357872,2.389245,1.980990,2.861171,1.120364,-0.684005,2.224802,-1.248130,0.862770,-2.316704,1.815518,0.879711,0.395671,3.777184,0.634215,0.782670,-3.428097,3.890660,3.337861,5.614684,-1.189512,-3.104652,4.156654,0.738243,5.852657,2.419227,-4.306618,5.614684,0.305157,0.2
498,0.8334695948962577,0.7331276276178174,0.006825312169317872,0.17163564916337418,44,22,1.4333309856629006,0.726833017325343,18,False,2.499707,-4.306618,0.501350,0.890414,1.072568,0.619337,-2.181662,4.153142,2.766910,-1.614631,1.982255,-3.191358,-1.009864,-0.357872,2.389245,1.980990,2.861171,1.120364,-0.685259,2.224802,-1.248130,0.862770,-2.316704,1.815518,0.879711,0.395671,3.777184,0.634215,0.782670,-3.428097,3.890660,3.337861,5.614684,-1.189512,-3.104652,4.156654,0.738208,5.852759,2.419248,-4.306618,5.614684,0.305140,0.2
387,0.8167194257040846,0.7223520722400569,0.007745652398381514,0.1586166656373199,49,57,1.3294016549677115,0.7382908921852159,16,False,2.499707,-4.306618,0.501350,0.890414,1.072568,0.619337,-2.181662,4.153142,2.766910,-1.614631,1.982255,-3.191358,-1.009864,-0.357872,2.389245,1.980990,2.861171,1.120364,-0.686656,2.224802,-1.248130,0.862770,-2.316704,1.815518,0.879711,0.395671,3.777184,0.634215,0.782670,-3.428097,3.890660,3.337861,5.614684,-1.189512,-3.104652,4.156654,0.738169,5.852873,2.419271,-4.306618,5.614684,0.305121,0.2
491,0.7652431043914786,0.7341719322107875,0.00777062088095952,0.1594320796626192,48,58,1.2887778384431832,0.8209828608368894,19,False,2.499707,-4.306618,0.501350,0.890414,1.072568,0.619337,-2.181662,4.153142,2.766910,-1.614631,1.982255,-3.191358,-1.009864,-0.357872,2.389245,1.980990,2.861171,1.120364,-0.686694,2.224802,-1.248130,0.862770,-2.316704,1.815518,0.879711,0.395671,3.777184,0.634215,0.782670,-3.428097,3.890660,3.337861,5.614684,-1.189512,-3.104652,4.156654,0.738168,5.852876,2.419272,-4.306618,5.614684,0.305120,0.2
177,0.14128313725344718,0.758098106420332,0.008451282719755643,0.18417942304962806,54,54,1.6676284393474479,0.79485340083661,11,False,2.499707,-4.306618,0.501350,0.890414,1.072568,0.619337,-2.181662,4.153142,2.766910,-1.614631,1.982255,-3.191358,-1.009864,-0.357872,2.389245,1.980990,2.861171,1.120364,-0.687728,2.224802,-1.248130,0.862770,-2.316704,1.815518,0.879711,0.395671,3.777184,0.634215,0.782670,-3.428097,3.890660,3.337861,5.614684,-1.189512,-3.104652,4.156654,0.738139,5.852960,2.419289,-4.306618,5.614684,0.305106,0.2
454,0.8577752649330471,0.8167792092330926,0.009685742964284375,0.16137484760477422,48,60,1.3590748889506699,0.7317988776210961,16,False,2.499707,-4.306618,0.501350,0.890414,1.072568,0.619337,-2.181662,4.153142,2.766910,-1.614631,1.982255,-3.191358,-1.009864,-0.357872,2.389245,1.980990,2.861171,1.120364,-0.689606,2.224802,-1.248130,0.862770,-2.316704,1.815518,0.879711,0.395671,3.777184,0.634215,0.782670,-3.428097,3.890660,3.337861,5.614684,-1.189512,-3.104652,4.156654,0.738087,5.853113,2.419321,-4.306618,5.614684,0.305080,0.2
488,0.9436866894542687,0.6951607762422362,0.010719891327405365,0.15451723757415012,51,58,1.3278139415950383,0.8618701556818696,18,False,2.499707,-4.306618,0.501350,0.890414,1.072568,0.619337,-2.181662,4.153142,2.766910,-1.614631,1.982255,-3.191358,-1.009864,-0.357872,2.389245,1.980990,2.861171,1.120364,-0.691182,2.224802,-1.248130,0.862770,-2.316704,1.815518,0.879711,0.395671,3.777184,0.634215,0.782670,-3.428097,3.890660,3.337861,5.614684,-1.189512,-3.104652,4.156654,0.738044,5.853242,2.419347,-4.306618,5.614684,0.305059,0.2
460,0.7865182053275692,0.7719604370052284,0.01150668728640096,0.16805134721242343,52,56,1.398946391102639,0.6830893012222173,13,False,2.499707,-4.306618,0.501350,0.890414,1.072568,0.619337,-2.181662,4.153142,2.766910,-1.614631,1.982255,-3.191358,-1.009864,-0.357872,2.389245,1.980990,2.861171,1.120364,-0.692383,2.224802,-1.248130,0.862770,-2.316704,1.815518,0.879711,0.395671,3.777184,0.634215,0.782670,-3.428097,3.890660,3.337861,5.614684,-1.189512,-3.104652,4.156654,0.738010,5.853340,2.419368,-4.306618,5.614684,0.305043,0.2
469,0.772043866275892,0.7270218891797134,0.012577055987399995,0.16164408399647195,54,60,1.3865056388898922,0.8077604771144048,14,False,2.499707,-4.306618,0.501350,0.890414,1.072568,0.619337,-2.181662,4.153142,2.766910,-1.614631,1.982255,-3.191358,-1.009864,-0.357872,2.389245,1.980990,2.861171,1.120364,-0.694018,2.224802,-1.248130,0.862770,-2.316704,1.815518,0.879711,0.395671,3.777184,0.634215,0.782670,-3.428097,3.890660,3.337861,5.614684,-1.189512,-3.104652,4.156654,0.737965,5.853474,2.419395,-4.306618,5.614684,0.305020,0.2
201,0.18645433001432127,0.7921811914073721,0.014143386205703393,0.19384668270967131,51,55,1.6104544973854067,0.7589820698721899,13,False,2.499707,-4.306618,0.501350,0.890414,1.072568,0.619337,-2.181662,4.153142,2.766910,-1.614631,1.982255,-3.191358,-1.009864,-0.357872,2.389245,1.980990,2.861171,1.120364,-0.696416,2.224802,-1.248130,0.862770,-2.316704,1.815518,0.879711,0.395671,3.777184,0.634215,0.782670,-3.428097,3.890660,3.337861,5.614684,-1.189512,-3.104652,4.156654,0.737898,5.853670,2.419436,-4.306618,5.614684,0.304988,0.2
203,0.165521502191123,0.7832311926191869,0.014217271793024684,0.19063849880397943,41,54,1.6316854109266294,0.7445835834587972,13,False,2.499707,-4.306618,0.501350,0.890414,1.072568,0.619337,-2.181662,4.153142,2.766910,-1.614631,1.982255,-3.191358,-1.009864,-0.357872,2.389245,1.980990,2.861171,1.120364,-0.696529,2.224802,-1.248130,0.862770,-2.316704,1.815518,0.879711,0.395671,3.777184,0.634215,0.782670,-3.428097,3.890660,3.337861,5.614684,-1.189512,-3.104652,4.156654,0.737895,5.853679,2.419438,-4.306618,5.614684,0.304986,0.2
168,0.16332956316446162,0.7922423227589547,0.015996503030259547,0.19521825830100537,51,55,1.6172794015810228,0.7176194609000931,13,False,2.499707,-4.306618,0.501350,0.890414,1.072568,0.619337,-2.181662,4.153142,2.766910,-1.614631,1.982255,-3.191358,-1.009864,-0.357872,2.389245,1.980990,2.861171,1.120364,-0.699259,2.224802,-1.248130,0.862770,-2.316704,1.815518,0.879711,0.395671,3.777184,0.634215,0.782670,-3.428097,3.890660,3.337861,5.614684,-1.189512,-3.104652,4.156654,0.737819,5.853903,2.419484,-4.306618,5.614684,0.304949,0.2
182,0.14181578772178713,0.8076456985752594,0.017983831065394147,0.1878334743001224,51,55,1.6127493541841842,0.7726959196650824,12,False,2.499707,-4.306618,0.501350,0.890414,1.072568,0.619337,-2.181662,4.153142,2.766910,-1.614631,1.982255,-3.191358,-1.009864,-0.357872,2.389245,1.980990,2.861171,1.120364,-0.702316,2.224802,-1.248130,0.862770,-2.316704,1.815518,0.879711,0.395671,3.777184,0.634215,0.782670,-3.428097,3.890660,3.337861,5.614684,-1.189512,-3.104652,4.156654,0.737734,5.854155,2.419536,-4.306618,5.614684,0.304907,0.2
384,0.7954918635325009,0.7497959131498583,0.01832443884367854,0.16183065212829092,50,56,1.3045045333212388,0.6890122582612593,17,False,2.499707,-4.306618,0.501350,0.890414,1.072568,0.619337,-2.181662,4.153142,2.766910,-1.614631,1.982255,-3.191358,-1.009864,-0.357872,2.389245,1.980990,2.861171,1.120364,-0.702841,2.224802,-1.248130,0.862770,-2.316704,1.815518,0.879711,0.395671,3.777184,0.634215,0.782670,-3.428097,3.890660,3.337861,5.614684,-1.189512,-3.104652,4.156654,0.737720,5.854198,2.419545,-4.306618,5.614684,0.304900,0.2
132,0.30161318154819905,0.4149960476237411,0.10512257325836909,0.15475258884333615,43,49,1.32662640810764,1.0669480299608536,11,False,2.499707,-4.306618,0.501350,0.890414,1.072568,0.619337,-2.040292,4.153142,2.766910,-1.614631,1.982255,-3.191358,-1.009864,-0.357872,2.389245,1.980990,2.861171,1.120364,-0.844997,2.224802,-1.248130,0.862770,-2.316704,1.815518,0.879711,0.395671,3.777184,0.634215,0.782670,-3.428097,3.890660,3.337861,5.614684,-1.189512,-3.104652,4.156654,0.737698,5.843465,2.417326,-4.306618,5.614684,0.305171,0.2
359,0.8345979250303918,0.7632741099544698,0.01938056548496023,0.15712949839983892,51,57,1.423002654924511,0.8647524122581515,15,False,2.499707,-4.306618,0.501350,0.890414,1.072568,0.619337,-2.181662,4.153142,2.766910,-1.614631,1.982255,-3.191358,-1.009864,-0.357872,2.389245,1.980990,2.861171,1.120364,-0.704470,2.224802,-1.248130,0.862770,-2.316704,1.815518,0.879711,0.395671,3.777184,0.634215,0.782670,-3.428097,3.890660,3.337861,5.614684,-1.189512,-3.104652,4.156654,0.737674,5.854332,2.419573,-4.306618,5.614684,0.304878,0.2
244,0.807836706141417,0.7627256439185307,0.021958741213073184,0.16208598780206754,56,59,1.3476499144740473,0.733823617809624,14,False,2.499707,-4.306618,0.501350,0.890414,1.072568,0.619337,-2.181662,4.153142,2.766910,-1.614631,1.982255,-3.191358,-1.009864,-0.357872,2.389245,1.980990,2.861171,1.120364,-0.708456,2.224802,-1.248130,0.862770,-2.316704,1.815518,0.879711,0.395671,3.777184,0.634215,0.782670,-3.428097,3.890660,3.337861,5.614684,-1.189512,-3.104652,4.156654,0.737564,5.854661,2.419641,-4.306618,5.614684,0.304824,0.2
467,0.8041622910454679,0.6626225625283123,0.02255768260326282,0.16462379948079947,51,59,1.3636897926486535,0.8431884148619502,14,False,2.499707,-4.306618,0.501350,0.890414,1.072568,0.619337,-2.181662,4.153142,2.766910,-1.614631,1.982255,-3.191358,-1.009864,-0.357872,2.389245,1.980990,2.861171,1.120364,-0.709385,2.224802,-1.248130,0.862770,-2.316704,1.815518,0.879711,0.395671,3.777184,0.634215,0.782670,-3.428097,3.890660,3.337861,5.614684,-1.189512,-3.104652,4.156654,0.737538,5.854738,2.419657,-4.306618,5.614684,0.304811,0.2
193,0.1293035092873564,0.8997627685129723,0.023463796416640353,0.18464424055505427,46,50,1.5666680200642509,0.5931650172230177,9,False,2.499707,-4.306618,0.501350,0.890414,1.072568,0.619337,-2.181662,4.153142,2.766910,-1.614631,1.982255,-3.191358,-1.009864,-0.357872,2.389245,1.980990,2.861171,1.120364,-0.710790,2.224802,-1.248130,0.862770,-2.316704,1.815518,0.879711,0.395671,3.777184,0.634215,0.782670,-3.428097,3.890660,3.337861,5.614684,-1.189512,-3.104652,4.156654,0.737499,5.854854,2.419681,-4.306618,5.614684,0.304792,0.2
157,0.13833233401717418,0.7040568627494496,0.023659914435773425,0.19943589959863908,48,58,1.5279936304080408,0.9047198239705382,14,False,2.499707,-4.306618,0.501350,0.890414,1.072568,0.619337,-2.181662,4.153142,2.766910,-1.614631,1.982255,-3.191358,-1.009864,-0.357872,2.389245,1.980990,2.861171,1.120364,-0.711095,2.224802,-1.248130,0.862770,-2.316704,1.815518,0.879711,0.395671,3.777184,0.634215,0.782670,-3.428097,3.890660,3.337861,5.614684,-1.189512,-3.104652,4.156654,0.737490,5.854879,2.419686,-4.306618,5.614684,0.304788,0.2
163,0.10068269130142801,0.6844592303123138,0.023959215439739247,0.19029506324924803,46,56,1.5766422660443218,0.7265859796074244,12,False,2.499707,-4.306618,0.501350,0.890414,1.072568,0.619337,-2.181662,4.153142,2.766910,-1.614631,1.982255,-3.191358,-1.009864,-0.357872,2.389245,1.980990,2.861171,1.120364,-0.711559,2.224802,-1.248130,0.862770,-2.316704,1.815518,0.879711,0.395671,3.777184,0.634215,0.782670,-3.428097,3.890660,3.337861,5.614684,-1.189512,-3.104652,4.156654,0.737477,5.854918,2.419694,-4.306618,5.614684,0.304781,0.2
204,0.21414673609187032,0.7461542597770001,0.024796316250592698,0.19955117396893407,55,57,1.5306744424236138,0.9930279537681603,12,False,2.499707,-4.306618,0.501350,0.890414,1.072568,0.619337,-2.181662,4.153142,2.766910,-1.614631,1.982255,-3.191358,-1.009864,-0.357872,2.389245,1.980990,2.861171,1.120364,-0.712860,2.224802,-1.248130,0.862770,-2.316704,1.815518,0.879711,0.395671,3.777184,0.634215,0.782670,-3.428097,3.890660,3.337861,5.614684,-1.189512,-3.104652,4.156654,0.737441,5.855025,2.419716,-4.306618,5.614684,0.304764,0.2
281,0.8693841990293233,0.7293537733441517,0.025985938330935765,0.17349074724476243,51,59,1.369219089835276,0.8499273695634244,16,True,2.499707,-4.306618,0.501350,0.890414,1.072568,0.619337,-2.181662,4.153142,2.766910,-1.614631,1.982255,-3.191358,-1.009864,-0.357872,2.389245,1.980990,2.861171,1.120364,-0.714712,2.224802,-1.248130,0.862770,-2.316704,1.815518,0.879711,0.395671,3.777184,0.634215,0.782670,-3.428097,3.890660,3.337861,5.614684,-1.189512,-3.104652,4.156654,0.737390,5.855179,2.419748,-4.306618,5.614684,0.304738,0.2
312,0.8149429169966681,0.8025968717568256,0.02753632303730834,0.16442700603149496,51,60,1.3787945044202872,0.724439518843117,14,True,2.499707,-4.306618,0.501350,0.890414,1.072568,0.619337,-2.181662,4.153142,2.766910,-1.614631,1.982255,-3.191358,-1.009864,-0.357872,2.389245,1.980990,2.861171,1.120364,-0.717129,2.224802,-1.248130,0.862770,-2.316704,1.815518,0.879711,0.395671,3.777184,0.634215,0.782670,-3.428097,3.890660,3.337861,5.614684,-1.189512,-3.104652,4.156654,0.737323,5.855380,2.419789,-4.306618,5.614684,0.304705,0.2
369,0.8806174997823569,0.7524978281051691,0.028135631795812403,0.0010020178735430096,48,60,1.3607605699342404,0.8904334262791447,15,True,2.499707,-4.306618,0.501350,0.890414,1.072568,0.619337,-2.181662,4.153142,2.766910,-1.614631,1.982255,-3.191358,-1.009864,-0.357872,2.389245,1.980990,2.861171,1.120364,-0.718065,2.224802,-1.248130,0.862770,-2.316704,1.815518,0.879711,0.395671,3.777184,0.634215,0.782670,-3.428097,3.890660,3.337861,5.614684,-1.189512,-3.104652,4.156654,0.737297,5.855457,2.419805,-4.306618,5.614684,0.304693,0.2
164,0.13494496525977676,0.7747085730921577,0.028984977336194234,0.1950089419817739,47,56,1.584348422857701,0.7391602001566544,13,False,2.499707,-4.306618,0.501350,0.890414,1.072568,0.619337,-2.181662,4.153142,2.766910,-1.614631,1.982255,-3.191358,-1.009864,-0.357872,2.389245,1.980990,2.861171,1.120364,-0.719393,2.224802,-1.248130,0.862770,-2.316704,1.815518,0.879711,0.395671,3.777184,0.634215,0.782670,-3.428097,3.890660,3.337861,5.614684,-1.189512,-3.104652,4.156654,0.737260,5.855568,2.419828,-4.306618,5.614684,0.304674,0.2
413,0.8144028046233381,0.6593214364229022,0.029416624777674875,0.16969646887593173,49,60,1.390998726284221,0.800670173973195,13,False,2.499707,-4.306618,0.501350,0.890414,1.072568,0.619337,-2.181662,4.153142,2.766910,-1.614631,1.982255,-3.191358,-1.009864,-0.357872,2.389245,1.980990,2.861171,1.120364,-0.720068,2.224802,-1.248130,0.862770,-2.316704,1.815518,0.879711,0.395671,3.777184,0.634215,0.782670,-3.428097,3.890660,3.337861,5.614684,-1.189512,-3.104652,4.156654,0.737241,5.855624,2.419840,-4.306618,5.614684,0.304665,0.2
444,0.8641292232188256,0.7447521564735605,0.030485688854819955,0.17383254279119867,46,57,1.3406048832641098,0.8102661104254426,17,False,2.499707,-4.306618,0.501350,0.890414,1.072568,0.619337,-2.181662,4.153142,2.766910,-1.614631,1.982255,-3.191358,-1.009864,-0.357872,2.389245,1.980990,2.861171,1.120364,-0.721743,2.224802,-1.248130,0.862770,-2.316704,1.815518,0.879711,0.395671,3.777184,0.634215,0.782670,-3.428097,3.890660,3.337861,5.614684,-1.189512,-3.104652,4.156654,0.737195,5.855764,2.419869,-4.306618,5.614684,0.304642,0.2
476,0.9205063409830404,0.7226369426121858,0.03159654586115342,0.16828562623780804,45,57,1.4213361313274102,0.676377301021892,13,False,2.499707,-4.306618,0.501350,0.890414,1.072568,0.619337,-2.181662,4.153142,2.766910,-1.614631,1.982255,-3.191358,-1.009864,-0.357872,2.389245,1.980990,2.861171,1.120364,-0.723485,2.224802,-1.248130,0.862770,-2.316704,1.815518,0.879711,0.395671,3.777184,0.634215,0.782670,-3.428097,3.890660,3.337861,5.614684,-1.189512,-3.104652,4.156654,0.737146,5.855909,2.419899,-4.306618,5.614684,0.304619,0.2
330,0.8981403209736776,0.6999746239536169,0.03205503959255203,0.17541754190227277,50,58,1.418748136255781,0.7603245216130294,14,True,2.499707,-4.306618,0.501350,0.890414,1.072568,0.619337,-2.181662,4.153142,2.766910,-1.614631,1.982255,-3.191358,-1.009864,-0.357872,2.389245,1.980990,2.861171,1.120364,-0.724205,2.224802,-1.248130,0.862770,-2.316704,1.815518,0.879711,0.395671,3.777184,0.634215,0.782670,-3.428097,3.890660,3.337861,5.614684,-1.189512,-3.104652,4.156654,0.737126,5.855969,2.419911,-4.306618,5.614684,0.304609,0.2
335,0.7756088071105162,0.7824519338375735,0.03336185813682438,0.17201412927280105,52,58,1.3615743133671054,0.6507644833198825,14,False,2.499707,-4.306618,0.501350,0.890414,1.072568,0.619337,-2.181662,4.153142,2.766910,-1.614631,1.982255,-3.191358,-1.009864,-0.357872,2.389245,1.980990,2.861171,1.120364,-0.726259,2.224802,-1.248130,0.862770,-2.316704,1.815518,0.879711,0.395671,3.777184,0.634215,0.782670,-3.428097,3.890660,3.337861,5.614684,-1.189512,-3.104652,4.156654,0.737069,5.856141,2.419946,-4.306618,5.614684,0.304581,0.2
187,0.22732140792966243,0.9262115946393428,0.034173343138732354,0.19278357743486144,55,53,1.7243582034923597,0.6503826048051362,12,False,2.499707,-4.306618,0.501350,0.890414,1.072568,0.619337,-2.181662,4.153142,2.766910,-1.614631,1.982255,-3.191358,-1.009864,-0.357872,2.389245,1.980990,2.861171,1.120364,-0.727537,2.224802,-1.248130,0.862770,-2.316704,1.815518,0.879711,0.395671,3.777184,0.634215,0.782670,-3.428097,3.890660,3.337861,5.614684,-1.189512,-3.104652,4.156654,0.737034,5.856248,2.419969,-4.306618,5.614684,0.304563,0.2
403,0.827824979082104,0.7696056560634259,0.03440787515957666,0.16629804658902464,56,56,1.3813184368284332,0.7217453208928735,13,False,2.499707,-4.306618,0.501350,0.890414,1.072568,0.619337,-2.181662,4.153142,2.766910,-1.614631,1.982255,-3.191358,-1.009864,-0.357872,2.389245,1.980990,2.861171,1.120364,-0.727907,2.224802,-1.248130,0.862770,-2.316704,1.815518,0.879711,0.395671,3.777184,0.634215,0.782670,-3.428097,3.890660,3.337861,5.614684,-1.189512,-3.104652,4.156654,0.737023,5.856279,2.419975,-4.306618,5.614684,0.304558,0.2
313,0.863199015223498,0.725584005151332,0.03666689622612128,0.16084311943833582,56,39,1.3360120076583808,0.82929359843424,16,True,2.499707,-4.306618,0.501350,0.890414,1.072568,0.619337,-2.181662,4.153142,2.766910,-1.614631,1.982255,-3.191358,-1.009864,-0.357872,2.389245,1.980990,2.861171,1.120364,-0.731472,2.224802,-1.248130,0.862770,-2.316704,1.815518,0.879711,0.395671,3.777184,0.634215,0.782670,-3.428097,3.890660,3.337861,5.614684,-1.189512,-3.104652,4.156654,0.736924,5.856577,2.420037,-4.306618,5.614684,0.304510,0.2
426,0.8700363740778148,0.6968631054820246,0.03667439539086507,0.15723983213497028,50,60,1.3947560548415876,0.8621683750626375,13,False,2.499707,-4.306618,0.501350,0.890414,1.072568,0.619337,-2.181662,4.153142,2.766910,-1.614631,1.982255,-3.191358,-1.009864,-0.357872,2.389245,1.980990,2.861171,1.120364,-0.731484,2.224802,-1.248130,0.862770,-2.316704,1.815518,0.879711,0.395671,3.777184,0.634215,0.782670,-3.428097,3.890660,3.337861,5.614684,-1.189512,-3.104652,4.156654,0.736924,5.856578,2.420037,-4.306618,5.614684,0.304509,0.2
324,0.9163855875971283,0.6828776079533314,0.03719680100328732,0.16249520786899893,48,57,1.3455405310441249,0.6833722041321063,14,False,2.499707,-4.306618,0.501350,0.890414,1.072568,0.619337,-2.181662,4.153142,2.766910,-1.614631,1.982255,-3.191358,-1.009864,-0.357872,2.389245,1.980990,2.861171,1.120364,-0.732310,2.224802,-1.248130,0.862770,-2.316704,1.815518,0.879711,0.395671,3.777184,0.634215,0.782670,-3.428097,3.890660,3.337861,5.614684,-1.189512,-3.104652,4.156654,0.736901,5.856648,2.420051,-4.306618,5.614684,0.304498,0.2
338,0.7945526761210727,0.7670897399063087,0.037365319505599015,0.16466976121151455,48,57,1.4043247634173177,0.7283841651083004,14,False,2.499707,-4.306618,0.501350,0.890414,1.072568,0.619337,-2.181662,4.153142,2.766910,-1.614631,1.982255,-3.191358,-1.009864,-0.357872,2.389245,1.980990,2.861171,1.120364,-0.732577,2.224802,-1.248130,0.862770,-2.316704,1.815518,0.879711,0.395671,3.777184,0.634215,0.782670,-3.428097,3.890660,3.337861,5.614684,-1.189512,-3.104652,4.156654,0.736894,5.856670,2.420056,-4.306618,5.614684,0.304494,0.2
267,0.8284461053437341,0.6717858081748355,0.03860520897101421,0.17131390383639988,50,59,1.3629521874524035,0.8024296032497654,15,True,2.499707,-4.306618,0.501350,0.890414,1.072568,0.619337,-2.181662,4.153142,2.766910,-1.614631,1.982255,-3.191358,-1.009864,-0.357872,2.389245,1.980990,2.861171,1.120364,-0.734540,2.224802,-1.248130,0.862770,-2.316704,1.815518,0.879711,0.395671,3.777184,0.634215,0.782670,-3.428097,3.890660,3.337861,5.614684,-1.189512,-3.104652,4.156654,0.736839,5.856835,2.420090,-4.306618,5.614684,0.304468,0.2
161,0.1779598727128949,0.8086362300490293,0.039913711456738596,0.1916680289890543,49,56,1.4938713449624608,0.9042893366654483,13,False,2.499707,-4.306618,0.501350,0.890414,1.072568,0.619337,-2.181662,4.153142,2.766910,-1.614631,1.982255,-3.191358,-1.009864,-0.357872,2.389245,1.980990,2.861171,1.120364,-0.736616,2.224802,-1.248130,0.862770,-2.316704,1.815518,0.879711,0.395671,3.777184,0.634215,0.782670,-3.428097,3.890660,3.337861,5.614684,-1.189512,-3.104652,4.156654,0.736781,5.857010,2.420126,-4.306618,5.614684,0.304439,0.2
258,0.7930415503967563,0.6789934225140923,0.04350483593810763,0.167952629844073,50,60,1.3494489628108768,0.7821371760160204,15,False,2.499707,-4.306618,0.501350,0.890414,1.072568,0.619337,-2.181662,4.153142,2.766910,-1.614631,1.982255,-3.191358,-1.009864,-0.357872,2.389245,1.980990,2.861171,1.120364,-0.742333,2.224802,-1.248130,0.862770,-2.316704,1.815518,0.879711,0.395671,3.777184,0.634215,0.782670,-3.428097,3.890660,3.337861,5.614684,-1.189512,-3.104652,4.156654,0.736623,5.857492,2.420226,-4.306618,5.614684,0.304361,0.2
293,0.8752797582911347,0.7595678614078762,0.04389123580402651,0.1605901636855775,49,59,1.3420631141648847,0.7120919342418309,15,True,2.499707,-4.306618,0.501350,0.890414,1.072568,0.619337,-2.181662,4.153142,2.766910,-1.614631,1.982255,-3.191358,-1.009864,-0.357872,2.389245,1.980990,2.861171,1.120364,-0.742950,2.224802,-1.248130,0.862770,-2.316704,1.815518,0.879711,0.395671,3.777184,0.634215,0.782670,-3.428097,3.890660,3.337861,5.614684,-1.189512,-3.104652,4.156654,0.736606,5.857544,2.420236,-4.306618,5.614684,0.304353,0.2
422,0.7606930946448247,0.7956071648050388,0.04658673639160381,0.1581431783919556,54,60,1.3793473684971118,0.6738416582232079,14,False,2.499707,-4.306618,0.501350,0.890414,1.072568,0.619337,-2.181662,4.153142,2.766910,-1.614631,1.982255,-3.191358,-1.009864,-0.357872,2.389245,1.980990,2.861171,1.120364,-0.747262,2.224802,-1.248130,0.862770,-2.316704,1.815518,0.879711,0.395671,3.777184,0.634215,0.782670,-3.428097,3.890660,3.337861,5.614684,-1.189512,-3.104652,4.156654,0.736486,5.857909,2.420312,-4.306618,5.614684,0.304294,0.2
405,0.8616229250587438,0.7007039183575146,0.046867322576276293,0.049112426422511984,49,58,1.3362139229973748,0.7058804463187887,17,False,2.499707,-4.306618,0.501350,0.890414,1.072568,0.619337,-2.181662,4.153142,2.766910,-1.614631,1.982255,-3.191358,-1.009864,-0.357872,2.389245,1.980990,2.861171,1.120364,-0.747711,2.224802,-1.248130,0.862770,-2.316704,1.815518,0.879711,0.395671,3.777184,0.634215,0.782670,-3.428097,3.890660,3.337861,5.614684,-1.189512,-3.104652,4.156654,0.736473,5.857947,2.420320,-4.306618,5.614684,0.304288,0.2
351,0.956984737197021,0.754334132995675,0.04738415365527207,0.15703696229950231,50,60,1.3507938074250414,0.6188425712783164,15,True,2.499707,-4.306618,0.501350,0.890414,1.072568,0.619337,-2.181662,4.153142,2.766910,-1.614631,1.982255,-3.191358,-1.009864,-0.357872,2.389245,1.980990,2.861171,1.120364,-0.748540,2.224802,-1.248130,0.862770,-2.316704,1.815518,0.879711,0.395671,3.777184,0.634215,0.782670,-3.428097,3.890660,3.337861,5.614684,-1.189512,-3.104652,4.156654,0.736450,5.858018,2.420334,-4.306618,5.614684,0.304276,0.2
346,0.9220047795480291,0.6905576031423847,0.048609613134907366,0.15334595327163855,51,57,1.3864921806457549,0.8283308615608573,14,False,2.499707,-4.306618,0.501350,0.890414,1.072568,0.619337,-2.181662,4.153142,2.766910,-1.614631,1.982255,-3.191358,-1.009864,-0.357872,2.389245,1.980990,2.861171,1.120364,-0.750508,2.224802,-1.248130,0.862770,-2.316704,1.815518,0.879711,0.395671,3.777184,0.634215,0.782670,-3.428097,3.890660,3.337861,5.614684,-1.189512,-3.104652,4.156654,0.736396,5.858185,2.420369,-4.306618,5.614684,0.304249,0.2
155,0.14899506153735048,0.49319848624229395,0.0501167155300086,0.19035670614802672,44,57,1.4545296773771057,0.9236265776532548,12,False,2.499707,-4.306618,0.501350,0.890414,1.072568,0.619337,-2.181662,4.153142,2.766910,-1.614631,1.982255,-3.191358,-1.009864,-0.357872,2.389245,1.980990,2.861171,1.120364,-0.752933,2.224802,-1.248130,0.862770,-2.316704,1.815518,0.879711,0.395671,3.777184,0.634215,0.782670,-3.428097,3.890660,3.337861,5.614684,-1.189512,-3.104652,4.156654,0.736328,5.858391,2.420411,-4.306618,5.614684,0.304216,0.2
156,0.12897843371008236,0.6703312979153246,0.050730223980009106,0.1999099904175293,47,57,1.5265775985209162,0.9341434879629489,13,False,2.499707,-4.306618,0.501350,0.890414,1.072568,0.619337,-2.181662,4.153142,2.766910,-1.614631,1.982255,-3.191358,-1.009864,-0.357872,2.389245,1.980990,2.861171,1.120364,-0.753921,2.224802,-1.248130,0.862770,-2.316704,1.815518,0.879711,0.395671,3.777184,0.634215,0.782670,-3.428097,3.890660,3.337861,5.614684,-1.189512,-3.104652,4.156654,0.736301,5.858475,2.420429,-4.306618,5.614684,0.304203,0.2
416,0.7899622707575445,0.8459463622327521,0.05182419932619799,0.16624890034289483,54,56,1.3431858299302484,0.6721704247912433,14,False,2.499707,-4.306618,0.501350,0.890414,1.072568,0.619337,-2.181662,4.153142,2.766910,-1.614631,1.982255,-3.191358,-1.009864,-0.357872,2.389245,1.980990,2.861171,1.120364,-0.755686,2.224802,-1.248130,0.862770,-2.316704,1.815518,0.879711,0.395671,3.777184,0.634215,0.782670,-3.428097,3.890660,3.337861,5.614684,-1.189512,-3.104652,4.156654,0.736252,5.858625,2.420460,-4.306618,5.614684,0.304178,0.2
285,0.7789156571787549,0.7051924229575994,0.05500960476070516,0.16620248506331756,49,58,1.367346976686331,0.7361412020601623,14,True,2.499707,-4.306618,0.501350,0.890414,1.072568,0.619337,-2.181662,4.153142,2.766910,-1.614631,1.982255,-3.191358,-1.009864,-0.357872,2.389245,1.980990,2.861171,1.120364,-0.760840,2.224802,-1.248130,0.862770,-2.316704,1.815518,0.879711,0.395671,3.777184,0.634215,0.782670,-3.428097,3.890660,3.337861,5.614684,-1.189512,-3.104652,4.156654,0.736109,5.859066,2.420551,-4.306618,5.614684,0.304108,0.2
345,0.8271779824781041,0.7930974506966859,0.05843539215450046,0.1702816810527082,54,59,1.3258580276235576,0.690582334858596,17,True,2.499707,-4.306618,0.501350,0.890414,1.072568,0.619337,-2.181662,4.153142,2.766910,-1.614631,1.982255,-3.191358,-1.009864,-0.357872,2.389245,1.980990,2.861171,1.120364,-0.766408,2.224802,-1.248130,0.862770,-2.316704,1.815518,0.879711,0.395671,3.777184,0.634215,0.782670,-3.428097,3.890660,3.337861,5.614684,-1.189512,-3.104652,4.156654,0.735954,5.859543,2.420649,-4.306618,5.614684,0.304032,0.2
329,0.8554403400951271,0.7686310287215012,0.06216923532727717,0.17044041249037062,54,60,1.3085569559078225,0.71107314657015,17,False,2.499707,-4.306618,0.501350,0.890414,1.072568,0.619337,-2.181662,4.153142,2.766910,-1.614631,1.982255,-3.191358,-1.009864,-0.357872,2.389245,1.980990,2.861171,1.120364,-0.772507,2.224802,-1.248130,0.862770,-2.316704,1.815518,0.879711,0.395671,3.777184,0.634215,0.782670,-3.428097,3.890660,3.337861,5.614684,-1.189512,-3.104652,4.156654,0.735784,5.860067,2.420758,-4.306618,5.614684,0.303948,0.2
85,0.4970091403108376,0.3462925748794178,0.06591222967060271,0.15147418206344138,42,58,1.4360690337442334,1.4285138543613294,12,False,2.499707,-4.306618,0.501350,0.890414,1.072568,0.619337,-2.181662,4.153142,2.766910,-1.614631,1.982255,-3.191358,-1.009864,-0.357872,2.389245,1.980990,2.861171,1.120364,-0.778653,2.224802,-1.248130,0.862770,-2.316704,1.815518,0.879711,0.395671,3.777184,0.634215,0.782670,-3.428097,3.890660,3.337861,5.614684,-1.189512,-3.104652,4.156654,0.735614,5.860598,2.420867,-4.306618,5.614684,0.303864,0.4
141,0.35788983418576964,0.3883381016312814,0.06793674031253065,0.15068737553323097,34,49,1.3654355840070498,1.1712874198720042,13,False,2.499707,-4.306618,0.501350,0.890414,1.072568,0.619337,-2.181662,4.153142,2.766910,-1.614631,1.982255,-3.191358,-1.009864,-0.357872,2.389245,1.980990,2.861171,1.120364,-0.781991,2.224802,-1.248130,0.862770,-2.316704,1.815518,0.879711,0.395671,3.777184,0.634215,0.782670,-3.428097,3.890660,3.337861,5.614684,-1.189512,-3.104652,4.156654,0.735521,5.860887,2.420927,-4.306618,5.614684,0.303818,0.2
380,0.7945033118703039,0.7840483817647083,0.008780033875132563,0.15657932825152485,47,60,1.256710179251384,0.683826922890666,17,False,2.499707,-4.306618,0.501350,0.890414,1.072568,0.619337,-2.278761,4.153142,2.766910,-1.614631,1.982255,-3.191358,-1.009864,-0.357872,2.389245,1.980990,2.861171,1.120364,-0.688228,2.224802,-1.248130,0.862770,-2.316704,1.815518,0.879711,0.395671,3.777184,0.634215,0.782670,-3.428097,3.890660,3.337861,5.614684,-1.189512,-3.104652,4.156654,0.735428,5.869463,2.422698,-4.306618,5.614684,0.303558,0.2
385,0.8061209067627144,0.7985774868572406,0.008498242901558456,0.03616233466821116,53,59,1.137255990637614,0.7286135882070002,18,False,1.129952,-4.306618,0.501350,0.890414,1.072568,0.095181,3.346334,4.153142,3.041455,-1.614631,1.982255,-3.191358,-1.009864,-0.357872,2.389245,1.980990,2.861171,1.120364,-3.066983,2.224802,-1.248130,0.862770,-2.316704,1.793967,0.879711,0.395671,3.777184,0.634215,0.782670,-3.428097,3.890660,3.337861,5.614684,-1.189512,-3.104652,2.544691,0.735247,5.878487,2.424559,-4.306618,5.614684,0.303250,0.2
81,0.4899022926672312,0.4206791846854963,0.07635669771750742,0.1632317451809444,42,58,1.383180592470198,1.157733289697293,17,False,2.499707,-4.306618,0.501350,0.890414,1.072568,0.619337,-2.181662,4.153142,2.766910,-1.614631,1.982255,-3.191358,-1.009864,-0.357872,2.389245,1.980990,2.861171,1.120364,-0.795973,2.224802,-1.248130,0.862770,-2.316704,1.815518,0.879711,0.395671,3.777184,0.634215,0.782670,-3.428097,3.890660,3.337861,5.614684,-1.189512,-3.104652,4.156654,0.735133,5.862105,2.421178,-4.306618,5.614684,0.303626,0.2
485,0.7752091665341297,0.7739607046898612,0.020636621926853678,0.15357751519720492,48,57,1.3096298676140423,0.782400718049991,13,False,2.499707,-4.306618,0.501350,0.890414,1.072568,0.619337,-2.278761,4.153142,2.766910,-1.614631,1.982255,-3.191358,-1.009864,-0.357872,2.389245,1.980990,2.861171,1.120364,-0.706410,2.224802,-1.248130,0.862770,-2.316704,1.815518,0.879711,0.395671,3.777184,0.634215,0.782670,-3.428097,3.890660,3.337861,5.614684,-1.189512,-3.104652,4.156654,0.734923,5.870952,2.423005,-4.306618,5.614684,0.303311,0.2
73,0.3223479198702414,0.5098468210957525,0.08290818690699503,0.14649515290935194,32,48,1.3880051637218378,1.0651979586249367,17,False,2.499707,-4.306618,0.501350,0.890414,1.072568,0.619337,-2.181662,4.153142,2.766910,-1.614631,1.982255,-3.191358,-1.009864,-0.357872,2.389245,1.980990,2.861171,1.120364,-0.806967,2.224802,-1.248130,0.862770,-2.316704,1.815518,0.879711,0.395671,3.777184,0.634215,0.782670,-3.428097,3.890660,3.337861,5.614684,-1.189512,-3.104652,4.156654,0.734827,5.863070,2.421378,-4.306618,5.614684,0.303475,0.2
93,0.48440752211347843,0.34281046026538436,0.08375450486821868,0.16651965971920693,43,53,1.4319923069480034,1.4090569102220065,11,False,2.499707,-4.306618,0.501350,0.890414,1.072568,0.619337,-2.181662,4.153142,2.766910,-1.614631,1.982255,-3.191358,-1.009864,-0.357872,2.389245,1.980990,2.861171,1.120364,-0.808394,2.224802,-1.248130,0.862770,-2.316704,1.815518,0.879711,0.395671,3.777184,0.634215,0.782670,-3.428097,3.890660,3.337861,5.614684,-1.189512,-3.104652,4.156654,0.734788,5.863196,2.421404,-4.306618,5.614684,0.303455,0.2
72,0.33442294038024173,0.39858019310246473,0.08859345566637314,0.14417509778554924,33,48,1.3601627163985073,1.0704320858418013,17,False,2.499707,-4.306618,0.501350,0.890414,1.072568,0.619337,-2.181662,4.153142,2.766910,-1.614631,1.982255,-3.191358,-1.009864,-0.357872,2.389245,1.980990,2.861171,1.120364,-0.816588,2.224802,-1.248130,0.862770,-2.316704,1.815518,0.879711,0.395671,3.777184,0.634215,0.782670,-3.428097,3.890660,3.337861,5.614684,-1.189512,-3.104652,4.156654,0.734560,5.863921,2.421553,-4.306618,5.614684,0.303342,0.2
372,0.8254546548158559,0.7690371627144658,0.03378021055717095,0.15428350322710283,55,57,1.313040138552166,0.8283980574005098,13,True,2.499707,-4.306618,0.501350,0.890414,1.072568,0.619337,-2.278761,4.153142,2.766910,-1.614631,1.982255,-3.191358,-1.009864,-0.357872,2.389245,1.980990,2.861171,1.120364,-0.726918,2.224802,-1.248130,0.862770,-2.316704,1.815518,0.879711,0.395671,3.777184,0.634215,0.782670,-3.428097,3.890660,3.337861,5.614684,-1.189512,-3.104652,4.156654,0.734354,5.872652,2.423356,-4.306618,5.614684,0.303032,0.2
154,0.20775314685311833,0.4705259573730233,0.036431297873431155,0.18088014142357894,35,52,1.3084774416566511,0.9572637108500586,13,False,2.499707,-4.306618,0.501350,0.890414,1.072568,0.619337,-2.278761,4.153142,2.766910,-1.614631,1.982255,-3.191358,-1.009864,-0.357872,2.389245,1.980990,2.861171,1.120364,-0.731100,2.224802,-1.248130,0.862770,-2.316704,1.815518,0.879711,0.395671,3.777184,0.634215,0.782670,-3.428097,3.890660,3.337861,5.614684,-1.189512,-3.104652,4.156654,0.734238,5.873002,2.423428,-4.306618,5.614684,0.302975,0.2
71,0.4410515377339822,0.3720049361438507,0.10303844429382612,0.14618895887645525,33,48,1.370714769161278,1.07929035256794,17,False,2.499707,-4.306618,0.501350,0.890414,1.072568,0.619337,-2.181662,4.153142,2.766910,-1.614631,1.982255,-3.191358,-1.009864,-0.357872,2.389245,1.980990,2.861171,1.120364,-0.841379,2.224802,-1.248130,0.862770,-2.316704,1.815518,0.879711,0.395671,3.777184,0.634215,0.782670,-3.428097,3.890660,3.337861,5.614684,-1.189512,-3.104652,4.156654,0.733871,5.866135,2.422011,-4.306618,5.614684,0.303001,0.2
70,0.34043641319971707,0.3995012939377161,0.10311301149380535,0.14854017658894672,35,48,1.3623441948242752,1.0990498170627547,17,False,2.499707,-4.306618,0.501350,0.890414,1.072568,0.619337,-2.181662,4.153142,2.766910,-1.614631,1.982255,-3.191358,-1.009864,-0.357872,2.389245,1.980990,2.861171,1.120364,-0.841508,2.224802,-1.248130,0.862770,-2.316704,1.815518,0.879711,0.395671,3.777184,0.634215,0.782670,-3.428097,3.890660,3.337861,5.614684,-1.189512,-3.104652,4.156654,0.733868,5.866147,2.422013,-4.306618,5.614684,0.302999,0.2
91,0.4969448955798451,0.36906780622243507,0.11219234493406605,0.13945275423266112,43,53,1.4719412634055935,1.3338482952000434,12,False,2.499707,-4.306618,0.501350,0.890414,1.072568,0.619337,-2.181662,4.153142,2.766910,-1.614631,1.982255,-3.191358,-1.009864,-0.357872,2.389245,1.980990,2.861171,1.120364,-0.857349,2.224802,-1.248130,0.862770,-2.316704,1.815518,0.879711,0.395671,3.777184,0.634215,0.782670,-3.428097,3.890660,3.337861,5.614684,-1.189512,-3.104652,4.156654,0.733428,5.867580,2.422309,-4.306618,5.614684,0.302780,0.2
78,0.4445500135077902,0.515336245960894,0.11346478812645881,0.17673134915232866,43,50,1.3347447620494544,0.8678700202704761,14,False,2.499707,-4.306618,0.501350,0.890414,1.072568,0.619337,-2.181662,4.153142,2.766910,-1.614631,1.982255,-3.191358,-1.009864,-0.357872,2.389245,1.980990,2.861171,1.120364,-0.859585,2.224802,-1.248130,0.862770,-2.316704,1.815518,0.879711,0.395671,3.777184,0.634215,0.782670,-3.428097,3.890660,3.337861,5.614684,-1.189512,-3.104652,4.156654,0.733366,5.867783,2.422351,-4.306618,5.614684,0.302750,0.2
148,0.30947261377976426,0.6420428087781065,0.06408694398533174,0.19118051977146153,49,56,1.2905638107241733,1.0230267128489163,13,False,2.499707,-4.306618,0.501350,0.890414,1.072568,0.619337,-2.278761,4.153142,2.766910,-1.614631,1.982255,-3.191358,-1.009864,-0.357872,2.389245,1.980990,2.861171,1.120364,-0.775652,2.224802,-1.248130,0.862770,-2.316704,1.815518,0.879711,0.395671,3.777184,0.634215,0.782670,-3.428097,3.890660,3.337861,5.614684,-1.189512,-3.104652,4.156654,0.733000,5.876788,2.424209,-4.306618,5.614684,0.302367,0.2
214,0.708969177929547,0.8292374356159913,0.037672156140522814,0.1725524988716597,47,17,1.2858543279389474,0.5689009171382504,13,False,2.499707,-4.306618,0.501350,0.890414,1.072568,0.619337,-2.278761,4.153142,2.766910,-1.614631,1.982255,-3.191358,-1.009864,-0.357872,2.389245,1.980990,2.861171,0.383641,-0.061981,2.224802,-1.248130,0.862770,-2.316704,1.815518,0.879711,0.395671,3.777184,0.634215,0.782670,-3.428097,3.890660,3.337861,5.614684,-1.189512,-3.104652,4.156654,0.732360,5.829015,2.414335,-4.306618,5.614684,0.303338,0.2
474,0.8463063665757674,0.5193759887743191,0.02771726325096724,0.1745574558679692,50,60,1.3512502215514464,0.8972273888427754,17,False,2.499707,-4.306618,0.501350,0.890414,1.072568,0.619337,-2.181662,4.153142,2.766910,-1.614631,1.982255,-3.191358,-1.009864,-0.357872,2.389245,1.980990,2.861171,1.120364,-0.717412,2.224802,-1.248130,0.862770,-2.316704,1.815518,0.879711,-2.071769,3.777184,0.634215,3.035912,-3.428097,3.890660,3.337861,5.614684,-1.189512,-3.104652,4.156654,0.731365,6.228387,2.495674,-4.306618,5.614684,0.293053,0.2
101,0.44742808794397226,0.404402781453915,0.10918194424801464,0.18337511047366803,42,48,1.384227693417613,1.006069467027938,11,False,2.499707,-4.306618,0.501350,0.890414,1.072568,0.619337,-2.278761,4.153142,2.766910,-1.614631,1.982255,-3.191358,-1.009864,-0.357872,2.389245,1.980990,2.861171,1.120364,-0.852074,2.224802,-1.248130,0.862770,-2.316704,1.815518,0.879711,0.395671,3.777184,0.634215,0.782670,-3.428097,3.890660,3.337861,5.614684,-1.189512,-3.104652,4.156654,0.730877,5.883538,2.425601,-4.306618,5.614684,0.301318,0.2
321,0.8587207139007409,0.5637568771390226,0.039806105664594194,0.17573614760307538,51,58,1.328005627059984,0.8770303769695316,15,False,2.499707,-4.306618,0.501350,0.890414,1.072568,0.619337,-2.181662,4.153142,2.766910,-1.614631,1.982255,-3.191358,-1.009864,-0.357872,2.389245,1.980990,2.861171,1.120364,-0.736445,2.224802,-1.248130,0.862770,-2.316704,1.815518,0.879711,-2.062076,3.777184,0.634215,3.027185,-3.428097,3.890660,3.337861,5.614684,-1.189512,-3.104652,4.156654,0.730863,6.227276,2.495451,-4.306618,5.614684,0.292878,0.2
66,0.5003147151328738,0.3777957128492836,0.17191974203741556,0.1409842286668095,42,54,1.467827037173841,1.3527958995554115,19,False,2.499707,-4.306618,0.501350,0.890414,1.072568,0.619337,-2.181662,4.153142,2.766910,-1.614631,1.982255,-3.191358,-1.009864,-0.357872,2.389245,1.980990,2.861171,1.120364,-0.966694,2.224802,-1.248130,0.862770,-2.316704,1.815518,0.879711,0.395671,3.777184,0.634215,0.782670,-3.428097,3.890660,3.337861,5.614684,-1.189512,-3.104652,4.156654,0.730390,5.877851,2.424428,-4.306618,5.614684,0.301263,0.2
439,0.7772249498323236,0.79208865545507,0.17653348095262283,0.16545107360383504,49,59,1.3246294584611205,0.7193136742425255,18,False,2.499707,-4.306618,0.501350,0.890414,1.072568,0.619337,-2.181662,4.153142,2.766910,-1.614631,1.982255,-3.191358,-1.009864,-0.357872,2.389245,1.980990,2.861171,1.120364,-0.975523,2.224802,-1.248130,0.862770,-2.316704,1.815518,0.879711,0.395671,3.777184,0.634215,0.782670,-3.428097,3.890660,3.337861,5.614684,-1.189512,-3.104652,4.156654,0.730145,5.878710,2.424605,-4.306618,5.614684,0.301140,0.2
442,0.7427464158501826,0.5451772124882595,0.0122768540909691,0.15735020421359716,51,59,1.2982610180173604,0.8739131731218688,13,False,2.499707,-4.306618,0.501350,0.890414,1.072568,0.619337,-2.278761,4.153142,2.766910,-1.614631,1.982255,-3.191358,-1.009864,-0.357872,2.389245,1.980990,2.861171,1.120364,-0.693559,2.224802,-1.248130,0.862770,-2.316704,1.815518,0.879711,-2.083853,3.777184,0.634215,3.046677,-3.428097,3.890660,3.337861,5.614684,-1.189512,-3.104652,4.156654,0.729294,6.246218,2.499243,-4.306618,5.614684,0.291806,0.2
113,0.4766699339070538,0.29163747040755966,0.10287882899923445,0.14836653670153035,37,48,1.4537539072874437,1.3431422830398063,17,False,2.499707,-4.306618,0.501350,0.890414,1.072568,0.619337,-2.181662,4.153142,2.766910,-1.614631,1.982255,-3.191358,-1.009864,-0.357872,2.389245,1.980990,2.861171,1.120364,-3.066983,2.224802,-1.248130,0.862770,-2.316704,1.815518,5.336602,-2.007926,3.777184,0.634215,0.782670,-3.428097,3.890660,3.337861,5.614684,-1.189512,-3.104652,4.156654,0.729085,7.024169,2.650315,-4.306618,5.614684,0.275094,0.2
207,0.15173597390657384,0.8824867595981785,0.04475221670635554,0.18815138115543215,44,53,1.232840742416265,0.6022622978020528,12,False,2.499707,-4.306618,0.501350,0.890414,1.072568,0.619337,-2.468695,4.153142,2.766910,-1.614631,1.982255,-3.191358,-1.009864,-0.357872,2.389245,1.980990,2.861171,1.120364,-0.744325,2.224802,-1.248130,0.862770,-2.316704,1.815518,0.879711,0.395671,3.777184,0.634215,0.782670,-3.428097,3.890660,3.337861,5.614684,-1.189512,-3.104652,4.156654,0.728594,5.907814,2.430599,-4.306618,5.614684,0.299759,0.2
56,0.4693895344591814,0.5255739377043108,0.20542235481846452,0.05986323172501697,38,50,1.7597697210879322,1.0087971894035728,19,False,2.499707,-4.306618,0.501350,0.890414,1.072568,0.619337,-2.181662,4.153142,2.766910,-1.614631,1.982255,-3.191358,-1.009864,-0.357872,2.389245,1.980990,2.861171,1.120364,-1.032106,2.224802,-1.248130,0.862770,-2.316704,1.815518,0.879711,0.395671,3.777184,0.634215,0.782670,-3.428097,3.890660,3.337861,5.614684,-1.189512,-3.104652,4.156654,0.728573,5.884314,2.425760,-4.306618,5.614684,0.300348,0.2
57,0.3843238551600492,0.52814073292474,0.20790483269389076,0.06058126571120939,44,50,1.7934732125841064,1.0749210769196482,19,False,2.499707,-4.306618,0.501350,0.890414,1.072568,0.619337,-2.181662,4.153142,2.766910,-1.614631,1.982255,-3.191358,-1.009864,-0.357872,2.389245,1.980990,2.861171,1.120364,-1.037074,2.224802,-1.248130,0.862770,-2.316704,1.815518,0.879711,0.395671,3.777184,0.634215,0.782670,-3.428097,3.890660,3.337861,5.614684,-1.189512,-3.104652,4.156654,0.728435,5.884814,2.425864,-4.306618,5.614684,0.300279,0.2
495,0.8412522340708491,0.8453477911813837,0.01947977369670181,0.1428613667824983,50,8,1.3777953728342747,0.6835594258645331,18,False,2.499707,-4.306618,0.501350,0.890414,1.072568,0.619337,-2.181662,4.153142,2.766910,-1.614631,1.982255,-3.191358,-1.009864,-0.357872,2.389245,1.980990,2.861171,0.987370,-0.921257,2.224802,-1.248130,0.862770,-2.316704,1.815518,0.879711,0.395671,3.777184,0.634215,0.782670,-3.428097,3.890660,3.337861,5.614684,-1.189512,-3.104652,4.156654,0.727958,5.871040,2.423023,-4.306618,5.614684,0.300434,0.2
246,0.9293175086727518,0.7894734772085293,0.023210708605756417,0.16849244658857532,56,60,1.3291610009649852,0.7077659568994955,14,False,2.499707,-4.306618,0.501350,0.890414,1.072568,0.619337,-2.595764,4.153142,2.766910,-1.614631,1.982255,-3.191358,-1.009864,-0.357872,2.389245,1.980990,2.861171,1.120364,-0.710397,2.224802,-1.248130,0.862770,-2.316704,1.815518,0.879711,0.395671,3.777184,0.634215,0.782670,-3.428097,3.890660,3.337861,5.614684,-1.189512,-3.104652,4.156654,0.726007,5.928661,2.434884,-4.306618,5.614684,0.298169,0.2
309,0.9164516273655152,0.679616555203411,0.26360052356959957,0.1688222515590978,49,60,1.3983418788351984,0.7618270904699794,16,True,2.499707,-4.306618,0.501350,0.890414,1.072568,0.619337,-2.181662,4.153142,2.766910,-1.614631,1.982255,-3.191358,-1.009864,-0.357872,2.389245,1.980990,2.861171,1.120364,-1.153068,2.224802,-1.248130,0.862770,-2.316704,1.815518,0.879711,0.395671,3.777184,0.634215,0.782670,-3.428097,3.890660,3.337861,5.614684,-1.189512,-3.104652,4.156654,0.725213,5.896890,2.428351,-4.306618,5.614684,0.298644,0.2
484,0.802122495588398,0.7331677608747811,0.27740856263377384,0.1567461663264662,51,59,1.375692495446112,0.8394496741390077,13,False,2.499707,-4.306618,0.501350,0.890414,1.072568,0.619337,-2.181662,4.153142,2.766910,-1.614631,1.982255,-3.191358,-1.009864,-0.357872,2.389245,1.980990,2.861171,1.120364,-1.183197,2.224802,-1.248130,0.862770,-2.316704,1.815518,0.879711,0.395671,3.777184,0.634215,0.782670,-3.428097,3.890660,3.337861,5.614684,-1.189512,-3.104652,4.156654,0.724376,5.900149,2.429022,-4.306618,5.614684,0.298217,0.2
399,0.8850300809221731,0.7463652619727845,0.017490289571060108,0.1573600980458024,47,26,1.3695366456314733,0.5518825516701453,13,False,2.499707,-4.306618,0.501350,0.890414,1.072568,0.619337,-2.181662,4.153142,2.766910,-1.614631,1.982255,-3.191358,-1.009864,-0.357872,2.389245,1.980990,2.861171,1.120364,-0.701556,2.224802,-1.248130,0.862770,-2.316704,1.815518,0.879711,0.395671,3.777184,0.634215,0.782670,-3.428097,3.890660,3.337861,5.614684,-1.189512,-3.743376,4.156654,0.720013,6.005667,2.450646,-4.306618,5.614684,0.293805,0.2
410,0.7265798682296305,0.7990451008884345,0.37335595990275816,0.17402803797211702,45,29,1.375125312086271,0.738318097800514,14,False,2.499707,-4.306618,0.501350,0.890414,1.072568,0.619337,-2.181662,4.153142,2.766910,-1.614631,1.982255,-3.191358,-1.009864,-0.357872,2.389245,1.980990,2.861171,1.120364,-1.408126,2.224802,-1.248130,0.862770,-2.316704,1.815518,0.879711,0.395671,3.777184,0.634215,0.782670,-3.428097,3.890660,3.337861,5.614684,-1.189512,-3.104652,4.156654,0.718128,5.926073,2.434353,-4.306618,5.614684,0.294998,0.2
4,0.9726261649881027,1.0401360423556216,0.3875664116805573,0.11957999576221703,46,42,1.894827350427649,0.6234221521788219,19,True,2.499707,-4.306618,0.501350,0.890414,1.072568,0.619337,-2.181662,4.153142,2.766910,-1.614631,1.982255,-3.191358,-1.009864,-0.357872,2.389245,1.980990,2.861171,1.120364,-1.443777,2.224802,-1.248130,0.862770,-2.316704,1.815518,0.879711,0.395671,3.777184,0.634215,0.782670,-3.428097,3.890660,3.337861,5.614684,-1.189512,-3.104652,4.156654,0.717138,5.930440,2.435249,-4.306618,5.614684,0.294482,0.2
470,0.8830695283412731,0.6363829741598016,0.413007325796577,0.1794301877818185,48,56,1.360410623595666,0.750410111665829,13,False,2.499707,-4.306618,0.501350,0.890414,1.072568,0.619337,-2.181662,4.153142,2.766910,-1.614631,1.982255,-3.191358,-1.009864,-0.357872,2.389245,1.980990,2.861171,1.120364,-1.509095,2.224802,-1.248130,0.862770,-2.316704,1.815518,0.879711,0.395671,3.777184,0.634215,0.782670,-3.428097,3.890660,3.337861,5.614684,-1.189512,-3.104652,4.156654,0.715324,5.938624,2.436929,-4.306618,5.614684,0.293535,0.2
357,0.8669344365578314,0.6024337941242125,0.042920474054433805,0.16176680170958538,47,60,1.3674437025470243,0.6827515582729613,14,True,2.499707,-4.306618,0.501350,0.890414,1.072568,0.619337,-2.181662,4.153142,2.766910,-1.614631,1.982255,-3.191358,-1.009864,-0.357872,2.389245,1.980990,2.861171,1.120364,-0.741401,2.224802,-1.248130,0.862770,-2.316704,1.815518,0.879711,-2.059545,3.777184,0.634215,3.024894,-3.428097,3.890660,3.337861,5.614684,-1.189512,-3.748936,4.156654,0.712835,6.379723,2.525811,-4.306618,5.614684,0.282220,0.2
25,0.40419564116638224,1.4039337545154067,0.187791476319972,0.007188454759348418,80,49,1.578280140996174,1.2999278615555303,3,False,2.499707,-4.306618,0.501350,0.890414,1.072568,0.619337,-0.727539,4.153142,2.766910,-1.614631,1.982255,-3.191358,-1.009864,-0.357872,2.389245,1.980990,2.861171,1.120364,-3.066983,2.224802,-1.248130,0.862770,-2.316704,1.815518,0.879711,0.395671,3.777184,0.634215,0.782670,-3.428097,3.890660,3.337861,5.614684,-1.189512,-3.104652,4.144104,0.712093,6.023210,2.454223,-4.306618,5.614684,0.290150,0.1
192,0.15006230362076559,0.8466533349399038,2.6271906510781282e-05,0.17538612402899342,83,51,1.5924903923784328,0.557866966848131,13,False,-3.812596,-4.306618,0.501350,0.890414,1.072568,0.619337,-2.181662,4.153142,2.766910,-2.255691,1.982255,-3.191358,-1.009864,-0.357872,2.389245,1.980990,2.861171,1.120364,-0.674993,2.224802,-1.248130,0.862770,-2.316704,1.815518,0.879711,0.395671,3.777184,5.116075,3.054924,-4.202901,3.890660,3.337861,5.614684,-1.189512,-3.104652,4.156654,0.711436,7.354364,2.711893,-4.306618,5.614684,0.262339,0.2
274,0.8350202672056192,0.5744224832092841,0.034605280741883106,0.15589076487404882,51,60,1.3409609333008432,0.7642614214197277,16,True,-4.146995,-4.306618,0.501350,0.890414,1.072568,0.619337,3.242324,4.153142,2.766910,-1.614631,1.982255,-3.191358,-1.009864,-0.357872,2.389245,1.980990,2.861171,1.120364,-0.728218,2.224802,-1.248130,0.862770,-2.316704,1.815518,0.879711,-2.066272,3.777184,0.634215,3.030973,-3.428097,3.890660,3.337861,5.614684,-1.189512,-3.104652,4.156654,0.697116,6.754851,2.599010,-4.306618,5.614684,0.268224,0.2
136,0.20908948392370427,0.2242551823198543,0.07549762138620898,0.16345149605745254,40,51,1.3004660926733465,1.2607404373315796,11,False,2.499707,-7.921736,0.501350,0.890414,1.072568,0.619337,-2.040292,4.153142,2.766910,-1.614631,1.982255,-3.191358,-1.009864,-0.357872,2.389245,1.980990,2.861171,1.120364,-0.794539,2.224802,-1.248130,0.862770,-2.316704,1.815518,5.365595,-2.032199,3.777184,0.634215,0.782670,-3.428097,3.890660,3.337861,5.614684,-1.189512,-3.104652,4.156654,0.695847,8.079837,2.842505,-7.921736,5.614684,0.244800,0.2
368,0.7845581493897923,0.5824622508692331,0.02009444402246079,0.16701181965622391,52,58,1.3125950313736579,0.7427193886317943,3,False,-4.187728,-4.306618,0.501350,-0.230212,1.072568,0.619337,4.862058,4.153142,2.766910,-1.614631,1.982255,-3.191358,-1.009864,-0.357872,2.389245,1.980990,2.861171,1.120364,-0.705572,2.224802,-1.248130,0.862770,-2.316704,1.815518,0.879711,-2.077776,3.777184,0.634215,3.041279,-3.428097,3.890660,3.337861,5.614684,-1.189512,-3.104652,3.537063,0.693234,6.990044,2.643869,-4.306618,5.614684,0.262204,0.1
48,0.7920886736624595,1.9994353465722612,0.472382864941214,0.09010882706201871,17,53,1.2473481017431975,1.6258020182601551,18,True,2.499707,-4.306618,0.501350,0.890414,1.072568,0.619337,-1.439583,4.153142,2.766910,-1.614631,1.982255,-3.191358,-1.009864,-0.357872,2.389245,1.980990,2.861171,1.120364,-3.066983,2.224802,-1.248130,0.862770,-2.316704,1.815518,0.879711,0.395671,3.777184,0.634215,0.782670,-3.428097,3.890660,3.337861,5.614684,-1.189512,-3.104652,4.156654,0.692662,6.098350,2.469484,-4.306618,5.614684,0.280489,0.2
326,0.7996103249144102,0.8561760196877933,0.046446630197429145,0.15551872613987783,52,57,1.3329584778052819,0.7352692465795937,13,True,2.499707,-4.306618,0.501350,0.890414,1.072568,0.619337,-1.439583,4.153142,2.766910,-1.614631,1.982255,-3.191358,-1.009864,-0.357872,2.389245,1.980990,2.861171,1.120364,-3.066983,2.224802,-1.248130,0.862770,-2.316704,1.815518,0.879711,0.395671,3.777184,0.634215,0.782670,-3.428097,3.890660,3.337861,5.614684,-1.189512,-3.104652,4.156654,0.692662,6.098350,2.469484,-4.306618,5.614684,0.280489,0.2
123,0.22673497000456122,0.2361254404066791,0.05658143272282551,0.1517901033424265,42,58,1.4651643840954403,1.296968097520479,17,False,2.499707,-7.932555,0.501350,0.890414,1.072568,0.619337,-2.181662,4.153142,2.766910,-1.614631,1.982255,-3.191358,-1.009864,-0.357872,2.389245,1.980990,2.861171,1.120364,-0.763392,2.224802,-1.248130,0.862770,-2.316704,1.815518,5.384429,-2.048273,3.777184,0.634215,0.782670,-3.428097,3.890660,3.337861,5.614684,-1.189512,-3.104652,4.156654,0.692561,8.112756,2.848290,-7.932555,5.614684,0.243150,0.2
108,0.544363061922234,0.19189700290535638,0.06794716387674707,0.18117645880927538,39,55,1.5402278235068538,1.609048995148282,10,False,2.499707,-7.926151,0.501350,0.890414,1.072568,0.619337,-2.181662,4.153142,2.766910,-1.614631,1.982255,-3.191358,-1.009864,-0.357872,2.389245,1.980990,2.861171,1.120364,-0.782008,2.224802,-1.248130,0.862770,-2.316704,1.815518,5.373226,-2.038681,3.777184,0.634215,0.782670,-3.428097,3.890660,3.337861,5.614684,-1.189512,-3.104652,4.156654,0.692177,8.106660,2.847220,-7.926151,5.614684,0.243106,0.2
226,0.816078943802125,0.6902752303226096,0.035277258773286205,0.16255635602668006,57,60,1.3361323997789518,0.7023998415749478,14,False,2.499707,-4.306618,0.501350,0.890414,1.072568,0.619337,3.240189,4.153142,2.766910,-1.614631,1.982255,-3.191358,-1.009864,-0.357872,2.389245,1.980990,2.861171,1.120364,-3.066983,-2.481574,-1.248130,0.862770,-2.316704,1.815518,0.879711,0.395671,3.777184,0.634215,0.782670,-3.428097,3.890660,3.337861,5.614684,-1.189512,-3.104652,4.156654,0.691923,6.374685,2.524814,-4.306618,5.614684,0.274049,0.2
286,0.8200032559683278,0.6503510867124775,0.038885379278249615,0.15661985902655087,57,59,1.4188818405682218,0.765603446205281,15,True,2.499707,-4.306618,0.501350,0.890414,1.072568,0.619337,3.228689,4.153142,2.766910,-1.614631,1.982255,-3.191358,-1.009864,-0.357872,2.389245,1.980990,2.861171,1.120364,-3.066983,-2.473313,-1.248130,0.862770,-2.316704,1.815518,0.879711,0.395671,3.777184,0.634215,0.782670,-3.428097,3.890660,3.337861,5.614684,-1.189512,-3.104652,4.156654,0.691833,6.371518,2.524187,-4.306618,5.614684,0.274082,0.2
109,0.5261284658855649,0.11928853898349578,0.0803955170134901,0.19324239478542365,34,52,1.505545924322665,1.4678275891981885,16,False,2.499707,-7.918800,0.501350,0.890414,1.072568,0.619337,-2.181662,4.153142,2.766910,-1.614631,1.982255,-3.191358,-1.009864,-0.357872,2.389245,1.980990,2.861171,1.120364,-0.802739,2.224802,-1.248130,0.862770,-2.316704,1.815518,5.360563,-2.027946,3.777184,0.634215,0.782670,-3.428097,3.890660,3.337861,5.614684,-1.189512,-3.104652,4.156654,0.691752,8.099745,2.846005,-7.918800,5.614684,0.243061,0.2
178,0.1536957153045741,0.5897019884306464,0.002146281280548501,0.17759879684003588,54,53,1.5979649053780098,0.8227054656244297,10,False,2.499707,-4.306618,0.501350,0.890414,1.072568,0.619337,3.342595,4.153142,2.766910,-1.614631,1.982255,-3.191358,-1.009864,-0.357872,2.389245,1.980990,2.861171,1.120364,-0.678184,-2.555549,-1.248130,0.862770,-2.316704,1.815518,0.879711,-2.091604,3.777184,0.634215,0.782670,-3.428097,3.890660,3.337861,5.614684,-1.189512,-3.104652,4.156654,0.689978,6.272266,2.504449,-4.306618,5.614684,0.275501,0.2
465,0.9163295602547995,0.6161339617347065,0.012366916059612409,0.15833126525105476,53,58,1.3680126335107607,0.7312603529282645,14,False,2.499707,-4.306618,0.501350,0.890414,1.072568,0.619337,3.311610,4.153142,2.766910,-1.614631,1.982255,-3.191358,-1.009864,-0.357872,2.389245,1.980990,2.861171,1.120364,-0.693697,-2.533084,-1.248130,0.862770,-2.316704,1.815518,0.879711,-2.083783,3.777184,0.634215,0.782670,-3.428097,3.890660,3.337861,5.614684,-1.189512,-3.104652,4.156654,0.689527,6.263423,2.502683,-4.306618,5.614684,0.275515,0.2
307,0.8831932347826684,0.6109365970497755,0.018700815359106365,0.1530083707809776,53,57,1.367707359918471,0.7415660704828545,14,True,2.499707,-4.306618,0.501350,0.890414,1.072568,0.619337,3.292138,4.153142,2.766910,-1.614631,1.982255,-3.191358,-1.009864,-0.357872,2.389245,1.980990,2.861171,1.120364,-0.703421,-2.519005,-1.248130,0.862770,-2.316704,1.815518,0.879711,-2.078865,3.777184,0.634215,0.782670,-3.428097,3.890660,3.337861,5.614684,-1.189512,-3.104652,4.156654,0.689244,6.257922,2.501584,-4.306618,5.614684,0.275523,0.2
89,0.554809994992094,0.43794698997883064,0.06026761219177798,0.15865996491443404,55,59,1.3944604716158069,1.2456658312866122,11,False,2.499707,-4.306618,0.501350,0.890414,1.072568,0.619337,-1.439583,4.153142,2.766910,-1.614631,1.982255,-3.191358,-1.009864,-0.357872,2.389245,1.980990,2.861171,1.120364,-0.769397,2.224802,-1.248130,0.862770,-2.316704,1.815518,0.879711,-2.045184,3.777184,0.634215,0.782670,-3.428097,3.890660,3.337861,5.614684,-1.189512,-3.104652,4.156654,0.688683,5.967199,2.442785,-4.306618,5.614684,0.281925,0.2
283,0.8059416613559142,0.620604285457923,0.05057234654745416,0.1587316593038983,55,59,1.3252595247899823,0.7826544833607193,16,True,2.499707,-4.306618,0.501350,0.890414,1.072568,0.619337,3.190960,4.153142,2.766910,-1.614631,1.982255,-3.191358,-1.009864,-0.357872,2.389245,1.980990,2.861171,1.120364,-0.753667,-2.446271,-1.248130,0.862770,-2.316704,1.815518,0.879711,-2.053265,3.777184,0.634215,0.782670,-3.428097,3.890660,3.337861,5.614684,-1.189512,-3.104652,4.156654,0.687769,6.230020,2.496001,-4.306618,5.614684,0.275549,0.2
322,0.8144565338741214,0.6282107546343003,0.05257301080932395,0.14962179864488442,54,59,1.3946319281119963,0.7661607066931598,15,False,2.499707,-4.306618,0.501350,0.890414,1.072568,0.619337,3.184428,4.153142,2.766910,-1.614631,1.982255,-3.191358,-1.009864,-0.357872,2.389245,1.980990,2.861171,1.120364,-0.756896,-2.441597,-1.248130,0.862770,-2.316704,1.815518,0.879711,-2.051609,3.777184,0.634215,0.782670,-3.428097,3.890660,3.337861,5.614684,-1.189512,-3.104652,4.156654,0.687674,6.228257,2.495648,-4.306618,5.614684,0.275549,0.2
414,0.848555841239315,0.7664966050117654,0.3289620514741279,0.16417025107014596,57,59,1.3374565024406289,0.6195250003057489,16,False,2.499707,-4.306618,0.501350,0.890414,1.072568,0.619337,2.048520,4.153142,2.766910,-1.614631,1.982255,-3.191358,-1.009864,-0.357872,2.389245,1.980990,2.861171,1.120364,-3.066983,-1.648111,-1.248130,0.862770,-2.316704,1.815518,0.879711,0.395671,3.777184,0.634215,0.782670,-3.428097,3.890660,3.337861,5.614684,-1.189512,-3.104652,4.156654,0.681973,6.110336,2.471909,-4.306618,5.614684,0.275889,0.2
496,0.8139275788841336,0.7701403499301456,0.027331877782725143,0.15148053082055202,84,28,1.3355323722092733,0.6542198604754677,19,False,-4.821348,-4.306618,0.501350,0.890414,1.072568,0.619337,-2.181662,4.153142,2.766910,-2.254827,1.982255,-3.191358,-1.009864,-0.357872,2.389245,1.980990,2.861171,1.120364,-0.716810,2.224802,-1.248130,0.862770,-2.316704,1.815518,0.879711,0.395671,3.777184,5.083290,3.036186,-4.214965,3.890660,3.337861,5.614684,-1.189512,-3.104652,4.156654,0.680511,7.639120,2.763896,-4.821348,5.614684,0.246215,0.2
20,0.9757094992772011,0.735431606118867,0.1965488623333802,0.1589622607083297,102,36,1.631138625997263,0.18734953565618495,18,True,-2.236457,-4.184391,0.501350,1.514680,1.072568,-0.756309,-0.613584,2.988661,2.633335,-2.258181,1.754937,-3.191358,-1.009864,-0.357872,2.389245,1.980990,2.861171,1.120364,-1.014486,-2.068127,-1.248130,0.862770,1.025762,1.815518,0.879711,0.395671,3.777184,2.038885,3.720274,-3.764238,7.145698,4.084423,2.044183,-0.794967,1.958215,-0.578480,0.680254,5.742687,2.396390,-4.184391,7.145698,0.283866,0.2
317,0.8172590248035511,0.6618265129000181,0.03719724554268474,0.1612844286278006,48,60,1.3429249878045244,0.8194249328558199,5,True,2.499707,-4.306618,0.501350,-0.861617,1.072568,0.619337,-0.126610,4.153142,2.766910,-1.614631,1.982255,-3.191358,-1.009864,-0.357872,2.389245,1.980990,2.861171,1.120364,-0.732311,2.224802,-1.248130,0.862770,-2.316704,1.815518,0.879711,0.395671,3.777184,0.634215,0.782670,-3.428097,3.890660,3.337861,5.614684,-1.189512,-3.104652,1.786288,0.679475,5.400851,2.323973,-4.306618,5.614684,0.292376,0.2
1,0.5722807884690141,0.36364993441420124,0.21597250932105788,0.027898772130408367,146,51,1.6118528947223796,0.4246782213565523,7,False,2.394474,-6.958830,2.436450,2.750486,-0.035072,2.480582,-3.363129,4.590863,0.337782,-1.895064,2.476214,-0.816704,-4.150950,-1.438143,4.993536,5.872927,-1.348952,-1.110057,-1.053337,3.398587,-0.394076,4.099008,2.625518,0.671326,-4.107935,-1.893237,5.143704,-2.212810,3.796232,-2.343743,4.299275,4.028197,2.534439,-0.482722,-1.484262,0.619629,0.679450,9.557029,3.091444,-6.958830,5.872927,0.219784,0.2
383,0.7424818686089115,0.8384306479848613,0.013891482331360661,0.15349558939652896,58,37,1.3005231123760113,0.6532666304494978,7,False,2.499707,-4.306618,0.501350,0.890414,1.072568,0.619337,-1.901361,4.153142,2.766910,-1.614631,1.982255,-3.191358,-1.009864,-0.357872,2.389245,1.980990,2.861171,1.120364,-3.066983,2.224802,-1.248130,0.862770,-2.316704,1.815518,0.879711,0.395671,3.777184,0.634215,0.782670,-3.428097,3.890660,3.337861,5.614684,-1.189512,-3.104652,4.128217,0.679045,6.154910,2.480909,-4.306618,5.614684,0.273708,0.2
37,0.6160940993109575,0.6386272751808297,0.31591860608489963,0.0657329090739832,11,55,1.2932107716980645,0.18257335357226712,10,False,2.499707,-4.306618,0.501350,0.890414,1.072568,0.619337,-2.040292,4.153142,2.766910,-1.614631,1.982255,-3.191358,-1.009864,-0.357872,2.389245,1.980990,2.861171,1.120364,-3.066983,2.224802,-1.248130,0.862770,-2.316704,1.815518,0.879711,0.395671,3.777184,0.634215,0.782670,-3.428097,3.890660,3.337861,5.614684,-1.189512,-3.104652,4.156654,0.675976,6.181565,2.486275,-4.306618,5.614684,0.271883,0.2
140,0.24689940304339741,0.4776966880994966,0.033180938073166036,0.17703764291656912,20,50,1.2556791114853343,1.3996829895446683,11,False,2.499707,-4.306618,0.501350,0.890414,1.072568,0.619337,-2.040292,4.153142,2.766910,-1.614631,1.982255,-3.191358,-1.009864,-0.357872,2.389245,1.980990,2.861171,1.120364,-3.066983,2.224802,-1.248130,0.862770,-2.316704,1.815518,0.879711,0.395671,3.777184,0.634215,0.782670,-3.428097,3.890660,3.337861,5.614684,-1.189512,-3.104652,4.156654,0.675976,6.181565,2.486275,-4.306618,5.614684,0.271883,0.2
210,0.2878441832744596,0.727582161532755,0.00930979190683823,0.16769226264784706,62,50,1.2991777790883323,1.713132107706608,12,False,2.499707,-4.306618,0.501350,0.890414,1.072568,0.619337,-2.040292,4.153142,2.766910,-1.614631,1.982255,-3.191358,-1.009864,-0.357872,2.389245,1.980990,2.861171,1.120364,-3.066983,2.224802,-1.248130,0.862770,-2.316704,1.815518,0.879711,0.395671,3.777184,0.634215,0.782670,-3.428097,3.890660,3.337861,5.614684,-1.189512,-3.104652,4.156654,0.675976,6.181565,2.486275,-4.306618,5.614684,0.271883,0.2
9,0.32436300623398745,0.6287119621526533,0.20519146151781487,0.0153959819657586,25,6,1.2287981654916225,1.2728208225275608,16,False,2.499707,-4.306618,0.501350,0.890414,1.072568,0.619337,-2.040292,4.153142,2.766910,-1.614631,1.982255,-3.191358,-1.009864,-0.357872,2.389245,1.980990,2.861171,1.120364,-3.066983,2.224802,-1.248130,0.862770,-2.316704,1.815518,0.879711,0.395671,3.777184,0.634215,0.782670,-3.428097,3.890660,3.337861,5.614684,-1.189512,-3.104652,4.156654,0.675976,6.181565,2.486275,-4.306618,5.614684,0.271883,0.2
54,0.7907695497399583,1.6645073527190737,0.46195732969948516,0.11191080232639661,66,54,1.2095106551492356,0.6885835137199907,17,True,2.499707,-4.306618,0.501350,0.890414,1.072568,0.619337,-2.040292,4.153142,2.766910,-1.614631,1.982255,-3.191358,-1.009864,-0.357872,2.389245,1.980990,2.861171,1.120364,-3.066983,2.224802,-1.248130,0.862770,-2.316704,1.815518,0.879711,0.395671,3.777184,0.634215,0.782670,-3.428097,3.890660,3.337861,5.614684,-1.189512,-3.104652,4.156654,0.675976,6.181565,2.486275,-4.306618,5.614684,0.271883,0.2
149,0.3227417548990682,0.5951366265168178,0.0750327671193018,0.18682288720807239,42,53,1.2077766017030642,1.327625651307915,10,False,2.499707,-4.306618,0.501350,0.649908,1.072568,0.619337,-1.901361,4.153142,2.766910,-1.614631,1.982255,-3.191358,-1.009864,-0.357872,2.389245,1.980990,2.861171,1.120364,-3.066983,2.224802,-1.248130,0.862770,-2.316704,1.815518,0.879711,0.395671,3.777184,0.634215,0.782670,-3.428097,3.890660,3.337861,5.614684,-1.189512,-3.104652,4.160507,0.673261,6.160017,2.481938,-4.306618,5.614684,0.271264,0.2
151,0.17724190675053098,0.507197635739561,0.012949639284921325,0.192742726011005,46,55,1.273962373949908,0.7936851981607093,12,False,2.499707,-4.306618,0.501350,0.890414,1.072568,0.619337,-2.040292,4.153142,2.766910,-1.614631,1.982255,-3.191358,-1.009864,-0.357872,2.389245,1.980990,2.861171,1.120364,-0.694588,2.224802,-1.248130,0.862770,-2.316704,1.815518,0.879711,-2.083333,3.777184,0.634215,0.782670,-3.428097,3.890660,3.337861,5.614684,-1.189512,-3.104652,4.156654,0.673015,6.050240,2.459724,-4.306618,5.614684,0.273614,0.2
6,0.10496990541124217,1.9737738732010346,0.4077307142274171,0.15425406933718916,29,49,1.7290071680409873,0.14910128735954165,15,True,2.499707,-4.306618,0.501350,0.890414,1.072568,0.619337,-2.181662,4.153142,2.766910,-1.614631,1.982255,-3.191358,-1.009864,-0.357872,2.389245,1.980990,2.861171,1.120364,-3.066983,2.224802,-1.248130,0.862770,-2.316704,1.815518,0.879711,0.395671,3.777184,0.634215,0.782670,-3.428097,3.890660,3.337861,5.614684,-1.189512,-3.104652,4.156654,0.672049,6.204063,2.490796,-4.306618,5.614684,0.269813,0.2
7,0.15720251525742127,1.726206851751187,0.1554911608578311,0.12751149427104264,20,25,1.729606178338064,0.23173811905025943,8,True,2.499707,-4.306618,0.501350,0.890414,1.072568,0.619337,-2.181662,4.153142,2.766910,-1.614631,1.982255,-3.191358,-1.009864,-0.357872,2.389245,1.980990,2.861171,1.120364,-3.066983,2.224802,-1.248130,0.862770,-2.316704,1.815518,0.879711,0.395671,3.777184,0.634215,0.782670,-3.428097,3.890660,3.337861,5.614684,-1.189512,-3.104652,4.156654,0.672049,6.204063,2.490796,-4.306618,5.614684,0.269813,0.2
10,0.8233048692092031,1.616240759128834,0.09328502944301792,0.1614880310328125,50,14,1.5393422419156506,1.8593953046851461,18,False,2.499707,-4.306618,0.501350,0.890414,1.072568,0.619337,-2.181662,4.153142,2.766910,-1.614631,1.982255,-3.191358,-1.009864,-0.357872,2.389245,1.980990,2.861171,1.120364,-3.066983,2.224802,-1.248130,0.862770,-2.316704,1.815518,0.879711,0.395671,3.777184,0.634215,0.782670,-3.428097,3.890660,3.337861,5.614684,-1.189512,-3.104652,4.156654,0.672049,6.204063,2.490796,-4.306618,5.614684,0.269813,0.2
12,0.4272666421413646,0.6464058640415105,0.48589104136048034,0.0994497011784771,26,23,1.2517822958253642,1.8858194078250383,20,False,2.499707,-4.306618,0.501350,0.890414,1.072568,0.619337,-2.181662,4.153142,2.766910,-1.614631,1.982255,-3.191358,-1.009864,-0.357872,2.389245,1.980990,2.861171,1.120364,-3.066983,2.224802,-1.248130,0.862770,-2.316704,1.815518,0.879711,0.395671,3.777184,0.634215,0.782670,-3.428097,3.890660,3.337861,5.614684,-1.189512,-3.104652,4.156654,0.672049,6.204063,2.490796,-4.306618,5.614684,0.269813,0.2
29,0.7641072250261917,1.3203947534354625,0.27717702625570034,0.049546197900231494,45,35,1.41960006242779,1.4291918454001247,13,False,2.499707,-4.306618,0.501350,0.890414,1.072568,0.619337,-2.181662,4.153142,2.766910,-1.614631,1.982255,-3.191358,-1.009864,-0.357872,2.389245,1.980990,2.861171,1.120364,-3.066983,2.224802,-1.248130,0.862770,-2.316704,1.815518,0.879711,0.395671,3.777184,0.634215,0.782670,-3.428097,3.890660,3.337861,5.614684,-1.189512,-3.104652,4.156654,0.672049,6.204063,2.490796,-4.306618,5.614684,0.269813,0.2
34,0.20634834485949063,0.04654387147165173,0.3483685826820753,0.14701420876077717,20,22,1.8774720135270528,1.6897506219389091,13,True,2.499707,-4.306618,0.501350,0.890414,1.072568,0.619337,-2.181662,4.153142,2.766910,-1.614631,1.982255,-3.191358,-1.009864,-0.357872,2.389245,1.980990,2.861171,1.120364,-3.066983,2.224802,-1.248130,0.862770,-2.316704,1.815518,0.879711,0.395671,3.777184,0.634215,0.782670,-3.428097,3.890660,3.337861,5.614684,-1.189512,-3.104652,4.156654,0.672049,6.204063,2.490796,-4.306618,5.614684,0.269813,0.2
36,0.5547271352030715,1.5090857481693647,0.4132287330538708,0.07784033574683263,131,29,1.8955232284962005,1.5017421355829947,8,False,2.499707,-4.306618,0.501350,0.890414,1.072568,0.619337,-2.181662,4.153142,2.766910,-1.614631,1.982255,-3.191358,-1.009864,-0.357872,2.389245,1.980990,2.861171,1.120364,-3.066983,2.224802,-1.248130,0.862770,-2.316704,1.815518,0.879711,0.395671,3.777184,0.634215,0.782670,-3.428097,3.890660,3.337861,5.614684,-1.189512,-3.104652,4.156654,0.672049,6.204063,2.490796,-4.306618,5.614684,0.269813,0.2
38,0.15180288401497985,1.5792362855891078,0.27476444116186777,0.07018300251041575,104,47,1.8877041827582999,1.583158087451697,10,False,2.499707,-4.306618,0.501350,0.890414,1.072568,0.619337,-2.181662,4.153142,2.766910,-1.614631,1.982255,-3.191358,-1.009864,-0.357872,2.389245,1.980990,2.861171,1.120364,-3.066983,2.224802,-1.248130,0.862770,-2.316704,1.815518,0.879711,0.395671,3.777184,0.634215,0.782670,-3.428097,3.890660,3.337861,5.614684,-1.189512,-3.104652,4.156654,0.672049,6.204063,2.490796,-4.306618,5.614684,0.269813,0.2
39,0.730872218313208,1.2364361266325221,0.036381503182096764,0.016269756128379952,26,13,1.7062422271564963,1.5230212634349445,17,True,2.499707,-4.306618,0.501350,0.890414,1.072568,0.619337,-2.181662,4.153142,2.766910,-1.614631,1.982255,-3.191358,-1.009864,-0.357872,2.389245,1.980990,2.861171,1.120364,-3.066983,2.224802,-1.248130,0.862770,-2.316704,1.815518,0.879711,0.395671,3.777184,0.634215,0.782670,-3.428097,3.890660,3.337861,5.614684,-1.189512,-3.104652,4.156654,0.672049,6.204063,2.490796,-4.306618,5.614684,0.269813,0.2
49,0.42234644622955647,0.45728561100692544,0.05677879609981451,0.15446367834712788,28,58,1.5203077009037933,1.21234926890176,14,True,2.499707,-4.306618,0.501350,0.890414,1.072568,0.619337,-2.181662,4.153142,2.766910,-1.614631,1.982255,-3.191358,-1.009864,-0.357872,2.389245,1.980990,2.861171,1.120364,-3.066983,2.224802,-1.248130,0.862770,-2.316704,1.815518,0.879711,0.395671,3.777184,0.634215,0.782670,-3.428097,3.890660,3.337861,5.614684,-1.189512,-3.104652,4.156654,0.672049,6.204063,2.490796,-4.306618,5.614684,0.269813,0.2
50,0.9060514392741269,0.9519000132614402,0.12772172938259946,0.11559040931021392,11,43,1.7836296211490168,0.5441176269068655,18,True,2.499707,-4.306618,0.501350,0.890414,1.072568,0.619337,-2.181662,4.153142,2.766910,-1.614631,1.982255,-3.191358,-1.009864,-0.357872,2.389245,1.980990,2.861171,1.120364,-3.066983,2.224802,-1.248130,0.862770,-2.316704,1.815518,0.879711,0.395671,3.777184,0.634215,0.782670,-3.428097,3.890660,3.337861,5.614684,-1.189512,-3.104652,4.156654,0.672049,6.204063,2.490796,-4.306618,5.614684,0.269813,0.2
51,0.3635766152556628,0.9936224927791805,0.22738483835953166,0.023298391144926402,10,52,1.5838367571333247,1.1413847649514843,19,True,2.499707,-4.306618,0.501350,0.890414,1.072568,0.619337,-2.181662,4.153142,2.766910,-1.614631,1.982255,-3.191358,-1.009864,-0.357872,2.389245,1.980990,2.861171,1.120364,-3.066983,2.224802,-1.248130,0.862770,-2.316704,1.815518,0.879711,0.395671,3.777184,0.634215,0.782670,-3.428097,3.890660,3.337861,5.614684,-1.189512,-3.104652,4.156654,0.672049,6.204063,2.490796,-4.306618,5.614684,0.269813,0.2
53,0.7185895399352158,1.0958747622369822,0.11603416682974416,0.08459443809360487,15,43,1.3073698882136537,1.27339185581378,19,True,2.499707,-4.306618,0.501350,0.890414,1.072568,0.619337,-2.181662,4.153142,2.766910,-1.614631,1.982255,-3.191358,-1.009864,-0.357872,2.389245,1.980990,2.861171,1.120364,-3.066983,2.224802,-1.248130,0.862770,-2.316704,1.815518,0.879711,0.395671,3.777184,0.634215,0.782670,-3.428097,3.890660,3.337861,5.614684,-1.189512,-3.104652,4.156654,0.672049,6.204063,2.490796,-4.306618,5.614684,0.269813,0.2
63,0.27439011470357155,0.8322000179507809,0.2511172925369205,0.06380771118820779,55,52,1.6042152718377662,0.9321012876257847,18,False,2.499707,-4.306618,0.501350,0.890414,1.072568,0.619337,-2.181662,4.153142,2.766910,-1.614631,1.982255,-3.191358,-1.009864,-0.357872,2.389245,1.980990,2.861171,1.120364,-3.066983,2.224802,-1.248130,0.862770,-2.316704,1.815518,0.879711,0.395671,3.777184,0.634215,0.782670,-3.428097,3.890660,3.337861,5.614684,-1.189512,-3.104652,4.156654,0.672049,6.204063,2.490796,-4.306618,5.614684,0.269813,0.2
64,0.37312036958321404,1.0760472361425404,0.3763571435561852,0.06830591458696682,72,45,1.7505424574831547,0.8118345734713284,20,False,2.499707,-4.306618,0.501350,0.890414,1.072568,0.619337,-2.181662,4.153142,2.766910,-1.614631,1.982255,-3.191358,-1.009864,-0.357872,2.389245,1.980990,2.861171,1.120364,-3.066983,2.224802,-1.248130,0.862770,-2.316704,1.815518,0.879711,0.395671,3.777184,0.634215,0.782670,-3.428097,3.890660,3.337861,5.614684,-1.189512,-3.104652,4.156654,0.672049,6.204063,2.490796,-4.306618,5.614684,0.269813,0.2
74,0.33295109641931653,0.42322523161885484,0.11925032824152171,0.14479476565378385,32,46,1.3516187078099646,1.2090274584334941,17,False,2.499707,-4.306618,0.501350,0.890414,1.072568,0.619337,-2.181662,4.153142,2.766910,-1.614631,1.982255,-3.191358,-1.009864,-0.357872,2.389245,1.980990,2.861171,1.120364,-3.066983,2.224802,-1.248130,0.862770,-2.316704,1.815518,0.879711,0.395671,3.777184,0.634215,0.782670,-3.428097,3.890660,3.337861,5.614684,-1.189512,-3.104652,4.156654,0.672049,6.204063,2.490796,-4.306618,5.614684,0.269813,0.2
76,0.24061433594827805,0.38234937678120584,0.07563705152247,0.16633762301129185,23,44,1.3811273412532594,1.0836511722312328,16,False,2.499707,-4.306618,0.501350,0.890414,1.072568,0.619337,-2.181662,4.153142,2.766910,-1.614631,1.982255,-3.191358,-1.009864,-0.357872,2.389245,1.980990,2.861171,1.120364,-3.066983,2.224802,-1.248130,0.862770,-2.316704,1.815518,0.879711,0.395671,3.777184,0.634215,0.782670,-3.428097,3.890660,3.337861,5.614684,-1.189512,-3.104652,4.156654,0.672049,6.204063,2.490796,-4.306618,5.614684,0.269813,0.2
82,0.46432917736701623,0.41863933507102025,0.07441372748680543,0.16060729777491747,29,58,1.3717662087012057,1.1726035631047078,17,False,2.499707,-4.306618,0.501350,0.890414,1.072568,0.619337,-2.181662,4.153142,2.766910,-1.614631,1.982255,-3.191358,-1.009864,-0.357872,2.389245,1.980990,2.861171,1.120364,-3.066983,2.224802,-1.248130,0.862770,-2.316704,1.815518,0.879711,0.395671,3.777184,0.634215,0.782670,-3.428097,3.890660,3.337861,5.614684,-1.189512,-3.104652,4.156654,0.672049,6.204063,2.490796,-4.306618,5.614684,0.269813,0.2
94,0.5747579039239905,0.32950942683612905,0.08308232671362832,0.16826388295181238,34,53,1.430259176268404,1.4101272498107353,11,False,2.499707,-4.306618,0.501350,0.890414,1.072568,0.619337,-2.181662,4.153142,2.766910,-1.614631,1.982255,-3.191358,-1.009864,-0.357872,2.389245,1.980990,2.861171,1.120364,-3.066983,2.224802,-1.248130,0.862770,-2.316704,1.815518,0.879711,0.395671,3.777184,0.634215,0.782670,-3.428097,3.890660,3.337861,5.614684,-1.189512,-3.104652,4.156654,0.672049,6.204063,2.490796,-4.306618,5.614684,0.269813,0.2
96,0.5099535465183532,0.44501756949919186,0.05381046606434817,0.1438885286638808,27,52,1.4916430282161628,1.3042197931890087,13,False,2.499707,-4.306618,0.501350,0.890414,1.072568,0.619337,-2.181662,4.153142,2.766910,-1.614631,1.982255,-3.191358,-1.009864,-0.357872,2.389245,1.980990,2.861171,1.120364,-3.066983,2.224802,-1.248130,0.862770,-2.316704,1.815518,0.879711,0.395671,3.777184,0.634215,0.782670,-3.428097,3.890660,3.337861,5.614684,-1.189512,-3.104652,4.156654,0.672049,6.204063,2.490796,-4.306618,5.614684,0.269813,0.2
100,0.2866795015717275,0.5878736719983169,0.06097201633973779,0.15159866885551632,38,56,1.310417471810004,1.1783453381657363,16,False,2.499707,-4.306618,0.501350,0.890414,1.072568,0.619337,-2.181662,4.153142,2.766910,-1.614631,1.982255,-3.191358,-1.009864,-0.357872,2.389245,1.980990,2.861171,1.120364,-3.066983,2.224802,-1.248130,0.862770,-2.316704,1.815518,0.879711,0.395671,3.777184,0.634215,0.782670,-3.428097,3.890660,3.337861,5.614684,-1.189512,-3.104652,4.156654,0.672049,6.204063,2.490796,-4.306618,5.614684,0.269813,0.2
106,0.510426504497397,0.36701749393792255,0.04677941896304193,0.14152888490661183,32,59,1.5577342103830898,1.3793019343826305,17,False,2.499707,-4.306618,0.501350,0.890414,1.072568,0.619337,-2.181662,4.153142,2.766910,-1.614631,1.982255,-3.191358,-1.009864,-0.357872,2.389245,1.980990,2.861171,1.120364,-3.066983,2.224802,-1.248130,0.862770,-2.316704,1.815518,0.879711,0.395671,3.777184,0.634215,0.782670,-3.428097,3.890660,3.337861,5.614684,-1.189512,-3.104652,4.156654,0.672049,6.204063,2.490796,-4.306618,5.614684,0.269813,0.2
117,0.572932220679898,0.4764738111738752,0.051660267206569584,0.17248956383234954,26,57,1.2927232079191606,1.0170295943546988,18,False,2.499707,-4.306618,0.501350,0.890414,1.072568,0.619337,-2.181662,4.153142,2.766910,-1.614631,1.982255,-3.191358,-1.009864,-0.357872,2.389245,1.980990,2.861171,1.120364,-3.066983,2.224802,-1.248130,0.862770,-2.316704,1.815518,0.879711,0.395671,3.777184,0.634215,0.782670,-3.428097,3.890660,3.337861,5.614684,-1.189512,-3.104652,4.156654,0.672049,6.204063,2.490796,-4.306618,5.614684,0.269813,0.2
118,0.40319816747723797,0.21826882129870323,0.08531310474357756,0.19770598174274728,24,49,1.5971511412245623,1.6523530448222858,17,False,2.499707,-4.306618,0.501350,0.890414,1.072568,0.619337,-2.181662,4.153142,2.766910,-1.614631,1.982255,-3.191358,-1.009864,-0.357872,2.389245,1.980990,2.861171,1.120364,-3.066983,2.224802,-1.248130,0.862770,-2.316704,1.815518,0.879711,0.395671,3.777184,0.634215,0.782670,-3.428097,3.890660,3.337861,5.614684,-1.189512,-3.104652,4.156654,0.672049,6.204063,2.490796,-4.306618,5.614684,0.269813,0.2
121,0.561361340738256,0.4241267013658576,0.09761376373297781,0.14593247270770865,34,53,1.4790810694872092,1.2414811020101406,12,False,2.499707,-4.306618,0.501350,0.890414,1.072568,0.619337,-2.181662,4.153142,2.766910,-1.614631,1.982255,-3.191358,-1.009864,-0.357872,2.389245,1.980990,2.861171,1.120364,-3.066983,2.224802,-1.248130,0.862770,-2.316704,1.815518,0.879711,0.395671,3.777184,0.634215,0.782670,-3.428097,3.890660,3.337861,5.614684,-1.189512,-3.104652,4.156654,0.672049,6.204063,2.490796,-4.306618,5.614684,0.269813,0.2
130,0.316092146141272,0.5562891602125544,0.027553926930027686,0.1664828862226187,36,59,1.4932182264405414,1.1396725769801637,17,False,2.499707,-4.306618,0.501350,0.890414,1.072568,0.619337,-2.181662,4.153142,2.766910,-1.614631,1.982255,-3.191358,-1.009864,-0.357872,2.389245,1.980990,2.861171,1.120364,-3.066983,2.224802,-1.248130,0.862770,-2.316704,1.815518,0.879711,0.395671,3.777184,0.634215,0.782670,-3.428097,3.890660,3.337861,5.614684,-1.189512,-3.104652,4.156654,0.672049,6.204063,2.490796,-4.306618,5.614684,0.269813,0.2
131,0.34998709558039054,0.49631645212812564,0.003995213498146504,0.14829249225979022,27,57,1.42929844407764,1.1843351915743499,12,False,2.499707,-4.306618,0.501350,0.890414,1.072568,0.619337,-2.181662,4.153142,2.766910,-1.614631,1.982255,-3.191358,-1.009864,-0.357872,2.389245,1.980990,2.861171,1.120364,-3.066983,2.224802,-1.248130,0.862770,-2.316704,1.815518,0.879711,0.395671,3.777184,0.634215,0.782670,-3.428097,3.890660,3.337861,5.614684,-1.189512,-3.104652,4.156654,0.672049,6.204063,2.490796,-4.306618,5.614684,0.269813,0.2
158,0.1469837762795993,0.7085909259643346,0.010517922966920681,0.19548496099705154,61,58,1.5456966540248558,0.8440531590124467,14,False,2.499707,-4.306618,0.501350,0.890414,1.072568,0.619337,-2.181662,4.153142,2.766910,-1.614631,1.982255,-3.191358,-1.009864,-0.357872,2.389245,1.980990,2.861171,1.120364,-3.066983,2.224802,-1.248130,0.862770,-2.316704,1.815518,0.879711,0.395671,3.777184,0.634215,0.782670,-3.428097,3.890660,3.337861,5.614684,-1.189512,-3.104652,4.156654,0.672049,6.204063,2.490796,-4.306618,5.614684,0.269813,0.2
160,0.12807990658166804,0.8738176195195528,0.022826173771045462,0.19992123161069075,54,57,1.5261925457532344,0.9265542272839731,14,False,2.499707,-4.306618,0.501350,0.890414,1.072568,0.619337,-2.181662,4.153142,2.766910,-1.614631,1.982255,-3.191358,-1.009864,-0.357872,2.389245,1.980990,2.861171,1.120364,-3.066983,2.224802,-1.248130,0.862770,-2.316704,1.815518,0.879711,0.395671,3.777184,0.634215,0.782670,-3.428097,3.890660,3.337861,5.614684,-1.189512,-3.104652,4.156654,0.672049,6.204063,2.490796,-4.306618,5.614684,0.269813,0.2
162,0.17494109175663133,0.8226665936328315,0.041995044386454045,0.19043604531978148,49,59,1.5035491844692404,0.9143422302782868,13,False,2.499707,-4.306618,0.501350,0.890414,1.072568,0.619337,-2.181662,4.153142,2.766910,-1.614631,1.982255,-3.191358,-1.009864,-0.357872,2.389245,1.980990,2.861171,1.120364,-3.066983,2.224802,-1.248130,0.862770,-2.316704,1.815518,0.879711,0.395671,3.777184,0.634215,0.782670,-3.428097,3.890660,3.337861,5.614684,-1.189512,-3.104652,4.156654,0.672049,6.204063,2.490796,-4.306618,5.614684,0.269813,0.2
166,0.11197945246297686,0.7713860555331332,0.0030540890662863374,0.19539245115876586,52,55,1.6296804719123,0.7388799317220448,12,False,2.499707,-4.306618,0.501350,0.890414,1.072568,0.619337,-2.181662,4.153142,2.766910,-1.614631,1.982255,-3.191358,-1.009864,-0.357872,2.389245,1.980990,2.861171,1.120364,-3.066983,2.224802,-1.248130,0.862770,-2.316704,1.815518,0.879711,0.395671,3.777184,0.634215,0.782670,-3.428097,3.890660,3.337861,5.614684,-1.189512,-3.104652,4.156654,0.672049,6.204063,2.490796,-4.306618,5.614684,0.269813,0.2
179,0.121047361283287,0.776147920038569,0.0095556696555599,0.1823975944312884,64,54,1.6620922439114105,0.7753918573033013,11,False,2.499707,-4.306618,0.501350,0.890414,1.072568,0.619337,-2.181662,4.153142,2.766910,-1.614631,1.982255,-3.191358,-1.009864,-0.357872,2.389245,1.980990,2.861171,1.120364,-3.066983,2.224802,-1.248130,0.862770,-2.316704,1.815518,0.879711,0.395671,3.777184,0.634215,0.782670,-3.428097,3.890660,3.337861,5.614684,-1.189512,-3.104652,4.156654,0.672049,6.204063,2.490796,-4.306618,5.614684,0.269813,0.2
180,0.14231692712121846,0.971450530217302,0.03439803704836756,0.17410579169617968,60,55,1.6754974686949955,0.529071377131983,10,False,2.499707,-4.306618,0.501350,0.890414,1.072568,0.619337,-2.181662,4.153142,2.766910,-1.614631,1.982255,-3.191358,-1.009864,-0.357872,2.389245,1.980990,2.861171,1.120364,-3.066983,2.224802,-1.248130,0.862770,-2.316704,1.815518,0.879711,0.395671,3.777184,0.634215,0.782670,-3.428097,3.890660,3.337861,5.614684,-1.189512,-3.104652,4.156654,0.672049,6.204063,2.490796,-4.306618,5.614684,0.269813,0.2
181,0.10166822220552786,0.7243078320306433,0.008610326660742839,0.19461058489182054,52,51,1.6336293516320484,0.8678903217286227,11,False,2.499707,-4.306618,0.501350,0.890414,1.072568,0.619337,-2.181662,4.153142,2.766910,-1.614631,1.982255,-3.191358,-1.009864,-0.357872,2.389245,1.980990,2.861171,1.120364,-3.066983,2.224802,-1.248130,0.862770,-2.316704,1.815518,0.879711,0.395671,3.777184,0.634215,0.782670,-3.428097,3.890660,3.337861,5.614684,-1.189512,-3.104652,4.156654,0.672049,6.204063,2.490796,-4.306618,5.614684,0.269813,0.2
183,0.19293878268547887,0.8532919763244758,0.029908237158662955,0.18483313180271563,52,54,1.6116436607426026,0.7744144852829502,11,False,2.499707,-4.306618,0.501350,0.890414,1.072568,0.619337,-2.181662,4.153142,2.766910,-1.614631,1.982255,-3.191358,-1.009864,-0.357872,2.389245,1.980990,2.861171,1.120364,-3.066983,2.224802,-1.248130,0.862770,-2.316704,1.815518,0.879711,0.395671,3.777184,0.634215,0.782670,-3.428097,3.890660,3.337861,5.614684,-1.189512,-3.104652,4.156654,0.672049,6.204063,2.490796,-4.306618,5.614684,0.269813,0.2
198,0.1521070651409972,0.8253669870603927,0.33391382105021195,0.19138986451288267,38,52,1.5943232941908398,0.8162461533186884,10,False,2.499707,-4.306618,0.501350,0.890414,1.072568,0.619337,-2.181662,4.153142,2.766910,-1.614631,1.982255,-3.191358,-1.009864,-0.357872,2.389245,1.980990,2.861171,1.120364,-3.066983,2.224802,-1.248130,0.862770,-2.316704,1.815518,0.879711,0.395671,3.777184,0.634215,0.782670,-3.428097,3.890660,3.337861,5.614684,-1.189512,-3.104652,4.156654,0.672049,6.204063,2.490796,-4.306618,5.614684,0.269813,0.2
202,0.18371196067263976,1.0368632405500398,0.00017182099371262723,0.1954473924716618,58,55,1.6060856858109753,0.8467179400709405,13,False,2.499707,-4.306618,0.501350,0.890414,1.072568,0.619337,-2.181662,4.153142,2.766910,-1.614631,1.982255,-3.191358,-1.009864,-0.357872,2.389245,1.980990,2.861171,1.120364,-3.066983,2.224802,-1.248130,0.862770,-2.316704,1.815518,0.879711,0.395671,3.777184,0.634215,0.782670,-3.428097,3.890660,3.337861,5.614684,-1.189512,-3.104652,4.156654,0.672049,6.204063,2.490796,-4.306618,5.614684,0.269813,0.2
205,0.11775262058433907,0.8065686813814383,0.05677288369953472,0.1837099293800792,37,51,1.5791081530330728,0.7791954741342024,13,False,2.499707,-4.306618,0.501350,0.890414,1.072568,0.619337,-2.181662,4.153142,2.766910,-1.614631,1.982255,-3.191358,-1.009864,-0.357872,2.389245,1.980990,2.861171,1.120364,-3.066983,2.224802,-1.248130,0.862770,-2.316704,1.815518,0.879711,0.395671,3.777184,0.634215,0.782670,-3.428097,3.890660,3.337861,5.614684,-1.189512,-3.104652,4.156654,0.672049,6.204063,2.490796,-4.306618,5.614684,0.269813,0.2
240,0.8562485055194926,0.7791497032057829,0.02444647452396592,0.16410604466183296,57,60,1.3294803174548062,0.7991838207337104,15,False,2.499707,-4.306618,0.501350,0.890414,1.072568,0.619337,-2.181662,4.153142,2.766910,-1.614631,1.982255,-3.191358,-1.009864,-0.357872,2.389245,1.980990,2.861171,1.120364,-3.066983,2.224802,-1.248130,0.862770,-2.316704,1.815518,0.879711,0.395671,3.777184,0.634215,0.782670,-3.428097,3.890660,3.337861,5.614684,-1.189512,-3.104652,4.156654,0.672049,6.204063,2.490796,-4.306618,5.614684,0.269813,0.2
245,0.8815143540745973,0.7493283975304139,0.0331866855725372,0.15798097826499735,59,59,1.3749476394079982,0.7681642784577247,14,False,2.499707,-4.306618,0.501350,0.890414,1.072568,0.619337,-2.181662,4.153142,2.766910,-1.614631,1.982255,-3.191358,-1.009864,-0.357872,2.389245,1.980990,2.861171,1.120364,-3.066983,2.224802,-1.248130,0.862770,-2.316704,1.815518,0.879711,0.395671,3.777184,0.634215,0.782670,-3.428097,3.890660,3.337861,5.614684,-1.189512,-3.104652,4.156654,0.672049,6.204063,2.490796,-4.306618,5.614684,0.269813,0.2
260,0.8571896861353338,0.7069151252686378,0.05340135635666984,0.164386638989232,59,59,1.383143615320598,0.8581974737631736,15,False,2.499707,-4.306618,0.501350,0.890414,1.072568,0.619337,-2.181662,4.153142,2.766910,-1.614631,1.982255,-3.191358,-1.009864,-0.357872,2.389245,1.980990,2.861171,1.120364,-3.066983,2.224802,-1.248130,0.862770,-2.316704,1.815518,0.879711,0.395671,3.777184,0.634215,0.782670,-3.428097,3.890660,3.337861,5.614684,-1.189512,-3.104652,4.156654,0.672049,6.204063,2.490796,-4.306618,5.614684,0.269813,0.2
271,0.9218579731129061,0.6458703352849536,0.0547697677274457,0.16184833570749949,59,58,1.3586174259112525,0.8704270801533599,16,True,2.499707,-4.306618,0.501350,0.890414,1.072568,0.619337,-2.181662,4.153142,2.766910,-1.614631,1.982255,-3.191358,-1.009864,-0.357872,2.389245,1.980990,2.861171,1.120364,-3.066983,2.224802,-1.248130,0.862770,-2.316704,1.815518,0.879711,0.395671,3.777184,0.634215,0.782670,-3.428097,3.890660,3.337861,5.614684,-1.189512,-3.104652,4.156654,0.672049,6.204063,2.490796,-4.306618,5.614684,0.269813,0.2
288,0.9041921039712707,0.7620552539064093,0.031015214878612876,0.16786715568078772,62,58,1.3873170169411686,0.7933898724904506,14,True,2.499707,-4.306618,0.501350,0.890414,1.072568,0.619337,-2.181662,4.153142,2.766910,-1.614631,1.982255,-3.191358,-1.009864,-0.357872,2.389245,1.980990,2.861171,1.120364,-3.066983,2.224802,-1.248130,0.862770,-2.316704,1.815518,0.879711,0.395671,3.777184,0.634215,0.782670,-3.428097,3.890660,3.337861,5.614684,-1.189512,-3.104652,4.156654,0.672049,6.204063,2.490796,-4.306618,5.614684,0.269813,0.2
291,0.822841286219138,0.7175167147404596,0.040761261315181034,0.16284769025705262,53,57,1.3215040372473446,0.8934891804330046,15,True,2.499707,-4.306618,0.501350,0.890414,1.072568,0.619337,-2.181662,4.153142,2.766910,-1.614631,1.982255,-3.191358,-1.009864,-0.357872,2.389245,1.980990,2.861171,1.120364,-3.066983,2.224802,-1.248130,0.862770,-2.316704,1.815518,0.879711,0.395671,3.777184,0.634215,0.782670,-3.428097,3.890660,3.337861,5.614684,-1.189512,-3.104652,4.156654,0.672049,6.204063,2.490796,-4.306618,5.614684,0.269813,0.2
302,0.8503194127314327,0.787542284498192,0.032696216655111285,0.1737698026386147,61,57,1.3344181528511228,0.8902357577102475,15,True,2.499707,-4.306618,0.501350,0.890414,1.072568,0.619337,-2.181662,4.153142,2.766910,-1.614631,1.982255,-3.191358,-1.009864,-0.357872,2.389245,1.980990,2.861171,1.120364,-3.066983,2.224802,-1.248130,0.862770,-2.316704,1.815518,0.879711,0.395671,3.777184,0.634215,0.782670,-3.428097,3.890660,3.337861,5.614684,-1.189512,-3.104652,4.156654,0.672049,6.204063,2.490796,-4.306618,5.614684,0.269813,0.2
319,0.8964079325916535,1.7204220122927485,0.012684823703735776,0.1703225268530463,56,59,1.3784521345513772,0.6317611456993975,16,True,2.499707,-4.306618,0.501350,0.890414,1.072568,0.619337,-2.181662,4.153142,2.766910,-1.614631,1.982255,-3.191358,-1.009864,-0.357872,2.389245,1.980990,2.861171,1.120364,-3.066983,2.224802,-1.248130,0.862770,-2.316704,1.815518,0.879711,0.395671,3.777184,0.634215,0.782670,-3.428097,3.890660,3.337861,5.614684,-1.189512,-3.104652,4.156654,0.672049,6.204063,2.490796,-4.306618,5.614684,0.269813,0.2
343,0.7736694883876511,1.367872032740302,0.01804458201685209,0.16341404892044015,53,58,1.348043144998169,0.9072246140141957,14,False,2.499707,-4.306618,0.501350,0.890414,1.072568,0.619337,-2.181662,4.153142,2.766910,-1.614631,1.982255,-3.191358,-1.009864,-0.357872,2.389245,1.980990,2.861171,1.120364,-3.066983,2.224802,-1.248130,0.862770,-2.316704,1.815518,0.879711,0.395671,3.777184,0.634215,0.782670,-3.428097,3.890660,3.337861,5.614684,-1.189512,-3.104652,4.156654,0.672049,6.204063,2.490796,-4.306618,5.614684,0.269813,0.2
348,0.8401551157439107,0.7141615467851918,0.00908974849648074,0.17611110054125317,61,58,1.3649133859331448,0.7970265269418915,15,True,2.499707,-4.306618,0.501350,0.890414,1.072568,0.619337,-2.181662,4.153142,2.766910,-1.614631,1.982255,-3.191358,-1.009864,-0.357872,2.389245,1.980990,2.861171,1.120364,-3.066983,2.224802,-1.248130,0.862770,-2.316704,1.815518,0.879711,0.395671,3.777184,0.634215,0.782670,-3.428097,3.890660,3.337861,5.614684,-1.189512,-3.104652,4.156654,0.672049,6.204063,2.490796,-4.306618,5.614684,0.269813,0.2
352,0.8223212345097769,0.8725367515801719,0.03731601180037189,0.1731137998692599,59,58,1.374620495380289,0.7700068233938789,16,False,2.499707,-4.306618,0.501350,0.890414,1.072568,0.619337,-2.181662,4.153142,2.766910,-1.614631,1.982255,-3.191358,-1.009864,-0.357872,2.389245,1.980990,2.861171,1.120364,-3.066983,2.224802,-1.248130,0.862770,-2.316704,1.815518,0.879711,0.395671,3.777184,0.634215,0.782670,-3.428097,3.890660,3.337861,5.614684,-1.189512,-3.104652,4.156654,0.672049,6.204063,2.490796,-4.306618,5.614684,0.269813,0.2
358,0.804790174291964,0.6775401082559137,0.03111743213416064,0.17337677426992282,59,59,1.3294920319745829,0.9317887346459449,17,False,2.499707,-4.306618,0.501350,0.890414,1.072568,0.619337,-2.181662,4.153142,2.766910,-1.614631,1.982255,-3.191358,-1.009864,-0.357872,2.389245,1.980990,2.861171,1.120364,-3.066983,2.224802,-1.248130,0.862770,-2.316704,1.815518,0.879711,0.395671,3.777184,0.634215,0.782670,-3.428097,3.890660,3.337861,5.614684,-1.189512,-3.104652,4.156654,0.672049,6.204063,2.490796,-4.306618,5.614684,0.269813,0.2
386,0.7761145119370672,1.0088117730962285,0.021927258562238868,0.16515531836449482,58,60,1.3248073094293273,0.642889849850373,16,False,2.499707,-4.306618,0.501350,0.890414,1.072568,0.619337,-2.181662,4.153142,2.766910,-1.614631,1.982255,-3.191358,-1.009864,-0.357872,2.389245,1.980990,2.861171,1.120364,-3.066983,2.224802,-1.248130,0.862770,-2.316704,1.815518,0.879711,0.395671,3.777184,0.634215,0.782670,-3.428097,3.890660,3.337861,5.614684,-1.189512,-3.104652,4.156654,0.672049,6.204063,2.490796,-4.306618,5.614684,0.269813,0.2
396,0.8541893678116526,0.8817144177189209,0.028891136476628134,0.1635715620285667,57,60,1.3381907745510928,0.7094566160169843,14,False,2.499707,-4.306618,0.501350,0.890414,1.072568,0.619337,-2.181662,4.153142,2.766910,-1.614631,1.982255,-3.191358,-1.009864,-0.357872,2.389245,1.980990,2.861171,1.120364,-3.066983,2.224802,-1.248130,0.862770,-2.316704,1.815518,0.879711,0.395671,3.777184,0.634215,0.782670,-3.428097,3.890660,3.337861,5.614684,-1.189512,-3.104652,4.156654,0.672049,6.204063,2.490796,-4.306618,5.614684,0.269813,0.2
404,0.9159853489174818,1.5389393295192697,0.010512692904159238,0.16030459431410962,63,60,1.3585744080855098,0.7915238976193342,16,False,2.499707,-4.306618,0.501350,0.890414,1.072568,0.619337,-2.181662,4.153142,2.766910,-1.614631,1.982255,-3.191358,-1.009864,-0.357872,2.389245,1.980990,2.861171,1.120364,-3.066983,2.224802,-1.248130,0.862770,-2.316704,1.815518,0.879711,0.395671,3.777184,0.634215,0.782670,-3.428097,3.890660,3.337861,5.614684,-1.189512,-3.104652,4.156654,0.672049,6.204063,2.490796,-4.306618,5.614684,0.269813,0.2
427,0.8159049659503547,1.2372147894971954,0.06654176776080367,0.16944074089983222,46,59,1.3495614633366428,0.714505184990946,16,True,2.499707,-4.306618,0.501350,0.890414,1.072568,0.619337,-2.181662,4.153142,2.766910,-1.614631,1.982255,-3.191358,-1.009864,-0.357872,2.389245,1.980990,2.861171,1.120364,-3.066983,2.224802,-1.248130,0.862770,-2.316704,1.815518,0.879711,0.395671,3.777184,0.634215,0.782670,-3.428097,3.890660,3.337861,5.614684,-1.189512,-3.104652,4.156654,0.672049,6.204063,2.490796,-4.306618,5.614684,0.269813,0.2
431,0.8321347021043745,0.8194127549475302,0.015149498074071135,0.16731541774138398,52,31,1.293109033767236,0.743944242557672,16,True,2.499707,-4.306618,0.501350,0.890414,1.072568,0.619337,-2.181662,4.153142,2.766910,-1.614631,1.982255,-3.191358,-1.009864,-0.357872,2.389245,1.980990,2.861171,1.120364,-3.066983,2.224802,-1.248130,0.862770,-2.316704,1.815518,0.879711,0.395671,3.777184,0.634215,0.782670,-3.428097,3.890660,3.337861,5.614684,-1.189512,-3.104652,4.156654,0.672049,6.204063,2.490796,-4.306618,5.614684,0.269813,0.2
445,0.7671702477293063,1.8878263033128313,0.001624464618981824,0.14811340023116143,55,60,1.3198680016490585,0.40544342340328965,16,False,2.499707,-4.306618,0.501350,0.890414,1.072568,0.619337,-2.181662,4.153142,2.766910,-1.614631,1.982255,-3.191358,-1.009864,-0.357872,2.389245,1.980990,2.861171,1.120364,-3.066983,2.224802,-1.248130,0.862770,-2.316704,1.815518,0.879711,0.395671,3.777184,0.634215,0.782670,-3.428097,3.890660,3.337861,5.614684,-1.189512,-3.104652,4.156654,0.672049,6.204063,2.490796,-4.306618,5.614684,0.269813,0.2
446,0.8809970565050211,0.8519148845136646,0.2989071093532891,0.1666371088835064,60,59,1.3848237701464206,0.9493468088862127,14,False,2.499707,-4.306618,0.501350,0.890414,1.072568,0.619337,-2.181662,4.153142,2.766910,-1.614631,1.982255,-3.191358,-1.009864,-0.357872,2.389245,1.980990,2.861171,1.120364,-3.066983,2.224802,-1.248130,0.862770,-2.316704,1.815518,0.879711,0.395671,3.777184,0.634215,0.782670,-3.428097,3.890660,3.337861,5.614684,-1.189512,-3.104652,4.156654,0.672049,6.204063,2.490796,-4.306618,5.614684,0.269813,0.2
447,0.818485131038678,1.077535616650239,0.21647602980764125,0.17786254719034986,51,56,1.36490472245506,0.751021902523501,13,False,2.499707,-4.306618,0.501350,0.890414,1.072568,0.619337,-2.181662,4.153142,2.766910,-1.614631,1.982255,-3.191358,-1.009864,-0.357872,2.389245,1.980990,2.861171,1.120364,-3.066983,2.224802,-1.248130,0.862770,-2.316704,1.815518,0.879711,0.395671,3.777184,0.634215,0.782670,-3.428097,3.890660,3.337861,5.614684,-1.189512,-3.104652,4.156654,0.672049,6.204063,2.490796,-4.306618,5.614684,0.269813,0.2
450,0.8033209874874252,0.7828858475803457,0.013893758949279359,0.1629823008424632,58,59,1.4479470961434382,0.7672406805243481,14,False,2.499707,-4.306618,0.501350,0.890414,1.072568,0.619337,-2.181662,4.153142,2.766910,-1.614631,1.982255,-3.191358,-1.009864,-0.357872,2.389245,1.980990,2.861171,1.120364,-3.066983,2.224802,-1.248130,0.862770,-2.316704,1.815518,0.879711,0.395671,3.777184,0.634215,0.782670,-3.428097,3.890660,3.337861,5.614684,-1.189512,-3.104652,4.156654,0.672049,6.204063,2.490796,-4.306618,5.614684,0.269813,0.2
479,0.8211390682961166,0.7674562434900662,0.03068918484668842,0.16393645106497248,52,60,1.382976939483298,0.7536778696254702,16,False,2.499707,-4.306618,0.501350,0.890414,1.072568,0.619337,-2.181662,4.153142,2.766910,-1.614631,1.982255,-3.191358,-1.009864,-0.357872,2.389245,1.980990,2.861171,1.120364,-3.066983,2.224802,-1.248130,0.862770,-2.316704,1.815518,0.879711,0.395671,3.777184,0.634215,0.782670,-3.428097,3.890660,3.337861,5.614684,-1.189512,-3.104652,4.156654,0.672049,6.204063,2.490796,-4.306618,5.614684,0.269813,0.2
489,0.8110978606460086,0.802527064422288,0.015061000434538029,0.1572846065344292,58,55,1.2956884813127754,0.7373117439258731,18,False,2.499707,-4.306618,0.501350,0.890414,1.072568,0.619337,-2.181662,4.153142,2.766910,-1.614631,1.982255,-3.191358,-1.009864,-0.357872,2.389245,1.980990,2.861171,1.120364,-3.066983,2.224802,-1.248130,0.862770,-2.316704,1.815518,0.879711,0.395671,3.777184,0.634215,0.782670,-3.428097,3.890660,3.337861,5.614684,-1.189512,-3.104652,4.156654,0.672049,6.204063,2.490796,-4.306618,5.614684,0.269813,0.2
0,0.15227525095137953,1.1973169683940732,0.4330880728874676,0.004116898859160489,62,58,1.7080725777960455,1.4639878836228102,13,True,2.499707,-4.306618,0.501350,0.890414,1.072568,0.619337,-2.181662,4.153142,2.766910,-1.614631,1.982255,-3.191358,-1.009864,-0.357872,2.389245,1.980990,2.861171,1.120364,-3.066983,2.224802,-1.248130,0.862770,-2.316704,1.815518,0.879711,0.395671,3.777184,0.634215,0.782670,-3.428097,3.890660,3.337861,5.614684,-1.189512,-3.104652,4.156654,0.672049,6.204063,2.490796,-4.306618,5.614684,0.269813,0.2
19,0.3135241787471201,1.303922519005201,0.16269984907963386,0.1698446820988356,32,35,1.6496328990472147,1.3837903953853865,16,False,2.499707,-4.306618,0.501350,0.890414,1.072568,0.619337,-2.181662,4.153142,2.766910,-1.614631,1.982255,-3.191358,-1.009864,-0.357872,2.389245,1.980990,2.861171,1.120364,-3.066983,2.224802,-1.248130,0.862770,-2.316704,1.815518,0.879711,0.395671,3.777184,0.634215,0.782670,-3.428097,3.890660,3.337861,5.614684,-1.189512,-3.104652,4.156654,0.672049,6.204063,2.490796,-4.306618,5.614684,0.269813,0.2
45,0.5824867297097084,1.948789615332333,0.15476380814316387,0.03252338786897826,59,37,1.6847311725538794,0.15546927392996968,17,True,2.499707,-4.306618,0.501350,0.890414,1.072568,0.619337,-2.181662,4.153142,2.766910,-1.614631,1.982255,-3.191358,-1.009864,-0.357872,2.389245,1.980990,2.861171,1.120364,-3.066983,2.224802,-1.248130,0.862770,-2.316704,1.815518,0.879711,0.395671,3.777184,0.634215,0.782670,-3.428097,3.890660,3.337861,5.614684,-1.189512,-3.104652,4.156654,0.672049,6.204063,2.490796,-4.306618,5.614684,0.269813,0.2
59,0.4578855683775027,1.7981633677747721,0.145608815335884,0.0841396034235949,65,45,1.8259335229322635,1.0495245637005044,20,False,2.499707,-4.306618,0.501350,0.890414,1.072568,0.619337,-2.181662,4.153142,2.766910,-1.614631,1.982255,-3.191358,-1.009864,-0.357872,2.389245,1.980990,2.861171,1.120364,-3.066983,2.224802,-1.248130,0.862770,-2.316704,1.815518,0.879711,0.395671,3.777184,0.634215,0.782670,-3.428097,3.890660,3.337861,5.614684,-1.189512,-3.104652,4.156654,0.672049,6.204063,2.490796,-4.306618,5.614684,0.269813,0.2
61,0.9977228456328762,0.5492653889513353,0.20155420670984114,0.19880748544054383,18,49,1.8290418747792392,1.1435635107166637,17,False,2.499707,-4.306618,0.501350,0.890414,1.072568,0.619337,-2.181662,4.153142,2.766910,-1.614631,1.982255,-3.191358,-1.009864,-0.357872,2.389245,1.980990,2.861171,1.120364,-3.066983,2.224802,-1.248130,0.862770,-2.316704,1.815518,0.879711,0.395671,3.777184,0.634215,0.782670,-3.428097,3.890660,3.337861,5.614684,-1.189512,-3.104652,4.156654,0.672049,6.204063,2.490796,-4.306618,5.614684,0.269813,0.2
67,0.49092366819798866,0.49029239872163016,0.13725767477988082,0.14122307020407926,41,49,1.4715116714365277,1.2041927968871842,19,False,2.499707,-4.306618,0.501350,0.890414,1.072568,0.619337,-2.181662,4.153142,2.766910,-1.614631,1.982255,-3.191358,-1.009864,-0.357872,2.389245,1.980990,2.861171,1.120364,-3.066983,2.224802,-1.248130,0.862770,-2.316704,1.815518,0.879711,0.395671,3.777184,0.634215,0.782670,-3.428097,3.890660,3.337861,5.614684,-1.189512,-3.104652,4.156654,0.672049,6.204063,2.490796,-4.306618,5.614684,0.269813,0.2
86,0.4884111285974246,0.3416154622900731,0.015334036502297414,0.18576887239234813,35,58,1.4390886789319985,1.4422393381188512,12,False,2.499707,-4.306618,0.501350,0.890414,1.072568,0.619337,-2.181662,4.153142,2.766910,-1.614631,1.982255,-3.191358,-1.009864,-0.357872,2.389245,1.980990,2.861171,1.120364,-3.066983,2.224802,-1.248130,0.862770,-2.316704,1.815518,0.879711,0.395671,3.777184,0.634215,0.782670,-3.428097,3.890660,3.337861,5.614684,-1.189512,-3.104652,4.156654,0.672049,6.204063,2.490796,-4.306618,5.614684,0.269813,0.2
120,0.38080730532791834,0.3103858789704884,0.06522018796429825,0.17880476987013472,18,45,1.358756180179352,1.7793397947141387,15,False,2.499707,-4.306618,0.501350,0.890414,1.072568,0.619337,-2.181662,4.153142,2.766910,-1.614631,1.982255,-3.191358,-1.009864,-0.357872,2.389245,1.980990,2.861171,1.120364,-3.066983,2.224802,-1.248130,0.862770,-2.316704,1.815518,0.879711,0.395671,3.777184,0.634215,0.782670,-3.428097,3.890660,3.337861,5.614684,-1.189512,-3.104652,4.156654,0.672049,6.204063,2.490796,-4.306618,5.614684,0.269813,0.2
124,0.4570577280474781,0.39480430537379096,0.08167895850889105,0.13447566450912155,30,47,1.5158663748092767,1.4912997014679443,18,False,2.499707,-4.306618,0.501350,0.890414,1.072568,0.619337,-2.181662,4.153142,2.766910,-1.614631,1.982255,-3.191358,-1.009864,-0.357872,2.389245,1.980990,2.861171,1.120364,-3.066983,2.224802,-1.248130,0.862770,-2.316704,1.815518,0.879711,0.395671,3.777184,0.634215,0.782670,-3.428097,3.890660,3.337861,5.614684,-1.189512,-3.104652,4.156654,0.672049,6.204063,2.490796,-4.306618,5.614684,0.269813,0.2
284,0.8880946907966812,0.7427364368339092,0.0282804222667234,0.17283183271813188,52,60,1.3394069077262658,0.8238482502869139,14,True,2.499707,-4.306618,0.501350,0.890414,1.072568,0.619337,-2.181662,4.153142,2.766910,-1.614631,1.982255,-3.191358,-1.009864,-0.357872,2.389245,1.980990,2.861171,1.120364,-3.066983,2.224802,-1.248130,0.862770,-2.316704,1.815518,0.879711,0.395671,3.777184,0.634215,0.782670,-3.428097,3.890660,3.337861,5.614684,-1.189512,-3.104652,4.156654,0.672049,6.204063,2.490796,-4.306618,5.614684,0.269813,0.2
294,0.8084930231214388,1.1335234155052611,0.019145696540422388,0.1655337530415104,54,60,1.3981957815407366,0.8130865156730629,14,True,2.499707,-4.306618,0.501350,0.890414,1.072568,0.619337,-2.181662,4.153142,2.766910,-1.614631,1.982255,-3.191358,-1.009864,-0.357872,2.389245,1.980990,2.861171,1.120364,-3.066983,2.224802,-1.248130,0.862770,-2.316704,1.815518,0.879711,0.395671,3.777184,0.634215,0.782670,-3.428097,3.890660,3.337861,5.614684,-1.189512,-3.104652,4.156654,0.672049,6.204063,2.490796,-4.306618,5.614684,0.269813,0.2
323,0.8745000398843704,0.7944509694612764,0.02236405333294375,0.15881618802226333,58,33,1.3102386447828518,0.8243588892029852,16,True,2.499707,-4.306618,0.501350,0.890414,1.072568,0.619337,-2.181662,4.153142,2.766910,-1.614631,1.982255,-3.191358,-1.009864,-0.357872,2.389245,1.980990,2.861171,1.120364,-3.066983,2.224802,-1.248130,0.862770,-2.316704,1.815518,0.879711,0.395671,3.777184,0.634215,0.782670,-3.428097,3.890660,3.337861,5.614684,-1.189512,-3.104652,4.156654,0.672049,6.204063,2.490796,-4.306618,5.614684,0.269813,0.2
400,0.8499259158307014,0.822782952080069,0.008797369905399172,0.16428027508387974,59,59,1.3469543765338856,0.6503800355162799,17,False,2.499707,-4.306618,0.501350,0.890414,1.072568,0.619337,-2.181662,4.153142,2.766910,-1.614631,1.982255,-3.191358,-1.009864,-0.357872,2.389245,1.980990,2.861171,1.120364,-3.066983,2.224802,-1.248130,0.862770,-2.316704,1.815518,0.879711,0.395671,3.777184,0.634215,0.782670,-3.428097,3.890660,3.337861,5.614684,-1.189512,-3.104652,4.156654,0.672049,6.204063,2.490796,-4.306618,5.614684,0.269813,0.2
137,0.26307698474788943,0.33303327180275266,0.06119603965374908,0.16797291736669845,52,54,1.3166422601751155,1.2953427206919497,10,False,2.499707,-4.306618,0.501350,0.890414,1.072568,0.619337,-2.040292,4.153142,2.766910,-1.614631,1.982255,-3.191358,-1.009864,-0.357872,2.389245,1.980990,2.861171,1.120364,-0.770915,2.224802,-1.248130,0.862770,-2.316704,1.815518,0.879711,-2.044402,3.777184,0.634215,0.782670,-3.428097,3.890660,3.337861,5.614684,-1.189512,-3.104652,4.156654,0.671976,6.050281,2.459732,-4.306618,5.614684,0.273191,0.2
475,0.7338030665339863,0.6737070595896415,0.009030819251183504,0.15772295421528026,61,12,1.4566119425120985,0.8308788485188708,14,False,2.499707,-4.306618,0.501350,0.890414,1.072568,0.619337,0.140494,4.153142,2.766910,-1.614631,1.982255,-3.191358,-1.009864,-0.357872,2.389245,1.980990,2.861171,1.120364,-3.074124,-1.397338,-1.248130,0.862770,-2.316704,1.815518,0.879711,0.395671,1.742059,0.634215,4.106088,-3.428097,3.890660,3.337861,5.614684,-1.189512,-3.104652,4.156654,0.671526,6.128266,2.475533,-4.306618,5.614684,0.271265,0.2
494,0.8540628338999974,0.7054837026178848,0.008871268742850543,0.14913707424290126,46,14,1.404601650145363,0.6195152739009068,18,False,2.499707,-4.306618,0.501350,0.890414,-1.594453,0.619337,-2.181662,4.153142,2.766910,-1.614631,1.982255,-3.191358,-1.009864,-0.357872,2.389245,1.980990,2.861171,1.120364,-0.433370,2.224802,-1.248130,0.862770,-2.316704,1.815518,0.879711,0.395671,3.777184,0.634215,0.782670,-3.428097,3.890660,3.337861,5.614684,-1.189512,-3.104652,4.156654,0.671121,5.981725,2.445757,-4.306618,5.614684,0.274402,0.2
342,0.9055274740057105,0.7418714457097864,0.04168083401982642,0.1679869092796746,64,57,1.2949505145143663,0.803594296307586,15,True,2.499707,-4.306618,0.501350,0.890414,1.072568,0.619337,-1.457383,4.153142,2.766910,-1.614631,1.982255,-3.191358,-1.009864,-0.357872,2.389245,1.980990,2.861171,1.120364,-3.066983,2.224802,-1.248130,0.862770,-2.316704,1.815518,0.879711,0.395671,3.777184,0.634215,0.782670,-4.221174,3.890660,3.337861,5.614684,-1.189512,-3.104652,4.156654,0.670138,6.304724,2.510921,-4.306618,5.614684,0.266889,0.2
87,0.43489487590834497,0.5776169328293881,0.0680042782687162,0.14978155398035248,25,60,1.2808010098976486,1.1189908668282658,14,False,2.499707,-4.306618,0.501350,0.890414,1.072568,0.619337,-2.278761,4.153142,2.766910,-1.614631,1.982255,-3.191358,-1.009864,-0.357872,2.389245,1.980990,2.861171,1.120364,-3.066983,2.224802,-1.248130,0.862770,-2.316704,1.815518,0.879711,0.395671,3.777184,0.634215,0.782670,-3.428097,3.890660,3.337861,5.614684,-1.189512,-3.104652,4.156654,0.669352,6.220159,2.494025,-4.306618,5.614684,0.268382,0.2
98,0.5979616025177388,0.6740123247502863,0.07360215568183356,0.1595583509524146,23,59,1.3671534904168352,1.329246306097255,11,False,2.499707,-4.306618,0.501350,0.890414,1.072568,0.619337,-2.278761,4.153142,2.766910,-1.614631,1.982255,-3.191358,-1.009864,-0.357872,2.389245,1.980990,2.861171,1.120364,-3.066983,2.224802,-1.248130,0.862770,-2.316704,1.815518,0.879711,0.395671,3.777184,0.634215,0.782670,-3.428097,3.890660,3.337861,5.614684,-1.189512,-3.104652,4.156654,0.669352,6.220159,2.494025,-4.306618,5.614684,0.268382,0.2
111,0.4916150933379363,0.3081783081861743,0.08858459680185404,0.15697163454088478,29,53,1.4090940503059661,1.414461004873213,10,False,2.499707,-4.306618,0.501350,0.890414,1.072568,0.619337,-2.278761,4.153142,2.766910,-1.614631,1.982255,-3.191358,-1.009864,-0.357872,2.389245,1.980990,2.861171,1.120364,-3.066983,2.224802,-1.248130,0.862770,-2.316704,1.815518,0.879711,0.395671,3.777184,0.634215,0.782670,-3.428097,3.890660,3.337861,5.614684,-1.189512,-3.104652,4.156654,0.669352,6.220159,2.494025,-4.306618,5.614684,0.268382,0.2
127,0.42809611511575163,0.44916817983106505,0.11437838688827857,0.15741102548467284,32,51,1.3625112501442271,1.3626926366981646,11,False,2.499707,-4.306618,0.501350,0.890414,1.072568,0.619337,-2.278761,4.153142,2.766910,-1.614631,1.982255,-3.191358,-1.009864,-0.357872,2.389245,1.980990,2.861171,1.120364,-3.066983,2.224802,-1.248130,0.862770,-2.316704,1.815518,0.879711,0.395671,3.777184,0.634215,0.782670,-3.428097,3.890660,3.337861,5.614684,-1.189512,-3.104652,4.156654,0.669352,6.220159,2.494025,-4.306618,5.614684,0.268382,0.2
153,0.2568633758062633,0.5570652178192828,0.022441250523811372,0.18366939958681608,42,54,1.3337724002277602,1.2348227928744686,12,False,2.499707,-4.306618,0.501350,0.890414,1.072568,0.619337,-2.278761,4.153142,2.766910,-1.614631,1.982255,-3.191358,-1.009864,-0.357872,2.389245,1.980990,2.861171,1.120364,-3.066983,2.224802,-1.248130,0.862770,-2.316704,1.815518,0.879711,0.395671,3.777184,0.634215,0.782670,-3.428097,3.890660,3.337861,5.614684,-1.189512,-3.104652,4.156654,0.669352,6.220159,2.494025,-4.306618,5.614684,0.268382,0.2
103,0.4232463980400918,0.4718996641794501,0.015786412989636643,0.17480372518579046,47,54,1.4244482902163715,1.1193159965181145,12,False,2.499707,-4.306618,0.501350,0.890414,1.072568,0.619337,-2.181662,4.153142,2.766910,-1.614631,1.982255,-3.191358,-1.009864,-0.357872,2.389245,1.980990,2.861171,1.120364,-0.698936,2.224802,-1.248130,0.862770,-2.316704,1.815518,0.879711,-2.081135,3.777184,0.634215,0.782670,-3.428097,3.890660,3.337861,5.614684,-1.189512,-3.104652,4.156654,0.669028,6.072708,2.464286,-4.306618,5.614684,0.271490,0.2
112,0.5091161672708561,0.40078197027288925,0.06774231818931445,0.12106215623613381,45,55,1.542212006960343,1.28076099801074,17,False,2.499707,-4.306618,0.501350,0.890414,1.072568,0.619337,-2.181662,4.153142,2.766910,-1.614631,1.982255,-3.191358,-1.009864,-0.357872,2.389245,1.980990,2.861171,1.120364,-0.781670,2.224802,-1.248130,0.862770,-2.316704,1.815518,0.879711,-2.038856,3.777184,0.634215,0.782670,-3.428097,3.890660,3.337861,5.614684,-1.189512,-3.104652,4.156654,0.667904,6.072776,2.464300,-4.306618,5.614684,0.271032,0.2
126,0.538888641550903,0.36613698466974304,0.09297235264798948,0.1871383378655478,45,55,1.3992741808547284,1.4444090244352559,16,False,2.499707,-4.306618,0.501350,0.890414,1.072568,0.619337,-2.181662,4.153142,2.766910,-1.614631,1.982255,-3.191358,-1.009864,-0.357872,2.389245,1.980990,2.861171,1.120364,-0.824050,2.224802,-1.248130,0.862770,-2.316704,1.815518,0.879711,-2.016849,3.777184,0.634215,0.782670,-3.428097,3.890660,3.337861,5.614684,-1.189512,-3.104652,4.156654,0.667338,6.072947,2.464335,-4.306618,5.614684,0.270799,0.2
68,0.5240022034956011,0.3746978768940517,0.17100293303983594,0.13684585118432901,50,31,1.5683231992898274,1.3695133001606021,18,False,2.499707,-4.306618,0.501350,0.890414,1.072568,0.619337,-2.181662,4.153142,2.766910,-1.614631,1.982255,-3.191358,-1.009864,-0.357872,2.389245,1.980990,2.861171,1.120364,-0.964946,2.224802,-1.248130,0.862770,-2.316704,1.815518,0.879711,-1.941851,3.777184,0.634215,0.782670,-3.428097,3.890660,3.337861,5.614684,-1.189512,-3.104652,4.156654,0.665508,6.074176,2.464584,-4.306618,5.614684,0.270028,0.2
58,0.4091915316184033,0.47081563816727917,0.20486763199883629,0.056872037370444696,46,50,1.7813034860439625,1.0365467372967685,19,True,2.499707,-4.306618,0.501350,0.890414,1.072568,0.619337,-2.181662,4.153142,2.766910,-1.614631,1.982255,-3.191358,-1.009864,-0.357872,2.389245,1.980990,2.861171,1.120364,-1.030998,2.224802,-1.248130,0.862770,-2.316704,1.815518,0.879711,-1.905644,3.777184,0.634215,0.782670,-3.428097,3.890660,3.337861,5.614684,-1.189512,-3.104652,4.156654,0.664679,6.075097,2.464771,-4.306618,5.614684,0.269672,0.2
143,0.5199420185649012,0.26715295440402254,0.055569872043417685,0.15201396586844618,44,46,1.3230120161446548,1.2632538821054602,13,False,2.499707,-4.306618,0.501350,0.890414,-3.608391,0.619337,-2.278761,4.153142,2.766910,-1.614631,1.982255,-3.191358,-1.009864,-0.357872,2.389245,1.980990,2.861171,1.120364,-0.761749,2.224802,-1.248130,0.862770,-2.316704,1.815518,5.385410,-2.049117,3.777184,0.634215,0.782670,-3.428097,3.890660,3.337861,5.614684,-1.189512,-3.104652,4.156654,0.660607,7.241122,2.690933,-4.306618,5.614684,0.245494,0.2
52,0.2513752672770554,0.8900748491172521,0.22108178380042243,0.04097851386281278,37,43,1.2549490191999428,1.6949627556300968,19,True,2.499707,-4.306618,0.501350,0.890414,1.072568,0.619337,-2.595764,4.153142,2.766910,-1.614631,1.982255,-3.191358,-1.009864,-0.357872,2.389245,1.980990,2.861171,1.120364,-3.066983,2.224802,-1.248130,0.862770,-2.316704,1.815518,0.879711,0.395671,3.777184,0.634215,0.782670,-3.428097,3.890660,3.337861,5.614684,-1.189512,-3.104652,4.156654,0.660546,6.276354,2.505265,-4.306618,5.614684,0.263663,0.2
142,0.35949203180624123,0.41153712547689425,0.07025399738857808,0.15560700519707027,37,48,1.3473110764852572,1.1650302393647984,13,False,2.499707,-4.306618,0.501350,0.890414,1.072568,0.619337,-2.595764,4.153142,2.766910,-1.614631,1.982255,-3.191358,-1.009864,-0.357872,2.389245,1.980990,2.861171,1.120364,-3.066983,2.224802,-1.248130,0.862770,-2.316704,1.815518,0.879711,0.395671,3.777184,0.634215,0.782670,-3.428097,3.890660,3.337861,5.614684,-1.189512,-3.104652,4.156654,0.660546,6.276354,2.505265,-4.306618,5.614684,0.263663,0.2
398,0.8195959723226899,0.5852577887176623,0.030703795113589994,0.16838792185489587,54,60,1.3235821278317823,1.9512566680054184,14,False,2.499707,-4.306618,0.501350,0.890414,1.072568,0.619337,-2.595764,4.153142,2.766910,-1.614631,1.982255,-3.191358,-1.009864,-0.357872,2.389245,1.980990,2.861171,1.120364,-3.066983,2.224802,-1.248130,0.862770,-2.316704,1.815518,0.879711,0.395671,3.777184,0.634215,0.782670,-3.428097,3.890660,3.337861,5.614684,-1.189512,-3.104652,4.156654,0.660546,6.276354,2.505265,-4.306618,5.614684,0.263663,0.2
407,0.8166589847176525,0.7318642339314568,0.023368342257213567,0.16967482607372508,59,59,1.3528970110384542,0.6390132797299157,13,False,2.499707,-4.306618,0.501350,0.890414,1.072568,0.619337,-2.595764,4.153142,2.766910,-1.614631,1.982255,-3.191358,-1.009864,-0.357872,2.389245,1.980990,2.861171,1.120364,-3.066983,2.224802,-1.248130,0.862770,-2.316704,1.815518,0.879711,0.395671,3.777184,0.634215,0.782670,-3.428097,3.890660,3.337861,5.614684,-1.189512,-3.104652,4.156654,0.660546,6.276354,2.505265,-4.306618,5.614684,0.263663,0.2
411,0.8972632747290332,0.7252279199476654,0.01827776642311694,0.15935077593705715,53,57,1.3122244545014798,0.8479554874855741,15,False,2.499707,-4.306618,0.501350,0.890414,1.072568,0.619337,-2.595764,4.153142,2.766910,-1.614631,1.982255,-3.191358,-1.009864,-0.357872,2.389245,1.980990,2.861171,1.120364,-3.066983,2.224802,-1.248130,0.862770,-2.316704,1.815518,0.879711,0.395671,3.777184,0.634215,0.782670,-3.428097,3.890660,3.337861,5.614684,-1.189512,-3.104652,4.156654,0.660546,6.276354,2.505265,-4.306618,5.614684,0.263663,0.2
332,0.8212277531965159,0.7432127188424846,0.012813122140230039,0.11035103015138724,115,59,1.3315345787433404,0.8902135014972582,13,False,-1.702558,-3.941006,0.501350,0.890414,1.072568,0.619337,-1.439583,4.153142,3.249708,-2.255326,1.982255,-3.191358,-1.009864,-0.357872,2.389245,1.980990,2.861171,1.120364,-3.066983,2.224802,-1.248130,0.862770,-2.316704,1.815518,0.879711,0.395671,3.777184,0.634215,3.046310,-3.556447,3.890660,3.946243,5.614684,-1.189512,-3.104652,4.156654,0.657916,6.518459,2.553127,-3.941006,5.614684,0.257690,0.2
316,0.8759219219897911,0.7604586420329458,0.02672331109961465,0.1652151375987694,58,59,1.3163083216228586,0.6875710034299377,14,True,-4.169256,-4.306618,0.501350,0.890414,1.072568,0.619337,3.893583,4.153142,2.766910,-1.614631,1.982255,-3.191358,-1.009864,-0.357872,2.389245,1.980990,2.861171,1.120364,-3.066983,2.224802,-1.248130,0.862770,-2.316704,1.815518,0.879711,0.395671,3.777184,0.634215,0.782670,-3.428097,3.890660,3.337861,5.614684,-1.189512,-3.104652,4.156654,0.655557,6.841855,2.615694,-4.306618,5.614684,0.250624,0.2
133,0.30779343536900317,0.4370195663175055,0.49932018219714164,0.1714251519025479,47,49,1.3361417673288212,1.0744726777926568,11,False,2.499707,-4.306618,0.501350,0.890414,1.072568,0.619337,-2.278761,4.153142,2.766910,-1.614631,1.982255,-3.191358,-1.009864,-0.357872,2.389245,1.980990,2.861171,1.120364,-1.744345,2.224802,-1.248130,0.862770,-2.316704,1.815518,0.879711,-1.456088,3.777184,0.634215,0.782670,-3.428097,3.890660,3.337861,5.614684,-1.189512,-3.104652,4.156654,0.654654,6.114461,2.472744,-4.306618,5.614684,0.264748,0.2
77,0.3500842897354163,0.2936196608515628,0.09797597916909821,0.1474319006611535,34,47,1.459400503398668,0.9541207304579945,16,False,-3.955621,-4.306618,0.501350,0.890414,1.072568,2.128763,-2.181662,4.153142,2.766910,-1.614631,1.982255,-3.191358,-1.009864,-0.357872,2.389245,1.980990,2.861171,1.120364,-0.832634,2.224802,-1.248130,0.862770,-2.316704,1.815518,5.341950,-2.012363,3.777184,0.634215,0.782670,-3.428097,3.890660,3.337861,5.614684,-1.189512,-3.104652,4.156654,0.653789,7.271506,2.696573,-4.306618,5.614684,0.242452,0.2
60,0.39018646526292283,0.3325971903093133,0.08927303453374558,0.0427751734037428,36,53,1.769093042827614,0.9789758175474699,18,True,-3.983272,-4.306618,0.501350,0.890414,1.072568,2.133900,-2.181662,4.153142,2.766910,-1.614631,1.982255,-3.191358,-1.009864,-0.357872,2.389245,1.980990,2.861171,1.120364,-0.817743,2.224802,-1.248130,0.862770,-2.316704,1.815518,5.351273,-2.020140,3.777184,0.634215,0.782670,-3.428097,3.890660,3.337861,5.614684,-1.189512,-3.104652,4.156654,0.653621,7.281672,2.698457,-4.306618,5.614684,0.242220,0.2
170,0.1627387894976633,0.9204268229551357,0.012032471940516891,0.1847317506124172,70,54,1.6193941371993295,0.6866618167048173,12,False,2.499707,-4.306618,0.501350,0.890414,1.072568,0.619337,-2.181662,4.153142,2.766910,-1.614631,1.982255,-3.191358,-1.009864,-0.357872,2.389245,1.980990,2.861171,1.120364,-3.066983,2.224802,-1.248130,0.862770,-2.316704,1.815518,0.879711,0.395671,3.777184,0.634215,0.782670,-4.208243,3.890660,3.337861,5.614684,-1.189512,-3.104652,4.156654,0.650378,6.403753,2.530564,-4.306618,5.614684,0.257009,0.2
349,0.7995401628181408,0.5979362513220899,0.021022233994038575,0.16790693176868965,57,9,1.4082037133530596,0.858429340892832,13,False,2.499707,-4.306618,0.501350,0.890414,1.072568,0.619337,2.824557,4.153142,2.766910,-1.614631,1.982255,-3.191358,-1.009864,-0.357872,2.389245,1.980990,2.861171,1.120364,-2.870430,2.224802,-1.248130,0.862770,-2.316704,1.815518,0.879711,-3.595888,1.747499,0.634215,0.765086,-3.428097,3.890660,3.337861,5.614684,-1.189512,-3.104652,4.156654,0.648825,6.338036,2.517546,-4.306618,5.614684,0.257721,0.2
472,0.8637094850492538,0.7551853574012909,0.02479926349668763,0.16479719680443083,58,60,1.2494458069677365,0.710265603433641,14,False,-4.174641,-4.306618,0.501350,0.890414,1.072568,0.619337,3.445510,4.153142,2.766910,-1.614631,1.982255,-3.191358,-1.009864,-0.357872,2.389245,1.980990,2.861171,1.120364,-3.066983,2.224802,-1.248130,0.862770,-2.316704,1.815518,0.879711,0.395671,3.777184,0.634215,0.782670,-3.428097,3.890660,3.337861,5.614684,-1.189512,-3.104652,4.156654,0.642961,6.766007,2.601155,-4.306618,5.614684,0.247183,0.2
308,0.86727514324777,0.7472490045365067,0.03221095017969721,0.1622668185664868,58,58,1.309842106223448,0.6957442310323411,15,True,-4.153792,-4.306618,0.501350,0.890414,1.072568,0.619337,3.422103,4.153142,2.766910,-1.614631,1.982255,-3.191358,-1.009864,-0.357872,2.389245,1.980990,2.861171,1.120364,-3.066983,2.224802,-1.248130,0.862770,-2.316704,1.815518,0.879711,0.395671,3.777184,0.634215,0.782670,-3.428097,3.890660,3.337861,5.614684,-1.189512,-3.104652,4.156654,0.642890,6.756547,2.599336,-4.306618,5.614684,0.247328,0.2
23,0.18745884439369168,1.872309548321562,0.30750361334958487,0.10366593047274736,54,14,1.140084015236524,1.1136025249167003,20,True,2.479402,-4.306618,0.501350,0.890414,1.072568,-0.194987,-2.468695,4.153142,2.766910,-1.614631,1.982255,-3.191358,-1.009864,-0.357872,2.389245,1.980990,2.861171,1.120364,-3.066983,2.224802,-1.248130,0.862770,-2.316704,1.815518,0.879711,0.395671,3.777184,0.634215,0.782670,-3.428097,3.890660,3.337861,5.614684,-1.189512,-3.104652,4.156654,0.640892,6.271515,2.504299,-4.306618,5.614684,0.255917,0.2
110,0.2654878981326357,0.2509574439932293,0.1421025096230482,0.1923462224940958,48,57,1.2380050253075712,1.5378764835357333,9,False,2.499707,-4.306618,0.501350,0.890414,-3.471170,0.619337,-2.468695,4.153142,2.766910,-1.614631,1.982255,-3.191358,-1.009864,-0.357872,2.389245,1.980990,2.861171,1.120364,-0.910972,2.224802,-1.248130,0.862770,-2.316704,1.815518,5.291175,-1.970928,3.777184,0.634215,0.782670,-3.428097,3.890660,3.337861,5.614684,-1.189512,-3.104652,3.630413,0.639934,7.119106,2.668165,-4.306618,5.614684,0.239841,0.2
401,0.7565255025014311,0.6894259414447657,0.030415839793987334,0.16090539976950535,99,57,1.3176782424979758,0.7505453999882064,16,False,-2.600469,-4.306618,0.501350,0.890414,1.072568,0.619337,-2.181662,2.814402,5.732216,-2.254709,1.982255,-3.191358,-1.009864,-0.357872,2.389245,1.980990,2.861171,1.120364,-3.066983,2.224802,-1.248130,0.862770,-2.316704,1.815518,0.879711,0.395671,3.777184,5.079456,3.894955,-4.109725,3.890660,3.337861,1.642607,-1.189512,-3.104652,4.156654,0.638442,7.253180,2.693173,-4.306618,5.732216,0.237059,0.2
370,0.859993731150558,0.649793777711013,0.009067475255479327,0.17305816042657027,58,59,1.3348369621392995,0.7847283634984759,16,False,-4.217962,-4.306618,0.501350,0.890414,1.072568,0.619337,3.321671,4.153142,2.766910,-1.614631,1.982255,-3.191358,-1.009864,-0.357872,2.389245,1.980990,2.861171,1.120364,-3.066983,2.224802,-1.248130,0.862770,-2.316704,1.815518,0.879711,0.395671,3.777184,0.634215,0.782670,-3.428097,3.890660,3.337861,5.614684,-1.189512,-3.104652,4.156654,0.638318,6.758570,2.599725,-4.306618,5.614684,0.245533,0.2
292,0.8426089931342536,0.6717952255890177,0.029478455453968558,0.16945089465799565,58,58,1.3813034526821701,0.7730659619657569,14,True,-4.161512,-4.306618,0.501350,0.890414,1.072568,0.619337,3.258527,4.153142,2.766910,-1.614631,1.982255,-3.191358,-1.009864,-0.357872,2.389245,1.980990,2.861171,1.120364,-3.066983,2.224802,-1.248130,0.862770,-2.316704,1.815518,0.879711,0.395671,3.777184,0.634215,0.782670,-3.428097,3.890660,3.337861,5.614684,-1.189512,-3.104652,4.156654,0.638132,6.733428,2.594885,-4.306618,5.614684,0.245919,0.2
239,0.8896182129809937,0.6632668248061603,0.03238423113212066,0.1583597310911813,58,60,1.3578245452169797,0.7520045483573939,14,False,-4.153301,-4.306618,0.501350,0.890414,1.072568,0.619337,3.249360,4.153142,2.766910,-1.614631,1.982255,-3.191358,-1.009864,-0.357872,2.389245,1.980990,2.861171,1.120364,-3.066983,2.224802,-1.248130,0.862770,-2.316704,1.815518,0.879711,0.395671,3.777184,0.634215,0.782670,-3.428097,3.890660,3.337861,5.614684,-1.189512,-3.104652,4.156654,0.638105,6.729808,2.594187,-4.306618,5.614684,0.245975,0.2
282,0.8493415463827464,0.6879619935868125,0.03738618591573196,0.16690791461759202,58,60,1.3507235547223784,0.7387391197925217,14,True,-4.139063,-4.306618,0.501350,0.890414,1.072568,0.619337,3.233476,4.153142,2.766910,-1.614631,1.982255,-3.191358,-1.009864,-0.357872,2.389245,1.980990,2.861171,1.120364,-3.066983,2.224802,-1.248130,0.862770,-2.316704,1.815518,0.879711,0.395671,3.777184,0.634215,0.782670,-3.428097,3.890660,3.337861,5.614684,-1.189512,-3.104652,4.156654,0.638059,6.723552,2.592981,-4.306618,5.614684,0.246072,0.2
430,0.8534803268935096,0.7260852133965423,0.043222727586854845,0.1529745392172699,58,60,1.3344309332543252,0.6968469947724818,14,False,-4.122283,-4.306618,0.501350,0.890414,1.072568,0.619337,3.214773,4.153142,2.766910,-1.614631,1.982255,-3.191358,-1.009864,-0.357872,2.389245,1.980990,2.861171,1.120364,-3.066983,2.224802,-1.248130,0.862770,-2.316704,1.815518,0.879711,0.395671,3.777184,0.634215,0.782670,-3.428097,3.890660,3.337861,5.614684,-1.189512,-3.104652,4.156654,0.638006,6.716216,2.591566,-4.306618,5.614684,0.246185,0.2
480,0.770504436957201,0.699290004447742,0.47725939069197887,0.12209732055629402,58,58,1.3319732288124084,0.6822088842792976,14,False,-2.167632,-4.306618,0.501350,0.890414,1.072568,0.619337,1.175278,4.153142,2.766910,-1.614631,1.982255,-3.191358,-1.009864,-0.357872,2.389245,1.980990,2.861171,1.120364,-3.066983,2.224802,-1.248130,0.862770,-2.316704,1.815518,0.879711,0.395671,3.777184,0.634215,0.782670,-3.428097,3.890660,3.337861,5.614684,-1.189512,-3.104652,4.156654,0.635649,6.112216,2.472290,-4.306618,5.614684,0.257109,0.2
14,0.43100481944732794,1.5232392306574352,0.31615291529678974,0.01805795401088166,148,18,1.5357746840747586,1.344271094811757,14,False,1.283735,-4.716732,0.501350,0.890414,1.072568,0.619337,-2.181662,4.153142,2.766910,-1.614631,1.982255,-3.191358,-1.009864,-0.357872,2.389245,1.980990,2.861171,1.120364,-3.066983,2.224802,-1.248130,0.862770,-2.316704,1.815518,0.879711,0.395671,3.777184,0.634215,0.782670,-3.428097,3.890660,3.337861,5.614684,-1.189512,-3.104652,4.156654,0.626880,6.238698,2.497739,-4.716732,5.614684,0.250979,0.2
84,0.5394940785439085,0.2116881126882578,0.044662085536218935,0.17437501728827667,30,56,1.307364272921795,1.2504086280040079,12,False,2.499707,-7.938965,0.501350,0.890414,1.072568,0.619337,-2.278761,4.153142,2.766910,-1.614631,1.982255,-3.191358,-1.009864,-0.357872,2.389245,1.980990,2.861171,1.120364,-3.066983,2.224802,-1.248130,0.862770,-2.316704,1.815518,5.395823,-2.058123,3.777184,0.634215,0.782670,-3.428097,3.890660,3.337861,5.614684,-1.189512,-3.104652,4.156654,0.625740,8.475412,2.911256,-7.938965,5.614684,0.214938,0.2
477,0.8993959472215798,0.6699941865859222,0.020593367989831954,0.1605292785067885,118,58,1.287608588609436,0.7844441875191187,14,False,-1.469555,-3.965089,0.501350,0.890414,1.072568,0.619337,-2.278761,2.803497,1.790346,-2.255070,1.982255,0.908971,-1.009864,-0.357872,2.389245,1.980990,2.861171,1.120364,-3.066983,2.224802,-1.248130,0.862770,-2.316704,1.815518,0.879711,-2.077385,3.777184,0.634215,3.040931,-2.717221,8.013830,3.951819,1.622087,-1.556882,-3.104652,4.156654,0.624329,6.464830,2.542603,-3.965089,8.013830,0.245547,0.2
375,0.8042387147199772,0.8459208623776465,0.008720341367671282,0.15958305817002036,52,18,1.4394756632740215,0.7011309580240146,16,False,2.499707,-4.306618,0.501350,0.890414,1.072568,0.619337,-2.181662,4.153142,2.766910,-1.614631,1.982255,-3.191358,-1.009864,-0.357872,2.389245,1.980990,2.861171,-0.796075,-3.066983,2.224802,-1.248130,0.862770,-2.316704,1.815518,0.879711,0.395671,3.777184,0.634215,0.782670,-3.428097,3.890660,3.337861,5.614684,-1.189512,-3.104652,4.156654,0.618815,6.256988,2.501397,-4.306618,5.614684,0.247388,0.2
393,0.8684038206612537,0.6325119233654648,0.023850721772631853,0.07313161273144783,50,59,1.2382970813570247,0.7055024535290303,14,False,-4.177289,-4.306618,0.501350,0.890414,1.072568,0.619337,-2.040292,4.153142,2.766910,-1.614631,1.982255,-3.191358,-1.009864,-0.357872,2.389245,1.980990,2.861171,1.120364,-0.711391,2.224802,-1.248130,0.862770,-2.316704,1.815518,0.879711,0.395671,3.777184,0.634215,3.038647,-3.428097,3.890660,3.337861,5.614684,-1.189512,-3.104652,4.156654,0.618603,6.570010,2.563203,-4.306618,5.614684,0.241340,0.2
200,0.237240698710808,0.6431059853214856,0.020598492682992964,0.18001523985432855,49,56,1.6616982477901934,0.6642587119874308,12,False,-4.186332,-4.306618,0.501350,0.890414,1.072568,0.619337,-2.181662,4.153142,2.766910,-1.614631,1.982255,-3.191358,-1.009864,-0.357872,2.389245,1.980990,2.861171,1.120364,-0.706351,2.224802,-1.248130,0.862770,-2.316704,1.815518,0.879711,0.395671,3.777184,0.634215,3.040928,-3.428097,3.890660,3.337861,5.614684,-1.189512,-3.104652,4.156654,0.614628,6.594458,2.567968,-4.306618,5.614684,0.239344,0.2
176,0.1265572424869743,0.6278138785182028,0.014708205610650064,0.19361667098562477,50,52,1.6967999730813106,0.6739448897708123,11,False,-4.202573,-4.306618,0.501350,0.890414,1.072568,0.619337,-2.181662,4.153142,2.766910,-1.614631,1.982255,-3.191358,-1.009864,-0.357872,2.389245,1.980990,2.861171,1.120364,-0.697282,2.224802,-1.248130,0.862770,-2.316704,1.815518,0.879711,0.395671,3.777184,0.634215,3.045010,-3.428097,3.890660,3.337861,5.614684,-1.189512,-3.104652,4.156654,0.614542,6.598805,2.568814,-4.306618,5.614684,0.239232,0.2
114,0.592644174954088,0.3605493966180498,0.15564682118194048,0.1660639185240499,40,51,1.3788723760221866,1.060559479165685,18,False,-3.760370,-4.306618,0.501350,0.890414,1.072568,0.619337,-2.181662,4.153142,2.766910,-1.614631,1.982255,-3.191358,-1.009864,-0.357872,2.389245,1.980990,2.861171,1.120364,-0.935998,2.224802,-1.248130,0.862770,-2.316704,1.815518,5.274331,-1.957501,3.777184,0.634215,0.782670,-3.428097,3.890660,3.337861,5.614684,-1.189512,-3.104652,4.156654,0.614059,7.140247,2.672124,-4.306618,5.614684,0.229802,0.2
42,0.30123625466750736,0.7497411590474081,0.48161126972030566,0.008631982390115223,115,37,1.969878826707639,1.9243450969490838,2,False,-1.383690,-4.306618,0.501350,0.890414,1.072568,0.619337,-0.678755,4.153142,2.766910,-2.160227,1.982255,-3.191358,-1.009864,-0.357872,2.389245,1.980990,2.861171,1.120364,-3.066983,2.224802,-1.248130,0.862770,-2.316704,1.815518,0.879711,0.395671,3.777184,0.634215,2.443148,-4.292560,3.890660,3.337861,5.614684,-1.189512,-3.104652,4.156654,0.612880,6.438186,2.537358,-4.306618,5.614684,0.241543,0.1
144,0.47085867150889754,0.3371173657960484,0.07983840820772586,0.1702545902255268,39,49,1.4103203659832593,1.078060313924321,12,False,-4.012738,-4.306618,0.501350,0.890414,1.072568,0.619337,-2.181662,4.153142,2.766910,-1.614631,1.982255,-3.191358,-1.009864,-0.357872,2.389245,1.980990,2.861171,1.120364,-0.801803,2.224802,-1.248130,0.862770,-2.316704,1.815518,5.361138,-2.028432,3.777184,0.634215,0.782670,-3.428097,3.890660,3.337861,5.614684,-1.189512,-3.104652,4.156654,0.611217,7.227669,2.688432,-4.306618,5.614684,0.227351,0.2
331,0.8788001714660594,0.6485893255649734,0.04596485776513508,0.16348112951169227,59,60,1.367322530934438,0.7964464636727725,16,False,2.499707,-4.306618,0.501350,0.890414,1.072568,0.619337,-2.181662,4.153142,2.766910,-1.614631,1.982255,-3.191358,-1.009864,-0.357872,2.389245,1.980990,2.861171,1.120364,-3.066983,2.224802,-1.248130,0.862770,-2.316704,1.815518,0.879711,-2.057057,3.777184,0.634215,0.782670,-3.428097,3.890660,3.337861,5.614684,-1.189512,-3.104652,4.156654,0.603918,6.409907,2.531779,-4.306618,5.614684,0.238535,0.2
424,0.7984404694764905,0.6002295125140238,0.006891124918598418,0.17514999621686092,59,59,1.357769309671411,0.8991950766259665,15,False,2.499707,-4.306618,0.501350,0.890414,1.072568,0.619337,-2.181662,4.153142,2.766910,-1.614631,1.982255,-3.191358,-1.009864,-0.357872,2.389245,1.980990,2.861171,1.120364,-3.066983,2.224802,-1.248130,0.862770,-2.316704,1.815518,0.879711,-2.087991,3.777184,0.634215,0.782670,-3.428097,3.890660,3.337861,5.614684,-1.189512,-3.104652,4.156654,0.603058,6.414637,2.532713,-4.306618,5.614684,0.238108,0.2
2,0.6331731119758383,1.5703519227860272,0.023225206359998862,0.013010318597055905,51,25,1.1705241236872914,0.9121399684340719,13,False,2.479402,-4.306618,0.501350,0.890414,1.072568,0.619337,-2.468695,4.153142,2.747997,-1.614631,1.982255,-3.191358,-1.009864,-0.357872,2.389245,1.980990,2.861171,1.120364,-3.066983,2.224802,-1.248130,0.862770,-2.316704,1.815518,0.879711,0.395671,3.777184,0.634215,0.782670,-3.428097,3.890660,3.337861,5.614684,-1.189512,-3.104652,1.997221,0.603002,5.947203,2.438689,-4.306618,5.614684,0.247265,0.2
305,0.971473093832548,0.7716757754881419,0.014326289447182054,0.15920075377728737,65,60,1.3749325456681778,0.7168322656166477,16,True,2.499707,-4.306618,0.501350,0.890414,1.072568,0.619337,-2.181662,4.153142,2.766910,-1.614631,1.982255,-3.191358,-1.009864,-0.357872,2.389245,1.980990,2.861171,1.120364,-3.066983,-2.528742,-1.248130,0.862770,-2.316704,1.815518,0.879711,0.395671,3.777184,0.634215,3.045272,-3.428097,3.890660,3.337861,5.614684,-1.189512,-3.104652,4.156654,0.602856,6.583538,2.565841,-4.306618,5.614684,0.234955,0.2
55,0.9034212050019345,0.6141597025788053,0.2455271727157561,0.12132541783108672,32,41,1.5778764583707618,0.28316848330470257,16,True,-3.409406,-4.306618,0.501350,0.890414,1.072568,2.023980,-2.181662,4.153142,2.766910,-1.614631,1.982255,-3.191358,-1.009864,-0.357872,2.389245,1.980990,2.861171,1.120364,-1.114465,2.224802,-1.248130,0.862770,-2.316704,1.815518,0.879711,0.395671,3.777184,0.634215,0.782670,-3.428097,3.890660,3.337861,5.614684,-1.189512,-3.104652,4.156654,0.601162,6.323299,2.514617,-4.306618,5.614684,0.239067,0.2
341,0.8457944119684389,0.6659081740053384,0.012528139737620044,0.1719563955705546,59,59,1.3278443934213593,0.7030290946397654,13,False,2.499707,-4.306618,0.501350,0.890414,1.072568,0.619337,-2.278761,4.153142,2.766910,-1.614631,1.982255,-3.191358,-1.009864,-0.357872,2.389245,1.980990,2.861171,1.120364,-3.066983,2.224802,-1.248130,0.862770,-2.316704,1.815518,0.879711,-2.083659,3.777184,0.634215,0.782670,-3.428097,3.890660,3.337861,5.614684,-1.189512,-3.104652,4.156654,0.600482,6.429685,2.535682,-4.306618,5.614684,0.236813,0.2
5,0.34421412859650635,0.09045457782107613,0.41436875457596467,0.1085392166316497,139,9,1.2809345096873808,0.3919657248382904,8,False,2.877461,-5.835701,1.953185,2.309759,0.915928,2.732648,-3.551830,5.605556,1.328364,-2.010488,1.913041,-1.956367,-3.844963,-1.702371,4.515943,2.863018,1.128781,-0.644605,-2.649099,1.120375,-1.203207,2.286149,0.979346,1.547523,-2.290742,-1.593662,4.964976,-0.808814,2.659977,-2.708768,4.753645,4.061261,3.411950,-1.335075,-1.764631,1.507518,0.598225,7.883123,2.807690,-5.835701,5.605556,0.213066,0.2
15,0.11492904603507054,0.08155028310952783,0.2560465291496405,0.03487328580099829,127,22,1.64517279040945,0.37303702079970846,6,False,2.510881,-6.325438,2.669224,3.029948,0.964996,3.284409,-3.011719,6.092483,1.147062,-1.892362,2.053391,-1.912318,-4.370800,-2.433982,4.410851,0.736762,2.671715,-1.090108,-2.489915,1.462586,-1.122618,1.277352,1.344248,0.919453,-1.564566,-1.738572,5.198702,-0.555853,2.843329,-2.928114,4.389767,4.046167,2.869073,-1.040462,-1.139877,1.226228,0.598109,8.139406,2.852964,-6.325438,6.092483,0.209645,0.1
119,0.6195290365607181,0.1673793037549517,0.03546051309161689,0.16280274827750105,22,52,1.5056796525988758,1.1473280400144934,16,False,-4.761173,-4.306618,0.501350,0.890414,1.072568,0.619337,-2.181662,4.153142,2.766910,-1.614631,1.982255,-3.191358,-1.009864,-0.357872,2.389245,1.980990,2.861171,1.120364,-3.066983,2.224802,-1.248130,0.862770,-2.316704,1.815518,5.404379,0.395671,3.777184,0.634215,0.782670,-3.428097,3.890660,3.337861,5.614684,-1.189512,-3.104652,4.156654,0.596043,7.584732,2.754039,-4.761173,5.614684,0.216425,0.2
122,0.6374622071900891,0.3321235159645106,0.1250572782761424,0.13913114149477224,51,54,1.4259553017233304,1.5588965191605246,11,False,2.499707,-4.306618,0.501350,0.890414,1.072568,0.619337,-2.595764,4.153142,2.766910,-1.614631,1.982255,-3.191358,-1.009864,-0.357872,2.389245,1.980990,2.861171,1.120364,-3.066983,2.224802,-1.248130,0.862770,-2.316704,1.815518,0.879711,-1.987341,3.777184,0.634215,0.782670,-3.428097,3.890660,3.337861,5.614684,-1.189512,-3.104652,4.156654,0.594351,6.470165,2.543652,-4.306618,5.614684,0.233661,0.2
412,0.7721129264427227,0.5533787133980503,0.040778428743289775,0.1288568839940559,72,11,1.3560081503718708,0.7785099695796235,8,False,-1.734815,-4.306618,0.501350,0.890414,1.072568,0.619337,1.991537,0.483718,2.766910,-1.860777,1.982255,-3.191358,-1.009864,-0.357872,2.389245,1.980990,2.861171,1.120364,-3.066983,-1.121429,-1.248130,0.862770,-2.316704,1.815518,0.879711,0.395671,2.870597,3.371158,3.026472,-3.040763,3.890660,3.337861,5.614684,-1.189512,-3.104652,4.156654,0.592559,5.938698,2.436944,-4.306618,5.614684,0.243157,0.2
350,0.8853748020449387,0.6660379447009516,0.030606476447821652,0.16076178368755695,54,59,1.3110126356630702,0.6712780496547681,14,False,-4.158329,-4.306618,0.501350,0.890414,1.072568,0.619337,3.910900,4.153142,2.766910,-1.614631,1.982255,-3.191358,-1.009864,-0.357872,2.389245,1.980990,2.861171,1.120364,-0.721932,-2.492207,-1.248130,0.862770,-2.316704,1.815518,0.879711,0.395671,3.777184,0.634215,0.782670,-3.428097,3.890660,3.337861,5.614684,-1.189512,-3.104652,4.156654,0.590454,6.708730,2.590122,-4.306618,5.614684,0.227964,0.2
365,0.9336625233544248,0.6147081504415152,0.3584744074594671,0.17722159211766025,49,58,1.301654526810396,0.7579919704940741,15,False,-2.872114,-4.306618,0.501350,0.890414,1.072568,0.619337,-1.457383,4.153142,2.766910,-1.614631,1.982255,-3.191358,-1.009864,-0.357872,2.389245,1.980990,2.861171,1.120364,-1.371438,2.224802,-1.248130,0.862770,-2.316704,1.815518,0.879711,0.395671,3.777184,0.634215,0.782670,-3.428097,3.890660,3.337861,5.614684,-1.189512,-3.104652,4.156654,0.590049,6.077349,2.465228,-4.306618,5.614684,0.239349,0.2
24,0.8284250399306623,1.4049681679742185,0.4050566973395904,0.10226847977218756,133,46,1.9132405525564713,1.394031481990536,18,True,0.715885,-4.684845,0.501350,0.890414,1.072568,0.619337,-2.181662,4.153142,2.766910,-1.614631,1.982255,-3.191358,-1.009864,-0.357872,2.389245,1.980990,2.861171,1.120364,-3.066983,2.224802,-1.248130,0.862770,-2.316704,1.815518,0.879711,0.395671,3.777184,0.634215,0.782670,-4.307927,3.890660,3.337861,5.614684,-1.189512,-3.104652,4.156654,0.587552,6.441284,2.537968,-4.684845,5.614684,0.231505,0.2
167,0.10399291267064444,0.7195560671541821,0.02669928347644583,0.18806779045603464,63,56,1.5857560964746829,0.6391972865156919,14,False,2.499707,-4.306618,0.501350,0.890414,1.072568,0.619337,-2.181662,4.153142,2.766910,-1.614631,1.982255,-3.191358,-1.009864,-0.357872,2.389245,1.980990,2.861171,1.120364,-3.066983,-2.501050,-1.248130,0.862770,-2.316704,1.815518,0.879711,0.395671,3.777184,0.634215,3.036635,-4.214689,3.890660,3.337861,5.614684,-1.189512,-3.104652,4.156654,0.581536,6.775795,2.603036,-4.306618,5.614684,0.223407,0.2
186,0.12050497529193346,0.7693682498989232,0.010750118967163876,0.18602886966692692,68,51,1.5497313631446552,0.678346593038098,12,False,2.499707,-4.306618,0.501350,0.890414,1.072568,0.619337,-2.181662,4.153142,2.766910,-1.614631,1.982255,-3.191358,-1.009864,-0.357872,2.389245,1.980990,2.861171,1.120364,-3.066983,-2.536659,-1.248130,0.862770,-2.316704,1.815518,0.879711,0.395671,3.777184,0.634215,3.047719,-4.207675,3.890660,3.337861,5.614684,-1.189512,-3.104652,4.156654,0.581049,6.781741,2.604178,-4.306618,5.614684,0.223122,0.2
220,0.7441769576704748,0.6743272152976044,0.04175576689323841,0.1713152962246599,55,57,1.250732130359977,0.5790005349466539,13,False,-4.126517,-4.306618,0.501350,0.890414,1.072568,0.619337,3.321323,4.153142,2.766910,-1.614631,1.982255,-3.191358,-1.009864,-0.357872,2.389245,1.980990,2.861171,1.120364,-0.739545,-2.466712,-1.248130,0.862770,-2.316704,1.815518,0.879711,0.395671,3.777184,0.634215,0.782670,-3.428097,3.890660,3.337861,5.614684,-1.189512,-3.104652,4.156654,0.575179,6.594809,2.568036,-4.306618,5.614684,0.223976,0.2
173,0.11955605737654403,0.7419226882506915,0.018654022978189713,0.1973345465851025,55,53,1.5617484233976133,0.5263737693654844,11,False,-4.191712,-4.306618,0.501350,0.890414,1.072568,0.619337,3.292283,4.153142,2.766910,-1.614631,1.982255,-3.191358,-1.009864,-0.357872,2.389245,1.980990,2.861171,1.120364,-0.703349,-2.519109,-1.248130,0.862770,-2.316704,1.815518,0.879711,0.395671,3.777184,0.634215,0.782670,-3.428097,3.890660,3.337861,5.614684,-1.189512,-3.104652,4.156654,0.572112,6.614408,2.571849,-4.306618,5.614684,0.222451,0.2
463,0.8946108172307442,0.6668501391793934,0.01699079873354339,0.16275670677557924,56,55,1.3781929272040692,0.7641775368455489,14,False,-4.196300,-4.306618,0.501350,0.890414,1.072568,0.619337,3.297416,4.153142,2.766910,-1.614631,1.982255,-3.191358,-1.009864,-0.357872,2.389245,1.980990,2.861171,1.120364,-0.700788,-2.522818,-1.248130,0.862770,-2.316704,1.815518,0.879711,0.395671,3.777184,0.634215,0.782670,-3.428097,3.890660,3.337861,5.614684,-1.189512,-3.104652,4.156654,0.572095,6.616925,2.572338,-4.306618,5.614684,0.222403,0.2
327,0.8297807394128593,0.7157865180676607,0.0122322137033701,0.16668308045856325,56,59,1.355671284392157,0.6611234239382472,15,False,-4.209347,-4.306618,0.501350,0.890414,1.072568,0.619337,3.312021,4.153142,2.766910,-1.614631,1.982255,-3.191358,-1.009864,-0.357872,2.389245,1.980990,2.861171,1.120364,-0.693491,-2.533382,-1.248130,0.862770,-2.316704,1.815518,0.879711,0.395671,3.777184,0.634215,0.782670,-3.428097,3.890660,3.337861,5.614684,-1.189512,-3.104652,4.156654,0.572047,6.624108,2.573734,-4.306618,5.614684,0.222264,0.2
185,0.16877850788705615,0.6502550712232031,0.0014092317583426247,0.1804408210652063,57,52,1.5628024072634439,0.7014812621440216,11,False,-4.238602,-4.306618,0.501350,0.890414,1.072568,0.619337,3.344809,4.153142,2.766910,-1.614631,1.982255,-3.191358,-1.009864,-0.357872,2.389245,1.980990,2.861171,1.120364,-0.677073,-2.557157,-1.248130,0.862770,-2.316704,1.815518,0.879711,0.395671,3.777184,0.634215,0.782670,-3.428097,3.890660,3.337861,5.614684,-1.189512,-3.104652,4.156654,0.571941,6.640345,2.576887,-4.306618,5.614684,0.221950,0.2
152,0.11076262618152327,0.44985205277159135,0.002089170335804441,0.18749857071623668,38,10,1.2572275026484376,0.8248844969450668,11,False,-3.857594,-4.306618,0.501350,0.890414,1.072568,0.619337,-2.040292,4.153142,2.766910,-1.614631,1.982255,-3.191358,-1.009864,-0.357872,2.389245,1.980990,2.861171,1.197297,-0.665895,2.224802,-1.248130,0.862770,-2.316704,1.815518,0.990204,0.395671,3.777184,0.634215,0.782670,-3.428097,3.890660,3.337861,5.614684,-1.189512,-3.104652,4.156654,0.571287,6.317426,2.513449,-4.306618,5.614684,0.227292,0.2
297,0.9523357829483188,0.6741176118539762,0.025698032685962664,0.16600424142972256,56,60,1.3429053644268232,0.6822633708166309,15,True,-4.172128,-4.306618,0.501350,0.890414,1.072568,0.619337,3.222326,4.153142,2.766910,-1.614631,1.982255,-3.191358,-1.009864,-0.357872,2.389245,1.980990,2.861171,1.120364,-0.714263,-2.503308,-1.248130,0.862770,-2.316704,1.815518,0.879711,0.395671,3.777184,0.634215,0.782670,-3.428097,3.890660,3.337861,5.614684,-1.189512,-3.104652,4.156654,0.570848,6.596367,2.568339,-4.306618,5.614684,0.222263,0.2
209,0.6841978180046878,0.5528057806564507,0.09423626188101542,0.17546251294879883,41,57,1.2619329838476343,0.7083492254110483,11,False,-3.967559,-4.306618,0.501350,0.890414,1.072568,0.619337,-2.040292,4.153142,2.766910,-1.614631,1.982255,-3.191358,-1.009864,-0.357872,2.389245,1.980990,2.861171,1.120364,-0.826213,2.224802,-1.248130,0.862770,-2.316704,1.815518,0.879711,0.395671,3.777184,0.634215,0.782670,-3.428097,3.890660,3.337861,5.614684,-1.189512,-3.104652,4.156654,0.558573,6.352624,2.520441,-4.306618,5.614684,0.221617,0.2
11,0.8746575249307091,0.45587032508388337,0.0034760652655953517,0.04442156209414605,136,22,1.417411003148779,0.22010384905535352,11,False,1.309062,-7.471503,2.362644,2.871307,3.258735,3.145174,-2.401449,3.568902,0.318847,-2.204872,2.967314,-0.973790,-5.796347,-0.357872,2.389245,6.074138,2.861171,-1.434690,-0.680190,-2.578173,-1.150791,0.862770,3.084992,0.476722,-4.430838,-2.090595,4.974771,1.540910,3.456831,-2.380609,3.214994,3.873335,2.284028,-0.744815,-0.189085,-0.017949,0.555342,9.125105,3.020779,-7.471503,6.074138,0.183841,0.2
216,0.736272814527445,0.727268044737136,0.05903579110529461,0.1770644261095915,56,60,1.2669046309792062,0.6111796094779214,13,False,-4.075892,-4.306618,0.501350,0.890414,1.072568,0.619337,2.535027,4.153142,2.766910,-1.614631,1.982255,-3.191358,-1.009864,-0.357872,2.389245,1.980990,2.861171,1.120364,-0.767387,-2.426412,-1.248130,0.862770,-2.316704,1.815518,0.879711,0.395671,3.777184,0.634215,0.782670,-3.428097,3.890660,3.337861,5.614684,-1.189512,-3.104652,4.156654,0.555090,6.470298,2.543678,-4.306618,5.614684,0.218223,0.2
206,0.10016798218610795,0.689433366008258,0.029480970100809946,0.19350110860507863,49,59,1.5614387969156927,0.6401049251248848,14,False,-4.161504,-4.306618,0.501350,0.890414,1.072568,0.619337,-2.181662,4.153142,2.766910,-1.614631,1.982255,-3.191358,-1.009864,-0.357872,2.389245,1.980990,2.861171,1.120364,-0.720169,2.224802,-1.248130,0.862770,-2.316704,1.815518,0.879711,0.395671,3.777184,0.634215,0.782670,-3.428097,3.890660,3.337861,5.614684,-1.189512,-3.104652,4.156654,0.552205,6.417314,2.533242,-4.306618,5.614684,0.217983,0.2
196,0.21225732503304529,0.7457504629900196,0.011978720017749732,0.1835420539639111,43,50,1.5134076622991808,0.556137108124664,12,False,-4.210039,-4.306618,0.501350,0.890414,1.072568,0.619337,-2.181662,4.153142,2.766910,-1.614631,1.982255,-3.191358,-1.009864,-0.357872,2.389245,1.980990,2.861171,1.120364,-0.693104,2.224802,-1.248130,0.862770,-2.316704,1.815518,0.879711,0.395671,3.777184,0.634215,0.782670,-3.428097,3.890660,3.337861,5.614684,-1.189512,-3.104652,4.156654,0.551608,6.428507,2.535450,-4.306618,5.614684,0.217558,0.2
190,0.19481067786800804,0.74021180712524,0.004789791518628957,0.17896080091855276,40,50,1.5794593000353783,0.5124932628484629,12,False,-4.229527,-4.306618,0.501350,0.890414,1.072568,0.619337,-2.181662,4.153142,2.766910,-1.614631,1.982255,-3.191358,-1.009864,-0.357872,2.389245,1.980990,2.861171,1.120364,-0.682175,2.224802,-1.248130,0.862770,-2.316704,1.815518,0.879711,0.395671,3.777184,0.634215,0.782670,-3.428097,3.890660,3.337861,5.614684,-1.189512,-3.104652,4.156654,0.551371,6.433046,2.536345,-4.306618,5.614684,0.217388,0.2
125,0.4980335314934065,0.276871815977782,0.07438440368572086,0.14369662166860692,37,56,1.4455424243395212,1.097865024628608,9,False,-4.029535,-7.922395,0.501350,0.890414,1.072568,2.142451,-2.278761,4.153142,2.766910,-1.614631,1.982255,-3.191358,-1.009864,-0.357872,2.389245,1.980990,2.861171,1.120364,-0.792683,2.224802,-1.248130,0.862770,-2.316704,1.815518,5.366730,-2.033161,3.777184,0.634215,0.782670,-3.428097,3.890660,3.337861,5.614684,-1.189512,-3.104652,4.156654,0.550201,8.702180,2.949946,-7.922395,5.614684,0.186512,0.2
79,0.4397902835760364,0.5071215101526045,0.10554302135579109,0.1768527403483935,50,50,1.3408973844937968,0.8638310708433836,14,False,-3.931207,-4.306618,0.501350,0.890414,1.072568,0.619337,-2.181662,4.153142,2.766910,-1.614631,1.982255,-3.191358,-1.009864,-0.357872,2.389245,1.980990,2.861171,1.120364,-0.845728,2.224802,-1.248130,0.862770,-2.316704,1.815518,0.879711,-2.005498,3.777184,0.634215,2.974775,-3.428097,3.890660,3.337861,5.614684,-1.189512,-3.104652,4.156654,0.549307,6.718742,2.592054,-4.306618,5.614684,0.211920,0.2
35,0.47135590922028386,1.5012295032817167,0.18600904289639159,0.18615146512071296,123,20,1.3408035402530178,0.35487908755944564,16,False,-0.587030,-4.829865,0.501350,0.890414,1.072568,0.619337,-2.181662,3.946609,0.713699,-2.079453,1.982255,-3.191358,-1.009864,-0.357872,2.389245,1.980990,2.861171,1.120364,-3.066983,2.224802,-1.248130,0.862770,-2.316704,1.815518,0.879711,0.395671,3.777184,1.266972,2.880952,-4.187104,3.890660,3.337861,5.485846,-1.189512,-3.104652,4.156654,0.547289,6.503810,2.550257,-4.829865,5.485846,0.214602,0.2
104,0.3363669521820303,0.2806663691895665,0.12335442330907506,0.16223605010524142,36,46,1.322174485435395,0.9748194059858077,14,False,-3.872338,-7.890506,0.501350,0.890414,1.072568,2.113173,-2.595764,4.153142,2.766910,-1.614631,1.982255,-3.191358,-1.009864,-0.357872,2.389245,1.980990,2.861171,1.120364,-0.877100,2.224802,-1.248130,0.862770,-2.316704,1.815518,5.313489,-1.988952,3.777184,0.634215,0.782670,-3.428097,3.890660,3.337861,5.614684,-1.189512,-3.104652,4.156654,0.543239,8.683404,2.946762,-7.890506,5.614684,0.184351,0.2
62,0.4547633431119459,0.6946807586093948,0.23112139630562947,0.05834280511705471,45,56,1.828759232759586,0.44711878543730105,19,False,-3.469851,-4.306618,0.501350,0.890414,1.072568,0.619337,-2.181662,4.153142,2.766910,-1.614631,1.982255,-3.191358,-1.009864,-0.357872,2.389245,1.980990,2.861171,1.120364,-1.084362,2.224802,-1.248130,0.862770,-2.316704,1.815518,0.879711,0.395671,3.777184,0.634215,0.782670,-3.428097,3.890660,3.337861,5.614684,-1.189512,-3.776315,4.156654,0.542643,6.428099,2.535370,-4.306618,5.614684,0.214029,0.2
242,0.8447127373366066,0.7221137444089021,0.04166189931121896,0.16559659413682445,61,60,1.3741505240266148,0.7076465288853085,14,False,2.499707,-4.306618,0.501350,0.890414,1.072568,0.619337,-2.181662,4.153142,2.766910,-1.614631,1.982255,-3.191358,-1.009864,-0.357872,2.389245,1.980990,2.861171,1.120364,-3.066983,-2.466928,-1.248130,0.862770,-2.316704,1.815518,0.879711,0.395671,3.777184,0.634215,0.782670,-3.428097,3.890660,3.337861,5.614684,-1.189512,-3.104652,4.156654,0.541723,6.399226,2.529669,-4.306618,5.614684,0.214148,0.2
278,0.8401104105568189,0.6531784001623225,0.040607689981792615,0.16897358401765294,61,58,1.3373039508062063,0.7438664409786719,15,True,2.499707,-4.306618,0.501350,0.890414,1.072568,0.619337,-2.181662,4.153142,2.766910,-1.614631,1.982255,-3.191358,-1.009864,-0.357872,2.389245,1.980990,2.861171,1.120364,-3.066983,-2.469355,-1.248130,0.862770,-2.316704,1.815518,0.879711,0.395671,3.777184,0.634215,0.782670,-3.428097,3.890660,3.337861,5.614684,-1.189512,-3.104652,4.156654,0.541656,6.399643,2.529752,-4.306618,5.614684,0.214114,0.2
235,0.9020424546894521,0.7064531939291782,0.02899208638890605,0.16696116465410996,62,59,1.356076704753052,0.7244839927833144,15,False,2.499707,-4.306618,0.501350,0.890414,1.072568,0.619337,-2.181662,4.153142,2.766910,-1.614631,1.982255,-3.191358,-1.009864,-0.357872,2.389245,1.980990,2.861171,1.120364,-3.066983,-2.495867,-1.248130,0.862770,-2.316704,1.815518,0.879711,0.395671,3.777184,0.634215,0.782670,-3.428097,3.890660,3.337861,5.614684,-1.189512,-3.104652,4.156654,0.540919,6.404224,2.530657,-4.306618,5.614684,0.213747,0.2
280,0.874430377315532,0.7075770992802984,0.028320278171643336,0.1613974887113133,66,60,1.4104170189402847,0.8800389884522632,16,True,2.499707,-4.306618,0.501350,0.890414,1.072568,0.619337,-2.181662,4.153142,2.766910,-1.614631,1.982255,-3.191358,-1.009864,-0.357872,2.389245,1.980990,2.861171,1.120364,-3.066983,-2.497387,-1.248130,0.862770,-2.316704,1.815518,0.879711,0.395671,3.777184,0.634215,0.782670,-3.428097,3.890660,3.337861,5.614684,-1.189512,-3.104652,4.156654,0.540877,6.404488,2.530709,-4.306618,5.614684,0.213726,0.2
320,0.8356488092784523,0.7369145589615368,0.026749331748218533,0.166261888484642,60,60,1.3592011817516418,0.7241087319809726,14,True,2.499707,-4.306618,0.501350,0.890414,1.072568,0.619337,-2.181662,4.153142,2.766910,-1.614631,1.982255,-3.191358,-1.009864,-0.357872,2.389245,1.980990,2.861171,1.120364,-3.066983,-2.500937,-1.248130,0.862770,-2.316704,1.815518,0.879711,0.395671,3.777184,0.634215,0.782670,-3.428097,3.890660,3.337861,5.614684,-1.189512,-3.104652,4.156654,0.540779,6.405105,2.530831,-4.306618,5.614684,0.213676,0.2
299,0.7852253537266651,0.5858440194329326,0.05663338666322312,0.16978527343959832,58,24,1.4152128966879494,0.8396932830051722,15,True,-5.157481,-4.306618,0.501350,0.890414,1.072568,0.619337,3.171102,4.153142,2.766910,-1.614631,1.982255,-3.191358,-1.009864,-0.357872,2.389245,1.980990,2.861171,1.120364,-3.066983,2.224802,-1.248130,0.862770,-2.316704,1.815518,0.879711,-2.048230,3.777184,0.634215,0.782670,-3.428097,3.890660,3.337861,5.614684,-1.189512,-3.104652,4.156654,0.540151,7.216689,2.686390,-5.157481,5.614684,0.201070,0.2
415,0.9337598958771725,0.6845334374622745,0.013722222674859263,0.15426380446248036,60,58,1.3678146446047954,0.7359415229930474,15,False,2.499707,-4.306618,0.501350,0.890414,1.072568,0.619337,-2.181662,4.153142,2.766910,-1.614631,1.982255,-3.191358,-1.009864,-0.357872,2.389245,1.980990,2.861171,1.120364,-3.066983,-2.530082,-1.248130,0.862770,-2.316704,1.815518,0.879711,0.395671,3.777184,0.634215,0.782670,-3.428097,3.890660,3.337861,5.614684,-1.189512,-3.104652,4.156654,0.539969,6.410194,2.531836,-4.306618,5.614684,0.213272,0.2
395,0.9449306686989273,0.7273228064737851,0.012383087196020513,0.1592272718816455,61,57,1.3623853815912434,0.7584912895223765,13,False,2.499707,-4.306618,0.501350,0.890414,1.072568,0.619337,-2.181662,4.153142,2.766910,-1.614631,1.982255,-3.191358,-1.009864,-0.357872,2.389245,1.980990,2.861171,1.120364,-3.066983,-2.533048,-1.248130,0.862770,-2.316704,1.815518,0.879711,0.395671,3.777184,0.634215,0.782670,-3.428097,3.890660,3.337861,5.614684,-1.189512,-3.104652,4.156654,0.539887,6.410715,2.531939,-4.306618,5.614684,0.213230,0.2
466,0.8187581498541631,0.6979415277144838,0.00020590242932500002,0.17159775491546136,60,58,1.847839537845232,0.7617524300415276,13,False,2.499707,-4.306618,0.501350,0.890414,1.072568,0.619337,-2.181662,4.153142,2.766910,-1.614631,1.982255,-3.191358,-1.009864,-0.357872,2.389245,1.980990,2.861171,1.120364,-3.066983,-2.559778,-1.248130,0.862770,-2.316704,1.815518,0.879711,0.395671,3.777184,0.634215,0.782670,-3.428097,3.890660,3.337861,5.614684,-1.189512,-3.104652,4.156654,0.539144,6.415428,2.532870,-4.306618,5.614684,0.212859,0.2
388,0.74508025684472,0.6915446095220231,0.01757976958808697,0.1676495577881954,61,58,1.3018756960353572,0.6874762226081192,13,False,2.499707,-4.306618,0.501350,0.890414,1.072568,0.619337,-2.278761,4.153142,2.766910,-1.614631,1.982255,-3.191358,-1.009864,-0.357872,2.389245,1.980990,2.861171,1.120364,-3.066983,-2.521506,-1.248130,0.862770,-2.316704,1.815518,0.879711,0.395671,3.777184,0.634215,0.782670,-3.428097,3.890660,3.337861,5.614684,-1.189512,-3.104652,4.156654,0.537510,6.424056,2.534572,-4.306618,5.614684,0.212071,0.2
367,0.8678640016500646,0.6744290507369994,0.01043770212810496,0.1708533190461431,61,56,1.3227792617217504,0.8002708946988935,13,False,2.499707,-4.306618,0.501350,0.890414,1.072568,0.619337,-2.278761,4.153142,2.766910,-1.614631,1.982255,-3.191358,-1.009864,-0.357872,2.389245,1.980990,2.861171,1.120364,-3.066983,-2.537348,-1.248130,0.862770,-2.316704,1.815518,0.879711,0.395671,3.777184,0.634215,0.782670,-3.428097,3.890660,3.337861,5.614684,-1.189512,-3.104652,4.156654,0.537070,6.426832,2.535120,-4.306618,5.614684,0.211852,0.2
139,0.29606874116239923,0.16870760665752105,0.08748620458884761,0.18286274914269585,32,44,1.3863343145031937,1.2091045993590237,11,False,-4.783662,-7.616287,0.501350,0.890414,1.072568,2.134942,-2.278761,4.153142,2.766910,-1.614631,1.982255,-3.191358,-1.009864,-0.357872,2.389245,1.980990,2.861171,1.120364,-0.814708,2.224802,-1.248130,0.862770,-2.316704,1.815518,5.353161,-2.021722,3.777184,0.634215,0.782670,-3.428097,3.890660,3.337861,5.614684,-1.189512,-3.104652,4.156654,0.536877,8.765684,2.960690,-7.616287,5.614684,0.181335,0.2
195,0.18158545671742427,0.6995985671830819,0.03242422000499644,0.1882140240116966,40,52,1.5743941427102246,0.45251715072086773,12,False,-4.153188,-4.306618,0.501350,0.890414,1.072568,0.619337,-2.181662,4.153142,2.766910,-1.614631,1.982255,-3.191358,-1.009864,-0.357872,2.389245,1.980990,2.861171,1.120364,-0.724785,2.224802,-1.248130,0.862770,-2.316704,1.815518,0.879711,0.395671,3.777184,0.634215,0.782670,-3.428097,3.890660,3.337861,5.614684,-1.189512,-3.746682,4.156654,0.534473,6.561026,2.561450,-4.306618,5.614684,0.208660,0.2
174,0.16191365098930233,0.669792917492099,0.02000730178321264,0.18120713494040644,56,54,1.6041494445481088,0.6290320101331046,12,False,-4.187970,-4.306618,0.501350,0.890414,1.072568,0.619337,1.918161,4.153142,2.766910,-1.614631,1.982255,-3.191358,-1.009864,-0.357872,2.389245,1.980990,2.861171,1.120364,-0.705438,-2.516085,-1.248130,0.862770,-2.316704,1.815518,0.879711,0.395671,3.777184,0.634215,0.782670,-3.428097,3.890660,3.337861,5.614684,-1.189512,-3.104652,4.156654,0.534071,6.451877,2.540055,-4.306618,5.614684,0.210260,0.2
194,0.7229377429035949,0.5699876893110847,0.006855917040079037,0.17884329938561042,45,53,1.5436428397602118,0.6189497795620815,13,False,-4.223952,-4.306618,0.501350,0.890414,1.072568,0.619337,-2.181662,4.153142,2.766910,-1.614631,1.982255,-3.191358,-1.009864,-0.357872,2.389245,1.980990,2.861171,1.120364,-0.685305,2.224802,-1.248130,0.862770,-2.316704,1.815518,0.879711,0.395671,3.777184,0.634215,0.782670,-3.428097,3.890660,3.337861,5.614684,-1.189512,-3.740956,4.156654,0.533763,6.575928,2.564357,-4.306618,5.614684,0.208147,0.2
336,0.7901296643593598,0.7353043713038129,0.02131954271564306,0.1668200744196998,61,58,1.312617414918414,0.6966187817946041,15,True,2.499707,-4.306618,0.501350,0.890414,1.072568,0.619337,-2.595764,4.153142,2.766910,-1.614631,1.982255,-3.191358,-1.009864,-0.357872,2.389245,1.980990,2.861171,1.120364,-3.066983,-2.513148,-1.248130,0.862770,-2.316704,1.815518,0.879711,0.395671,3.777184,0.634215,0.782670,-3.428097,3.890660,3.337861,5.614684,-1.189512,-3.104652,4.156654,0.528937,6.476408,2.544879,-4.306618,5.614684,0.207844,0.2
433,0.9237124170403663,0.6884801047751826,0.00620792964590184,0.18022195446297667,56,57,1.2718516305198806,0.6109004614755438,17,False,-4.225703,-4.306618,0.501350,0.890414,1.072568,0.619337,1.670269,4.153142,2.766910,-1.614631,1.982255,-3.191358,-1.009864,-0.357872,2.389245,1.980990,2.861171,1.120364,-0.684323,-2.546659,-1.248130,0.862770,-2.316704,1.815518,0.879711,0.395671,3.777184,0.634215,0.782670,-3.428097,3.890660,3.337861,5.614684,-1.189512,-3.104652,4.156654,0.525875,6.448053,2.539302,-4.306618,5.614684,0.207094,0.2
27,0.6736869113483859,0.1033634423372154,0.3630456668613308,0.06459129458824919,40,39,1.5163003483011952,0.170694929987536,20,False,-2.868057,-6.100789,1.155535,2.747969,0.420115,3.306702,-1.541408,0.898378,2.452255,-0.716698,2.705689,-3.362898,-1.574151,2.194021,0.109846,0.727170,0.119485,3.438145,-2.581354,1.983226,0.023421,-0.734494,2.094003,0.817060,3.230627,-0.568012,5.343562,0.723095,1.592313,-3.870459,-0.980810,4.361738,4.950255,-0.290339,-2.263167,0.961527,0.525097,6.505368,2.550562,-6.100789,5.343562,0.205875,0.2
314,0.8299435499501688,0.6914202667840874,0.05937774509954656,0.16835565325572155,63,30,1.430358853364362,0.7771644004213271,14,True,2.499707,-4.306618,0.501350,0.890414,1.072568,0.619337,-2.181662,4.153142,2.766910,-1.614631,1.982255,-3.191358,-1.009864,-0.357872,2.389245,1.980990,2.861171,1.120364,-3.066983,-2.425605,-1.248130,0.862770,-2.316704,1.815518,0.879711,0.395671,3.777184,0.634215,0.782670,-4.228690,3.890660,3.337861,5.614684,-1.189512,-3.104652,4.156654,0.520632,6.591637,2.567418,-4.306618,5.614684,0.202784,0.2
360,0.7627125506062553,0.7112354565648689,0.0487597942160313,0.16549953488620078,67,59,1.355036825676264,0.7684208441742924,14,True,2.499707,-4.306618,0.501350,0.890414,1.072568,0.619337,-2.181662,4.153142,2.766910,-1.614631,1.982255,-3.191358,-1.009864,-0.357872,2.389245,1.980990,2.861171,1.120364,-3.066983,-2.450493,-1.248130,0.862770,-2.316704,1.815518,0.879711,0.395671,3.777184,0.634215,0.782670,-4.224200,3.890660,3.337861,5.614684,-1.189512,-3.104652,4.156654,0.520066,6.594627,2.568001,-4.306618,5.614684,0.202518,0.2
362,0.8856751366232105,0.8223593969610367,0.03642570018929482,0.1764348383302401,64,60,1.3780734950714824,0.6355599629435416,16,False,2.499707,-4.306618,0.501350,0.890414,1.072568,0.619337,-2.181662,4.153142,2.766910,-1.614631,1.982255,-3.191358,-1.009864,-0.357872,2.389245,1.980990,2.861171,1.120364,-3.066983,-2.478949,-1.248130,0.862770,-2.316704,1.815518,0.879711,0.395671,3.777184,0.634215,0.782670,-4.218912,3.890660,3.337861,5.614684,-1.189512,-3.104652,4.156654,0.519422,6.598047,2.568666,-4.306618,5.614684,0.202215,0.2
270,0.8691680559127911,0.6671855702376921,0.034974180843028634,0.15747152575557502,63,58,1.3889859499157335,0.7891563867006421,16,True,2.499707,-4.306618,0.501350,0.890414,1.072568,0.619337,-2.181662,4.153142,2.766910,-1.614631,1.982255,-3.191358,-1.009864,-0.357872,2.389245,1.980990,2.861171,1.120364,-3.066983,-2.482266,-1.248130,0.862770,-2.316704,1.815518,0.879711,0.395671,3.777184,0.634215,0.782670,-4.218284,3.890660,3.337861,5.614684,-1.189512,-3.104652,4.156654,0.519348,6.598446,2.568744,-4.306618,5.614684,0.202180,0.2
449,0.8883190067567442,0.6821028593639883,0.03493797294397134,0.08700776043944358,66,60,1.3477869129068867,0.8471448907978307,16,False,2.499707,-4.306618,0.501350,0.890414,1.072568,0.619337,-2.181662,4.153142,2.766910,-1.614631,1.982255,-3.191358,-1.009864,-0.357872,2.389245,1.980990,2.861171,1.120364,-3.066983,-2.482349,-1.248130,0.862770,-2.316704,1.815518,0.879711,0.395671,3.777184,0.634215,0.782670,-4.218269,3.890660,3.337861,5.614684,-1.189512,-3.104652,4.156654,0.519346,6.598455,2.568746,-4.306618,5.614684,0.202179,0.2
421,0.8501007935639924,0.640751113459666,0.02008423689619407,0.16831187806425485,48,22,1.2483294455092813,0.5721544314742382,16,False,-4.187757,-4.306618,0.501350,0.890414,1.072568,0.619337,-2.278761,4.153142,2.766910,-1.614631,1.982255,-3.191358,-1.009864,-0.357872,2.389245,1.980990,2.861171,1.120364,-0.705557,2.224802,-1.248130,0.862770,-2.316704,1.815518,0.879711,0.395671,3.777184,0.634215,0.782670,-4.211793,3.890660,3.337861,5.614684,-1.189512,-3.743958,4.156654,0.509656,6.777990,2.603457,-4.306618,5.614684,0.195761,0.2
471,0.8285658346575849,0.707552195876301,0.008774143384051688,0.1687324038619985,64,59,1.327543959953786,0.7919784015717982,14,False,2.499707,-4.306618,0.501350,0.890414,1.072568,0.619337,-2.595764,4.153142,2.766910,-1.614631,1.982255,-3.191358,-1.009864,-0.357872,2.389245,1.980990,2.861171,1.120364,-3.066983,-2.541017,-1.248130,0.862770,-2.316704,1.815518,0.879711,0.395671,3.777184,0.634215,0.782670,-4.206799,3.890660,3.337861,5.614684,-1.189512,-3.104652,4.156654,0.506532,6.674160,2.583440,-4.306618,5.614684,0.196069,0.2
275,0.8188309648821378,0.5945178800448875,0.2954020604985197,0.15926214157087604,49,59,1.3392601447307073,0.7528354940569655,16,True,-3.186570,-4.306618,0.501350,0.890414,1.072568,0.619337,-2.181662,4.153142,2.766910,-1.614631,1.982255,-3.191358,-1.009864,-0.357872,2.389245,1.980990,2.861171,1.120364,-1.223295,2.224802,-1.248130,0.862770,-2.316704,1.815518,0.879711,-1.795926,3.777184,0.634215,0.782670,-3.428097,3.890660,3.337861,5.614684,-1.189512,-3.104652,4.156654,0.504433,6.380168,2.525899,-4.306618,5.614684,0.199704,0.2
265,0.8390303957969463,0.6014043030929154,0.03817117532775498,0.17210497305457542,56,60,1.4049933226006706,0.8208178207043737,15,True,-4.136817,-4.306618,0.501350,0.890414,1.072568,0.619337,3.230971,4.153142,2.766910,-1.614631,1.982255,-3.191358,-1.009864,-0.357872,2.389245,1.980990,2.861171,1.120364,-0.733853,-2.474951,-1.248130,0.862770,-2.316704,1.815518,0.879711,-2.063399,3.777184,0.634215,0.782670,-3.428097,3.890660,3.337861,5.614684,-1.189512,-3.104652,4.156654,0.504005,6.777427,2.603349,-4.306618,5.614684,0.193599,0.2
438,0.8762439571852367,0.602260726655338,0.018974495807307614,0.15516474079094422,55,56,1.3595880362138881,0.7380775775246189,17,False,-4.190827,-4.306618,0.501350,0.890414,1.072568,0.619337,3.291292,4.153142,2.766910,-1.614631,1.982255,-3.191358,-1.009864,-0.357872,2.389245,1.980990,2.861171,1.120364,-0.703844,-2.518394,-1.248130,0.862770,-2.316704,1.815518,0.879711,-2.078652,3.777184,0.634215,0.782670,-3.428097,3.890660,3.337861,5.614684,-1.189512,-3.104652,4.156654,0.503384,6.808933,2.609393,-4.306618,5.614684,0.192912,0.2
473,0.8018650449420052,0.5857706355633111,0.01866239028908888,0.10504325638899126,54,58,1.3724248162532353,0.7460561988446596,13,False,-4.191689,-4.306618,0.501350,0.890414,1.072568,0.619337,3.292257,4.153142,2.766910,-1.614631,1.982255,-3.191358,-1.009864,-0.357872,2.389245,1.980990,2.861171,1.120364,-0.703362,-2.519090,-1.248130,0.862770,-2.316704,1.815518,0.879711,-2.078895,3.777184,0.634215,0.782670,-3.428097,3.890660,3.337861,5.614684,-1.189512,-3.104652,4.156654,0.503374,6.809441,2.609491,-4.306618,5.614684,0.192901,0.2
97,0.5527909517122058,0.24200431685496723,0.02738486129902476,0.13255155836726995,53,54,1.442921257210825,1.4803421797588316,12,False,2.499707,-7.947727,0.501350,0.890414,1.072568,0.619337,-2.181662,4.153142,2.766910,-1.614631,1.982255,-3.191358,-1.009864,-0.357872,2.389245,1.980990,2.861171,1.120364,-3.066983,2.224802,-1.248130,0.862770,-2.316704,1.815518,0.879711,-2.072033,3.777184,0.634215,0.782670,-3.428097,3.890660,3.337861,5.614684,-1.189512,-3.104652,4.156654,0.502360,7.802075,2.793219,-7.947727,5.614684,0.179850,0.2
32,0.9462072172824618,1.2848385564126312,0.2877370889379395,0.09165057809830333,102,14,1.6432882184423532,0.1411374948008597,9,False,-1.065300,-4.872525,0.501350,0.890414,-1.161012,0.619337,1.216048,3.145722,5.158160,-1.947232,1.982255,-3.191358,-1.009864,-0.357872,2.389245,1.980990,2.861171,1.120364,-3.066983,2.224802,-1.248130,-0.904353,-2.316704,1.815518,0.879711,0.395671,3.777184,4.635453,1.404207,-4.434733,6.074929,2.203969,-1.509142,-1.189512,-3.104652,4.156654,0.501494,7.165634,2.676870,-4.872525,6.074929,0.187343,0.2
361,0.8467697191376108,0.6364793935578388,0.23149696931715988,0.08114271755103139,56,58,1.3974281095424046,0.7085887286933265,15,False,-3.468296,-4.306618,0.501350,0.890414,1.072568,0.619337,2.039432,4.153142,2.766910,-1.614631,1.982255,-3.191358,-1.009864,-0.357872,2.389245,1.980990,2.861171,1.120364,-1.085140,-1.965155,-1.248130,0.862770,-2.316704,1.815518,0.879711,-1.875427,3.777184,0.634215,0.782670,-3.428097,3.890660,3.337861,5.614684,-1.189512,-3.104652,4.156654,0.499101,6.390229,2.527890,-4.306618,5.614684,0.197438,0.2
437,0.8961216546106335,0.6799988969239794,0.15614210537584858,0.1746997160446643,58,60,1.3806621864742796,0.8349252859980514,13,False,-3.758598,-4.306618,0.501350,0.890414,1.072568,0.619337,-2.181662,4.153142,2.766910,-1.614631,1.982255,-3.191358,-1.009864,-0.357872,2.389245,1.980990,2.861171,1.120364,-3.066983,2.224802,-1.248130,0.862770,-2.316704,1.815518,0.879711,0.395671,3.777184,0.634215,0.782670,-3.428097,3.890660,3.337861,5.614684,-1.189512,-3.104652,4.156654,0.498207,6.638416,2.576512,-4.306618,5.614684,0.193365,0.2
490,0.9022702026939807,0.6394040786438829,0.018508462808269288,0.1479155473437824,54,60,1.3400650430108254,0.6540239366150079,12,False,-4.192115,-4.306618,0.501350,0.890414,1.072568,0.619337,2.977019,4.153142,2.766910,-1.614631,1.982255,-3.191358,-1.009864,-0.357872,2.389245,1.980990,2.861171,1.120364,-0.703125,-2.519434,-1.248130,0.862770,-2.316704,1.815518,0.879711,-2.079015,3.777184,0.634215,0.782670,-3.428097,3.890660,3.337861,5.614684,-1.189512,-3.104652,4.156654,0.494599,6.762138,2.600411,-4.306618,5.614684,0.190200,0.2
75,0.29552393941346805,0.264393668692143,0.08451612435619661,0.1323149983784666,40,48,1.400043417896156,1.0468794170797828,15,False,-3.998194,-7.916286,0.501350,0.890414,1.072568,0.619337,-2.181662,4.153142,2.766910,-1.614631,1.982255,-3.191358,-1.009864,-0.357872,2.389245,1.980990,2.861171,1.120364,-0.809680,2.224802,-1.248130,0.862770,-2.316704,1.815518,5.356278,-2.024339,3.777184,0.634215,0.782670,-3.428097,3.890660,3.337861,5.614684,-1.189512,-3.757257,4.156654,0.492985,8.745559,2.957289,-7.916286,5.614684,0.166702,0.2
102,0.4749507035594481,0.3459105164569427,0.09530391042967314,0.1703366911714834,43,51,1.3435392678727207,0.8920601920200437,13,False,-3.964159,-4.306618,0.501350,0.890414,-3.550011,0.619337,-1.457383,4.153142,2.766910,-1.614631,1.982255,-3.191358,-1.009864,-0.357872,2.389245,1.980990,2.861171,1.120364,-0.828043,2.224802,-1.248130,0.862770,-2.316704,1.815518,5.344836,-2.014764,3.777184,0.634215,0.782670,-3.428097,3.890660,3.337861,5.614684,-1.189512,-3.759240,4.156654,0.485296,7.733546,2.780925,-4.306618,5.614684,0.174509,0.2
478,0.8784360540345041,0.615819574229169,0.009039155672761777,0.17209743969898378,56,59,1.315495161307095,0.7191162689519573,17,False,-4.218039,-4.306618,0.501350,0.890414,1.072568,0.619337,2.665406,4.153142,2.766910,-1.614631,1.982255,-3.191358,-1.009864,-0.357872,2.389245,1.980990,2.861171,1.120364,-0.688622,-2.540433,-1.248130,0.862770,-2.316704,1.815518,0.879711,-2.086345,3.777184,0.634215,0.782670,-3.428097,3.890660,3.337861,5.614684,-1.189512,-3.104652,4.156654,0.484839,6.731296,2.594474,-4.306618,5.614684,0.186874,0.2
172,0.19334556283833304,0.8574145760760471,0.00020222903402753595,0.18932307100827495,58,55,1.6493611772826213,0.6039125129332353,12,False,-4.241829,-4.306618,0.501350,0.890414,1.072568,0.619337,-2.181662,4.153142,2.766910,-1.614631,1.982255,-3.191358,-1.009864,-0.357872,2.389245,1.980990,2.861171,1.120364,-3.066983,2.224802,-1.248130,0.862770,-2.316704,1.815518,0.879711,0.395671,3.777184,0.634215,0.782670,-3.428097,3.890660,3.337861,5.614684,-1.189512,-3.104652,4.156654,0.484784,6.762446,2.600470,-4.306618,5.614684,0.186422,0.2
464,0.7493466448992797,0.7366024673840182,0.017013337038615153,0.15245110271186618,141,39,1.4311471382602148,0.7980279941502045,13,False,-1.357584,-6.667527,1.701192,0.890414,1.072568,-0.873417,-1.283692,4.153142,0.348550,-2.316415,1.595695,0.919008,-1.635865,-0.357872,2.389245,1.980990,2.861171,1.120364,-3.066983,2.224802,-1.248130,0.862770,-2.316704,1.815518,0.879711,0.395671,3.777184,0.634215,3.043419,-4.210443,5.015609,3.949250,1.614687,-1.555669,-3.104652,4.156654,0.483524,6.678397,2.584259,-6.667527,5.015609,0.187104,0.2
134,0.2798593131437928,0.6166356900600075,0.10426759997864485,0.15491568718070803,145,58,1.2731125171842983,1.0380940629977766,10,False,-1.242929,-7.157720,3.916183,0.890414,-3.535799,0.619337,-2.468695,4.153142,2.766910,-2.308210,1.674067,0.663194,-1.009864,-0.357872,2.389245,1.980990,2.861171,1.120364,-3.066983,2.224802,-1.248130,0.862770,-2.316704,1.815518,0.879711,0.395671,3.777184,0.634215,2.975877,-3.578059,1.641316,4.013522,1.807682,-1.585380,-1.144496,4.156654,0.477753,6.831934,2.613797,-7.157720,4.156654,0.182781,0.2
69,0.39627923608183035,0.3092281956167008,0.1963727680366547,0.10624454087819597,112,51,1.622163697331997,1.313563867479198,20,True,-1.743300,-4.127281,0.501350,0.890414,1.072568,0.619337,-2.181662,4.315556,5.582459,-2.240813,1.982255,-3.191358,-1.009864,-0.357872,2.389245,1.980990,2.861171,1.120364,-3.066983,2.224802,-1.248130,0.862770,2.682692,0.626026,-2.965932,-1.914953,3.777184,-2.242574,3.905877,-3.832893,3.890660,4.084286,2.043695,-1.189512,-3.104652,4.156654,0.476460,7.390435,2.718536,-4.127281,5.582459,0.175264,0.2
266,0.8551243940432701,0.6498397237933309,0.04836143199547288,0.169514166379957,60,59,1.3779947497466707,0.8720029357034322,15,True,2.499707,-4.306618,0.501350,0.890414,1.072568,0.619337,-2.181662,4.153142,2.766910,-1.614631,1.982255,-3.191358,-1.009864,-0.357872,2.389245,1.980990,2.861171,1.120364,-3.066983,-2.451420,-1.248130,0.862770,-2.316704,1.815518,0.879711,-2.055088,3.777184,0.634215,0.782670,-3.428097,3.890660,3.337861,5.614684,-1.189512,-3.104652,4.156654,0.474077,6.583920,2.565915,-4.306618,5.614684,0.184760,0.2
295,0.8592218197751106,0.6213322777783528,0.0322311384361643,0.17301564149402993,60,57,1.3656457757104483,0.7576043591624217,16,True,2.499707,-4.306618,0.501350,0.890414,1.072568,0.619337,-2.181662,4.153142,2.766910,-1.614631,1.982255,-3.191358,-1.009864,-0.357872,2.389245,1.980990,2.861171,1.120364,-3.066983,-2.488516,-1.248130,0.862770,-2.316704,1.815518,0.879711,-2.068174,3.777184,0.634215,0.782670,-3.428097,3.890660,3.337861,5.614684,-1.189512,-3.104652,4.156654,0.472683,6.592054,2.567500,-4.306618,5.614684,0.184103,0.2
252,0.8458455113088288,0.6324160352144487,0.030598801529317488,0.16264964601267548,60,59,1.323330871114818,0.8121148723542008,15,False,2.499707,-4.306618,0.501350,0.890414,1.072568,0.619337,-2.181662,4.153142,2.766910,-1.614631,1.982255,-3.191358,-1.009864,-0.357872,2.389245,1.980990,2.861171,1.120364,-3.066983,-2.492225,-1.248130,0.862770,-2.316704,1.815518,0.879711,-2.069478,3.777184,0.634215,0.782670,-3.428097,3.890660,3.337861,5.614684,-1.189512,-3.104652,4.156654,0.472544,6.592872,2.567659,-4.306618,5.614684,0.184037,0.2
218,0.7779367489334591,0.6895991161138635,0.05010520954658767,0.17574948038353413,60,58,1.304295739902895,0.6841508757249861,14,False,2.499707,-4.306618,0.501350,0.890414,1.072568,0.619337,-2.278761,4.153142,2.766910,-1.614631,1.982255,-3.191358,-1.009864,-0.357872,2.389245,1.980990,2.861171,1.120364,-3.066983,-2.447360,-1.248130,0.862770,-2.316704,1.815518,0.879711,-2.053651,3.777184,0.634215,0.782670,-3.428097,3.890660,3.337861,5.614684,-1.189512,-3.104652,4.156654,0.471533,6.598032,2.568663,-4.306618,5.614684,0.183571,0.2
306,0.9095473826804727,0.6439114596670299,0.027355819540744956,0.16944675137376455,56,59,1.3319322756685787,0.664441042206759,16,True,-4.167481,-4.306618,0.501350,0.890414,1.072568,0.619337,2.060017,4.153142,2.766910,-1.614631,1.982255,-3.191358,-1.009864,-0.357872,2.389245,1.980990,2.861171,1.120364,-0.716848,-2.499567,-1.248130,0.862770,-2.316704,1.815518,0.879711,-2.072056,3.777184,0.634215,0.782670,-3.428097,3.890660,3.337861,5.614684,-1.189512,-3.104652,4.156654,0.470175,6.645403,2.577868,-4.306618,5.614684,0.182389,0.2
434,0.904976222027601,0.6314781924545109,0.000997854430600863,0.1788788118105313,60,56,1.3492141249510625,0.7848531326134871,17,False,2.499707,-4.306618,0.501350,0.890414,1.072568,0.619337,-2.181662,4.153142,2.766910,-1.614631,1.982255,-3.191358,-1.009864,-0.357872,2.389245,1.980990,2.861171,1.120364,-3.066983,-2.558053,-1.248130,0.862770,-2.316704,1.815518,0.879711,-2.092474,3.777184,0.634215,0.782670,-3.428097,3.890660,3.337861,5.614684,-1.189512,-3.104652,4.156654,0.470077,6.607497,2.570505,-4.306618,5.614684,0.182873,0.2
238,0.8673941112081145,0.7280341717265558,0.03263908964742209,0.16905541728015225,65,60,1.331151157041759,0.7589553520743157,14,True,2.499707,-4.306618,0.501350,0.890414,1.072568,0.619337,-2.595764,0.466074,2.766910,-1.614631,1.982255,-3.191358,-1.009864,-0.357872,2.389245,1.980990,2.861171,1.120364,-3.066983,-2.487588,-1.248130,0.862770,-2.316704,1.815518,0.879711,0.395671,3.777184,0.634215,3.032391,-4.217273,3.890660,3.337861,5.614684,-1.189512,-3.104652,4.156654,0.467799,6.466435,2.542919,-4.306618,5.614684,0.183961,0.2
344,0.8776175978818881,0.564152248065776,0.028730350579751644,0.15937568051996057,57,60,1.3659551341238605,0.7554964189636186,16,False,-5.585109,-4.306618,0.501350,0.890414,1.072568,0.619337,3.260880,4.153142,2.766910,-1.614631,1.982255,-3.191358,-1.009864,-0.357872,2.389245,1.980990,2.861171,1.120364,-0.718995,-2.496459,-1.248130,0.862770,-2.316704,1.815518,0.879711,-2.070965,3.777184,0.634215,0.782670,-3.428097,3.890660,3.337861,5.614684,-1.189512,-3.104652,4.156654,0.464211,7.228228,2.688536,-5.585109,5.614684,0.172663,0.2
325,0.8403438406535186,0.6545770098947375,0.03141509688098957,0.17115779487442426,68,60,1.371314958043544,0.7911796572825782,15,False,2.499707,-4.306618,0.501350,0.890414,1.072568,0.619337,-2.181662,0.463437,2.766910,-2.254670,1.982255,-3.191358,-1.009864,-0.357872,2.389245,1.980990,2.861171,1.120364,-3.066983,-2.490371,-1.248130,0.862770,-2.316704,1.815518,0.879711,0.395671,3.777184,0.634215,3.033271,-4.216742,3.890660,3.337861,5.614684,-1.189512,-3.104652,4.156654,0.461411,6.487123,2.546983,-4.306618,5.614684,0.181160,0.2
409,0.8363632221122427,0.59839633065561,0.03333268479669484,0.012011492023762865,56,60,1.3282081464638282,0.6868029925179855,16,False,-4.150611,-4.306618,0.501350,0.890414,1.072568,0.619337,1.673486,4.153142,2.766910,-1.614631,1.982255,-3.191358,-1.009864,-0.357872,2.389245,1.980990,2.861171,1.120364,-0.726213,-2.486009,-1.248130,0.862770,-2.316704,1.815518,0.879711,-2.067293,3.777184,0.634215,0.782670,-3.428097,3.890660,3.337861,5.614684,-1.189512,-3.104652,4.156654,0.460155,6.607642,2.570533,-4.306618,5.614684,0.179012,0.2
483,0.7542220751934258,0.6332654831727405,0.012723241084925903,0.15166030962618357,60,56,1.3546225614663883,0.8694863187277011,13,False,2.499707,-4.306618,0.501350,0.890414,1.072568,0.619337,-2.595764,4.153142,2.766910,-1.614631,1.982255,-3.191358,-1.009864,-0.357872,2.389245,1.980990,2.861171,1.120364,-3.066983,-2.532295,-1.248130,0.862770,-2.316704,1.815518,0.879711,-2.083508,3.777184,0.634215,0.782670,-3.428097,3.890660,3.337861,5.614684,-1.189512,-3.104652,4.156654,0.459539,6.669282,2.582495,-4.306618,5.614684,0.177944,0.2
254,0.8291756559952718,0.6298416866750368,0.04677525368653602,0.17047724290747737,63,58,1.3929341106814854,0.7964350016521389,15,False,2.499707,-4.306618,0.501350,0.890414,1.072568,0.619337,-2.181662,4.153142,2.766910,-1.614631,1.982255,-3.191358,-1.009864,-0.357872,2.389245,1.980990,2.861171,1.120364,-3.066983,-2.455105,-1.248130,0.862770,-2.316704,1.815518,0.879711,-2.056392,3.777184,0.634215,0.782670,-4.223354,3.890660,3.337861,5.614684,-1.189512,-3.104652,4.156654,0.451848,6.779613,2.603769,-4.306618,5.614684,0.173536,0.2
486,0.7923177621515018,0.6022352055793837,0.0005660008496317761,0.0205445917193562,56,60,1.2664101246087256,0.708026214859681,13,False,-4.240857,-4.306618,0.501350,0.890414,1.072568,0.619337,1.398383,4.153142,2.766910,-1.614631,1.982255,-3.191358,-1.009864,-0.357872,2.389245,1.980990,2.861171,1.120364,-0.675805,-2.558994,-1.248130,0.862770,-2.316704,1.815518,0.879711,-2.092801,3.777184,0.634215,0.782670,-3.428097,3.890660,3.337861,5.614684,-1.189512,-3.104652,4.156654,0.448671,6.627402,2.574374,-4.306618,5.614684,0.174284,0.2
199,0.1276535115563322,0.5325177951834402,0.038945806809120756,0.18657769615046754,45,53,1.5529775785594395,0.5856242446387157,11,False,-4.134597,-4.306618,0.501350,0.890414,1.072568,0.619337,-2.181662,4.153142,2.766910,-1.614631,1.982255,-3.191358,-1.009864,-0.357872,2.389245,1.980990,2.861171,1.120364,-0.735080,2.224802,-1.248130,0.862770,-2.316704,1.815518,0.879711,-2.062773,3.777184,0.634215,0.782670,-4.219998,3.890660,3.337861,5.614684,-1.189512,-3.748089,4.156654,0.444377,6.938208,2.634048,-4.306618,5.614684,0.168705,0.2
355,0.8241806298813311,0.7990427129184332,0.0621750897968221,0.16865212473741906,79,57,1.3909332799854655,0.7230694887030679,16,False,-4.066519,-4.306618,0.501350,0.890414,1.072568,0.619337,-2.181662,0.530970,2.766910,-2.253241,1.982255,-3.191358,-1.009864,-0.357872,2.389245,1.980990,2.861171,1.120364,-3.066983,2.224802,-1.248130,0.862770,-2.316704,1.815518,0.879711,0.395671,3.777184,0.634215,3.010318,-3.428097,3.890660,3.337861,5.614684,-1.189512,-3.104652,4.156654,0.433178,6.596781,2.568420,-4.306618,5.614684,0.168655,0.2
276,0.9494655200691354,0.5996713799187643,0.03364569652315184,0.1555072299433136,58,58,1.352061323434703,0.7551804559293633,15,True,-5.396659,-4.306618,0.501350,0.890414,1.072568,0.619337,3.245367,0.468246,2.766910,-1.614631,1.982255,-3.191358,-1.009864,-0.357872,2.389245,1.980990,2.861171,1.120364,-3.066983,2.224802,-1.248130,0.862770,-2.316704,1.815518,0.879711,-2.067042,3.777184,0.634215,0.782670,-3.428097,3.890660,3.337861,5.614684,-1.189512,-3.104652,4.156654,0.432690,6.925617,2.631657,-5.396659,5.614684,0.164417,0.2
65,0.6120195716207213,0.529773131075625,0.3988897224136777,0.04991499597539214,97,40,1.9900324917458723,0.6835917769788098,15,False,-2.370192,-3.259464,0.501350,0.890414,1.072568,0.619337,-3.378540,2.646679,4.425059,-2.193841,1.911549,-3.191358,-1.009864,-0.357872,2.389245,1.980990,2.861171,1.120364,-3.066983,2.224802,-3.458787,0.862770,-2.316704,1.815518,0.879711,-1.642343,3.777184,0.973804,3.272862,-3.121271,3.890660,4.235936,2.713235,-1.189512,-3.104652,4.156654,0.432236,6.645998,2.577983,-3.458787,4.425059,0.167664,0.2
18,0.6457861536936309,0.16827992999009767,0.004598525808314824,0.0010123167692437374,135,48,1.6635017691080558,1.2840632923085755,3,False,1.988202,-6.656816,-2.698246,4.128644,-1.004165,5.074897,-1.539328,4.909268,0.309072,-1.910394,1.584507,0.953516,-1.636825,-0.357872,2.389245,-1.376923,2.861171,-1.348112,-3.313205,4.043800,-0.207597,0.862770,3.117721,0.463000,-4.285030,-2.313093,3.530922,-1.303764,4.702946,-1.876156,-0.265098,3.940388,1.589345,-1.551470,-1.517087,4.156654,0.429025,8.241646,2.870827,-6.656816,5.074897,0.149443,0.1
448,0.7884928495123911,0.6384512147847646,0.025024014493784164,0.1707906824257369,54,58,1.301349486893533,0.7074208335173953,6,False,-4.174013,-4.306618,0.501350,-1.818019,1.072568,0.619337,4.486297,4.153142,2.766910,-1.614631,1.982255,-3.191358,-1.009864,-0.357872,2.389245,1.980990,2.861171,1.120364,-0.713215,-2.504827,-1.248130,0.862770,-2.316704,1.815518,0.879711,-2.073901,3.777184,0.634215,0.782670,-3.428097,3.890660,3.337861,5.614684,-1.189512,-3.104652,2.842537,0.425556,6.951684,2.636605,-4.306618,5.614684,0.161403,0.2
31,0.14077360879484008,0.7970094687947469,0.1873063073132356,0.17129796823766447,76,14,1.5031362585800876,0.8677032984759461,13,False,-3.263315,-4.306618,0.501350,0.890414,1.072568,0.619337,-2.181662,1.037085,2.766910,-1.614631,1.982255,-3.191358,-1.009864,-0.357872,2.389245,1.980990,2.861171,1.120364,-3.066983,2.224802,-1.248130,0.862770,-2.316704,1.815518,0.879711,0.395671,3.777184,0.634215,0.782670,-3.428097,3.890660,3.337861,5.614684,-1.189512,-3.104652,4.156654,0.425408,6.146122,2.479137,-4.306618,5.614684,0.171595,0.2
17,0.6697913115459412,0.18620553561179842,0.16951489552435034,0.17942205199051542,88,34,1.7259556788702395,0.48370458180090337,8,False,-4.665848,-7.382229,1.284397,1.547976,2.251091,5.004112,-2.809046,2.246098,3.276692,-2.219191,2.187461,0.640372,-4.394538,-0.357872,-3.433260,-1.108275,4.455912,-1.169321,-1.443572,-2.144250,-1.960695,3.479342,2.756625,0.599943,5.256426,-1.653015,3.714125,0.682944,1.960118,-3.106197,6.299035,4.063444,2.781677,-1.634305,-0.175924,0.340213,0.421402,9.912830,3.148465,-7.382229,6.299035,0.133844,0.2
22,0.9672579793803275,1.8566371251754508,0.42650472773368003,0.1702273343033714,138,25,1.3850977286019253,0.030913233057734857,7,False,0.145796,-4.710604,3.585837,0.890414,1.072568,0.619337,-2.487556,4.153142,1.106292,-2.222546,1.929357,-3.191358,-1.009864,-0.357872,2.389245,1.980990,2.861171,1.120364,-3.066983,2.224802,-1.248130,0.862770,0.454532,-2.649930,0.879711,0.395671,3.777184,0.634215,0.782670,-3.743151,0.271026,3.745049,2.823891,-1.189512,-2.075991,4.156654,0.414144,5.546781,2.355160,-4.710604,4.156654,0.175845,0.2
457,0.8679972619589303,0.6243253789272714,0.03695890310704204,0.15601702637166495,59,60,1.4104331023494816,0.6315678759852537,15,False,-4.140285,-4.306618,0.501350,0.890414,1.072568,0.619337,3.234838,4.153142,2.766910,-1.614631,1.982255,-3.191358,-1.009864,-0.357872,2.389245,1.980990,2.861171,1.120364,-3.066983,-2.477729,-1.248130,0.862770,-2.316704,1.815518,0.879711,-2.064378,3.777184,0.634215,0.782670,-3.428097,3.890660,3.337861,5.614684,-1.562440,-3.747663,4.156654,0.410882,7.275680,2.697347,-4.306618,5.614684,0.152328,0.2
456,0.7833608002390118,0.7491297242904311,0.05417666643733751,0.17120265438591137,62,59,1.3408527852951855,0.5281290568532987,14,False,-4.711872,-4.306618,0.501350,0.890414,1.072568,0.619337,-2.181662,4.153142,2.766910,-1.614631,1.982255,-3.191358,-1.009864,-0.357872,2.389245,1.980990,2.861171,1.120364,-3.066983,-2.437842,-1.248130,0.862770,-2.316704,1.815518,0.879711,0.395671,3.777184,0.634215,3.016459,-3.428097,3.890660,3.337861,5.614684,-1.189512,-3.104652,4.156654,0.404259,7.227179,2.688341,-4.711872,5.614684,0.150375,0.2
441,0.9135359273116027,0.6558812357310543,0.025054140168083612,0.16868650133536545,62,60,1.3412243790079177,0.6896186044415036,17,False,-4.787839,-4.306618,0.501350,0.890414,1.072568,0.619337,-2.181662,4.153142,2.766910,-1.614631,1.982255,-3.191358,-1.009864,-0.357872,2.389245,1.980990,2.861171,1.120364,-3.066983,-2.504759,-1.248130,0.862770,-2.316704,1.815518,0.879711,0.395671,3.777184,0.634215,3.037799,-3.428097,3.890660,3.337861,5.614684,-1.189512,-3.104652,4.156654,0.400883,7.263736,2.695132,-4.787839,5.614684,0.148743,0.2
499,0.8749025160275314,0.6120259266474668,0.025781587384351705,0.1609107460565573,70,60,1.3274682397864603,0.7496964945787349,18,False,-4.171894,-4.306618,0.501350,0.890414,1.072568,0.619337,-2.181662,0.451348,2.766910,-2.254885,1.982255,-3.191358,-1.009864,-0.357872,2.389245,1.980990,2.861171,1.120364,-3.066983,-2.503120,-1.248130,0.862770,-2.316704,1.815518,0.879711,0.395671,3.777184,5.085207,3.037285,-4.214289,3.890660,3.337861,5.614684,-1.189512,-3.104652,4.156654,0.399211,7.589913,2.754980,-4.306618,5.614684,0.144905,0.2
423,0.909640572743571,0.7328988414832648,0.02808670736350441,0.16240886117065156,52,57,1.3074782435576335,0.004912431004294726,13,False,-6.012420,-4.306618,0.501350,0.890414,4.424878,-0.193935,0.072826,4.153142,0.364586,-2.254799,1.982255,-3.191358,-1.009864,2.589444,-3.872450,1.980990,2.861171,1.120364,-0.799699,-2.497915,0.124355,0.862770,1.306418,-4.108307,0.879711,-0.884844,3.376868,-0.122390,5.123686,-0.794702,3.890660,3.337861,1.637712,1.315323,-3.381474,4.156654,0.375630,7.669579,2.769400,-6.012420,5.123686,0.135636,0.2
16,0.9322242564507065,0.2750418882919865,0.4386696766904905,0.16344444004024317,107,26,1.659984046034179,1.873459977473469,6,True,-2.413650,-4.306618,0.501350,0.890414,1.072568,0.619337,-3.025994,4.153142,2.766910,-2.178953,1.982255,-3.191358,-1.009864,-0.357872,2.389245,1.980990,2.861171,1.120364,-3.066983,2.224802,-1.248130,0.862770,-2.316704,0.922501,0.879711,-1.573515,3.777184,-1.769710,2.529697,-4.303421,3.890660,3.337861,5.614684,-1.189512,-3.104652,4.156654,0.374370,7.132268,2.670631,-4.306618,5.614684,0.140181,0.1
453,0.9378087361241318,0.6519955661237019,0.03169375886931969,0.1669425964086739,109,37,1.3954772487131835,0.8014342697680815,15,False,-1.379998,-4.084359,0.501350,0.890414,1.072568,0.619337,-2.181662,2.815830,2.766910,-2.254659,1.982255,-3.191358,-1.009864,-0.357872,2.389245,1.980990,2.861171,1.120364,-3.066983,2.224802,-1.248130,0.862770,-2.316704,1.815518,0.879711,0.395671,3.777184,-2.450710,3.147550,-4.172935,3.890660,3.959824,1.645300,-1.560650,-3.104652,4.156654,0.371543,6.076611,2.465078,-4.172935,4.156654,0.150722,0.2
21,0.12188436978830847,0.390485975596089,0.3227361479535839,0.19078571540051747,80,37,1.9404585843529143,0.9850353876377278,5,True,-4.166956,-4.306618,0.501350,0.890414,1.072568,0.619337,-3.330186,1.223788,2.766910,-2.216571,1.982255,-3.191358,-1.009864,-0.357872,2.389245,1.980990,2.861171,1.120364,-1.286039,2.224802,-1.248130,0.862770,-2.316704,1.815518,0.879711,0.395671,3.903644,-2.026956,2.725864,-4.306610,3.890660,3.337861,5.614684,-1.189512,-3.104652,4.156654,0.365506,6.946597,2.635640,-4.306618,5.614684,0.138678,0.1
88,0.3149031944617796,0.26321581530300353,0.10216716160525896,0.1648246938713972,47,56,1.3247435808889345,0.9219099103494053,12,False,-5.381488,-7.905048,0.501350,0.890414,-3.539166,0.619337,-2.278761,4.153142,2.766910,-1.614631,1.982255,-3.191358,-1.009864,-0.357872,2.389245,1.980990,2.861171,1.120364,-0.839869,2.224802,-1.248130,0.862770,-2.316704,1.815518,5.337383,-2.008572,3.777184,0.634215,2.977683,-4.246104,3.890660,3.337861,5.614684,-1.189512,-3.760462,4.156654,0.361307,9.973987,3.158162,-7.905048,5.614684,0.114404,0.2
26,0.8403405045936925,1.1816665211380215,0.18009532070563145,0.15399871061972217,75,35,1.5222432600548044,0.5730825042565688,4,False,-3.670860,-4.306618,0.501350,0.890414,1.072568,0.619337,-3.082905,0.815813,2.766910,-1.614631,1.982255,-3.191358,-1.009864,-0.357872,2.389245,1.980990,2.861171,1.120364,-3.066983,2.224802,-1.248130,0.862770,-2.316704,1.815518,0.879711,0.395671,3.777184,0.634215,0.782670,-3.428097,3.890660,3.337861,5.614684,-1.189512,-3.104652,2.950374,0.349399,6.166342,2.483212,-4.306618,5.614684,0.140704,0.2
289,0.8625195310995534,0.6942928072059379,0.019566926969906147,0.17298692092375,150,59,1.326427667024676,0.730038451218974,15,True,-1.651614,-7.388518,4.485566,1.521117,-2.473496,-0.871990,-1.669450,3.248400,-0.872725,-2.222103,1.597996,0.911853,-1.635661,-0.357872,2.389245,1.980990,2.861171,1.120364,-3.066983,2.224802,-1.248130,0.862770,-2.316704,1.815518,0.879711,0.395671,3.777184,0.634215,3.041647,-3.227975,0.227396,3.951082,1.619961,-0.781357,-1.417753,4.156654,0.347249,6.439121,2.537542,-7.388518,4.485566,0.136845,0.2
311,0.8909510773363309,0.5720083946430449,0.04696350303932939,0.15697336781422733,60,58,1.351674077788731,0.6650715520623265,15,True,-5.738191,-4.306618,0.501350,0.890414,1.072568,0.619337,3.202689,4.153142,2.766910,-1.614631,1.982255,-3.191358,-1.009864,-0.357872,-3.819504,1.980990,2.861171,1.120364,-3.066983,-2.454668,-1.248130,0.862770,-2.316704,1.815518,0.879711,-2.056238,3.777184,5.058405,0.782670,-3.428097,3.890660,3.337861,5.614684,-1.189512,-3.104652,4.156654,0.345119,8.585777,2.930150,-5.738191,5.614684,0.117782,0.2
436,0.9308799980271751,0.7175731001786514,0.01226337908971831,0.16403148531450565,52,58,1.4197536987254757,0.09887755716622881,18,False,-5.807190,-4.306618,0.501350,0.890414,1.072568,-0.218980,1.196296,4.153142,2.766910,-1.614631,1.982255,-3.191358,-1.009864,2.601383,-3.915621,1.980990,2.861171,1.120364,-0.693539,-2.533313,-1.248130,0.862770,1.328563,1.815518,0.879711,-2.083863,2.847776,-0.798786,3.513548,-4.208345,3.890660,3.337861,1.604932,2.400064,-3.742193,4.156654,0.344235,7.253331,2.693201,-5.807190,4.156654,0.127816,0.2
468,0.8438113337799482,0.5552316581772851,0.024756369993624884,0.15479726108218186,57,57,1.3985253795899033,0.708348682412662,13,False,-5.852641,-4.306618,0.501350,0.890414,1.072568,0.619337,3.273328,0.449158,2.766910,-1.614631,1.982255,-3.191358,-1.009864,-0.357872,2.389245,1.980990,2.861171,1.120364,-0.712798,-2.505429,-1.248130,0.862770,-2.316704,1.815518,0.879711,-2.074112,3.777184,0.634215,0.782670,-3.428097,3.890660,3.337861,5.614684,-1.558294,-3.104652,4.156654,0.343828,6.961334,2.638434,-5.852641,5.614684,0.130315,0.2
420,0.8118670901386831,0.6934566209725935,0.033219875122290785,0.17149614984648598,62,58,1.1976806678925533,0.7414840329202107,15,False,-4.766959,-4.306618,0.501350,0.890414,1.072568,0.619337,-2.040292,4.153142,2.766910,-1.614631,1.982255,-3.191358,-1.009864,-0.357872,2.389245,1.980990,2.861171,1.120364,-3.066983,-2.486266,-1.248130,0.862770,-2.316704,1.815518,0.879711,0.395671,3.777184,0.634215,0.782670,-3.428097,3.890660,3.337861,5.614684,-1.189512,-3.104652,4.156654,0.343261,7.036288,2.652600,-4.766959,5.614684,0.129406,0.2
287,0.8453247466304158,0.5852809313491518,0.02028804027489039,0.1622854827486864,75,60,1.3519507054932116,0.8537557589053707,16,True,-4.187192,-4.306618,0.501350,0.890414,1.072568,0.619337,-2.181662,0.439642,2.766910,-2.255080,1.982255,-3.191358,-1.009864,-0.357872,2.389245,1.980990,2.861171,1.120364,-0.705872,-2.515457,-1.248130,0.862770,-2.316704,1.815518,0.879711,0.395671,3.777184,0.634215,3.041144,-4.211883,3.890660,3.337861,5.614684,-1.189512,-3.104652,4.156654,0.340235,6.658146,2.580338,-4.306618,5.614684,0.131857,0.2
90,0.41462664739888283,0.0296210967589835,0.03834139635489611,0.15064302620735912,39,55,1.3588408764775515,1.1001905424689804,13,False,-5.439504,-6.750888,1.593176,2.946952,-1.968826,2.161953,-2.181662,4.153142,2.766910,-1.614631,1.982255,-3.191358,-1.009864,-0.357872,3.305114,-1.327652,2.861171,1.120364,-0.734122,4.042879,0.074925,0.862770,-2.316704,1.815518,5.401722,-2.039973,2.979083,-2.539027,0.782670,-4.219738,3.890660,3.337861,2.401311,-0.547112,-4.181189,4.156654,0.339360,9.169501,3.028118,-6.750888,5.401722,0.112070,0.2
363,0.8121823256061477,0.5521094725211703,0.024806362615728612,0.16833825695589383,130,57,1.3378937242148006,0.8203444621295136,13,True,-0.764350,-6.322090,4.477921,0.890414,1.072568,0.619337,-1.778522,4.153142,0.721773,-2.254921,1.602718,0.897111,-1.009864,-0.357872,2.389245,1.980990,2.861171,1.120364,-3.066983,2.224802,-1.248130,0.862770,-2.316704,1.815518,-4.405631,-2.074073,3.777184,5.086410,3.177900,-2.956475,-5.614178,3.954850,1.630849,-1.558311,-1.539694,4.156654,0.339053,8.237542,2.870112,-6.322090,5.086410,0.118132,0.2
197,0.10686812373316172,0.6590388791410822,0.0009275907045149471,0.1723899052563974,53,54,1.28650715658724,0.48872939935044574,11,False,-4.239891,-4.306618,0.501350,0.890414,1.072568,-0.882271,3.412095,4.153142,2.766910,-1.614631,1.982255,-3.191358,-1.009864,-0.357872,2.389245,1.980990,2.861171,1.120364,-0.676348,-2.558206,-1.248130,0.862770,-2.316704,1.815518,0.879711,-2.092528,3.777184,0.634215,0.782670,-3.428097,3.890660,3.337861,1.581946,-1.189512,-3.739584,4.156654,0.333280,6.302856,2.510549,-4.306618,4.156654,0.132752,0.2
452,0.8418507012500345,0.5955571975052691,0.01981374873683462,0.15813387195119857,56,33,1.3280247177146243,0.6580198193173115,13,False,-4.188506,-4.306618,0.501350,0.890414,1.072568,0.619337,0.557639,4.153142,2.766910,-1.614631,1.982255,-3.191358,-1.009864,-0.357872,2.389245,1.980990,2.861171,1.120364,-0.705139,-2.516518,-1.248130,0.862770,-2.316704,1.815518,0.879711,-2.077996,3.777184,0.634215,0.782670,-3.428097,3.890660,3.337861,1.620472,-1.189512,-3.104652,4.156654,0.316597,5.839322,2.416469,-4.306618,4.156654,0.131016,0.2
28,0.8523821084609853,0.15691276268453191,0.347987103046849,0.03128740853421721,122,20,1.1732943200708457,0.8779428414112722,9,False,1.654340,-6.516891,-1.706953,1.366096,-0.041325,0.288460,-1.777802,5.083230,-0.431259,-2.359608,1.679309,-2.619038,-1.024652,-3.662852,2.389245,2.191097,4.441556,-1.020048,-2.637281,3.046186,-0.974042,1.712453,2.157782,0.842490,-0.245534,-1.722126,3.898812,-1.694854,3.546754,-2.546833,0.972838,4.083859,2.564703,-2.185274,-0.619497,3.199901,0.314812,6.912218,2.629110,-6.516891,5.083230,0.119741,0.2
213,0.7595822945278762,0.6119377814214226,0.02325751220987404,0.17988683106398146,58,56,1.3178735107908375,0.6568420632004385,14,False,-5.571784,-4.306618,0.501350,0.890414,1.072568,0.619337,3.902723,0.445960,2.766910,-1.614631,1.982255,-3.191358,-1.009864,-0.357872,2.389245,1.980990,2.861171,1.120364,-3.066983,-2.508800,-1.248130,0.862770,-2.316704,1.815518,0.879711,-2.075293,3.777184,0.634215,0.782670,-3.428097,3.890660,3.337861,5.614684,-1.189512,-3.104652,4.156654,0.313748,7.244875,2.691631,-5.571784,5.614684,0.116564,0.2
13,0.3507818178129503,1.2191286679597937,0.45413294298332685,0.09789055205551261,52,20,1.144894872091223,0.07377389470906559,6,True,5.062345,-4.306618,0.501350,-3.499342,0.874579,-4.245488,-0.104791,4.153142,-1.547616,-1.614631,1.982255,-3.191358,-1.009864,0.130132,2.389245,1.980990,2.861171,0.654771,-1.618644,2.224802,-1.248130,0.862770,-2.316704,0.161105,0.879711,0.395671,3.909993,-0.153909,0.782670,-5.129259,3.890660,3.337861,4.757134,-1.189512,-3.104652,3.157302,0.296365,7.323396,2.706177,-5.129259,5.062345,0.109514,0.1
188,0.662241409215593,0.609635324775667,0.01378856828835449,0.18953042110450516,60,52,1.642746831232799,0.719781230739918,11,False,2.499707,-4.306618,0.501350,0.890414,1.072568,0.619337,-2.181662,4.153142,2.766910,-1.614631,1.982255,-3.191358,-1.009864,-0.357872,-3.911507,1.980990,2.861171,1.120364,-3.066983,-2.529935,-1.248130,0.862770,-2.316704,1.815518,0.879711,-2.082684,3.777184,0.634215,0.782670,-3.428097,3.890660,3.337861,5.614684,-1.189512,-3.104652,4.156654,0.296109,7.013381,2.648279,-4.306618,5.614684,0.111812,0.2
229,0.8343226704264661,0.6518596717619317,0.04345668578015571,0.1604422794549621,59,59,1.3438814486480595,0.6675312128298478,14,False,-4.121606,-4.306618,0.501350,0.890414,1.072568,0.619337,-2.181662,4.153142,2.766910,-1.614631,1.982255,-3.191358,-1.009864,-0.357872,2.389245,1.980990,2.861171,1.120364,-3.066983,-2.462787,-1.248130,0.862770,-2.316704,1.815518,0.879711,-2.059107,3.777184,0.634215,0.782670,-3.428097,3.890660,3.337861,5.614684,-1.189512,-3.104652,4.156654,0.289725,7.037652,2.652857,-4.306618,5.614684,0.109212,0.2
92,0.5313872337022647,0.1348036032456137,0.11340213218641451,0.1373969801430704,49,57,1.4842417449272396,1.165806543269272,12,False,-5.338140,-7.897485,1.548224,0.890414,-3.463020,0.619337,-2.181662,4.153142,2.766910,-1.614631,1.982255,-3.191358,-1.009864,-0.357872,2.389245,1.980990,2.861171,1.120364,-0.859475,-2.293087,-1.248130,0.862770,-2.316704,1.815518,5.324882,-1.998265,3.639090,0.634215,2.967909,-4.250472,3.890660,3.337861,5.614684,-1.189512,-3.104652,4.156654,0.284499,9.888294,3.144566,-7.897485,5.614684,0.090473,0.2
371,0.898234792521273,0.7090064546937975,0.020417812857664606,0.16308619448031225,105,41,1.3810689107395333,0.6631313438722717,14,False,-1.595457,-3.686559,0.501350,0.890414,1.072568,0.619337,-2.181662,2.803303,2.766910,-2.255076,1.982255,-3.191358,-1.009864,-0.357872,2.389245,1.980990,2.861171,1.120364,-3.066983,-2.515167,-1.248130,0.862770,-2.316704,1.815518,0.879711,0.395671,3.777184,-2.462634,3.685433,-4.129116,3.890660,3.951693,1.621723,-1.189512,-3.104652,4.156654,0.269838,6.174156,2.484785,-4.129116,4.156654,0.108596,0.2
328,0.937027523911694,0.5984237627352332,0.02214140083277019,0.16025077296414258,62,58,1.385576282486912,0.8373125715675344,14,False,-4.795210,-4.306618,0.501350,0.890414,1.072568,0.619337,-2.181662,4.153142,2.766910,-1.614631,1.982255,-3.191358,-1.009864,-0.357872,2.389245,1.980990,2.861171,1.120364,-3.066983,-2.511305,-1.248130,0.862770,-2.316704,1.815518,0.879711,-2.076171,3.777184,0.634215,0.782670,-3.428097,3.890660,3.337861,5.614684,-1.189512,-3.104652,4.156654,0.269192,7.229979,2.688862,-4.795210,5.614684,0.100114,0.2
99,0.3661421557069125,0.09083970379697548,0.09268044892226009,0.1262285283589763,31,5,1.269712487046366,1.2384783523360612,15,False,-1.678541,-6.556549,0.501350,1.369709,-2.932313,1.835090,-4.197424,4.153142,2.766910,-2.160922,1.982255,-3.191358,-1.009864,-1.042135,-0.207210,1.980990,2.861171,1.289421,-1.946240,2.224802,-1.248130,0.862770,-2.316704,2.491411,5.347649,-3.189032,3.777184,0.634215,0.782670,-4.738646,3.890660,1.387711,5.614684,-0.882548,-3.104652,4.156654,0.264116,8.857648,2.976180,-6.556549,5.614684,0.088743,0.2
47,0.8579070308221378,1.1882614307042703,0.4191643523555689,0.05468141438614125,124,60,1.4148195023376653,0.30083378220705637,10,False,-0.002504,-4.682033,0.501350,0.890414,1.072568,0.619337,-2.278761,3.351632,1.089301,-2.186534,1.924730,-3.191358,-1.009864,-0.357872,2.389245,1.980990,2.861171,1.120364,-3.066983,2.224802,-1.248130,0.862770,-2.316704,1.815518,0.879711,0.395671,3.777184,0.634215,2.566415,-3.588796,-3.961883,4.249067,2.793973,-1.672234,-3.104652,4.156654,0.263577,6.004615,2.450432,-4.682033,4.249067,0.107563,0.2
33,0.16242517078764893,1.9223811276478284,0.050389000688713326,0.13660135468327136,86,57,1.0944429607559285,0.7722052756015485,2,True,6.246441,-3.478466,0.700242,-1.466370,1.714684,-3.568267,-1.047931,3.016533,0.913060,-0.605393,2.011942,-3.191358,-1.009864,-0.286393,2.389245,0.924441,2.861171,-2.221073,-3.614896,-0.585433,-0.972874,0.862770,-2.398194,-3.063850,0.879711,0.395671,5.618001,0.262850,1.003616,-4.024170,4.214022,3.928280,3.323545,-0.681836,-3.104652,3.537063,0.263396,7.434298,2.726591,-4.024170,6.246441,0.096603,0.1
8,0.7938704619591049,1.42648957444599,0.24689779818219537,0.005083825348819038,135,31,1.4275410183585495,0.2391884918766034,11,True,-0.452376,-4.477047,4.072160,0.890414,1.072568,-0.716222,-2.181662,4.153142,0.728744,-2.280766,1.797269,-3.191358,-1.009864,-0.357872,2.389245,1.980990,2.861171,1.120364,-3.066983,2.224802,-1.248130,0.862770,-2.316704,1.815518,0.879711,0.395671,3.777184,0.634215,0.782670,-4.293165,-4.900209,4.123625,2.638665,-1.632068,-1.814873,4.156654,0.261618,6.553740,2.560027,-4.900209,4.156654,0.102193,0.2
492,0.7899772157022789,0.5376028477165319,0.023484389271582112,0.17835372768768015,63,59,1.3127449923152024,0.9308836200961064,19,False,-4.791817,-4.306618,0.501350,0.890414,1.072568,0.619337,-2.181662,4.153142,2.766910,-1.614631,1.982255,-3.191358,-1.009864,-0.357872,2.389245,1.980990,2.861171,1.120364,-3.066983,-2.508290,-1.248130,0.862770,-2.316704,1.815518,0.879711,-2.075115,3.777184,0.634215,0.782670,-4.213284,3.890660,3.337861,5.614684,-1.189512,-3.104652,4.156654,0.247588,7.411401,2.722389,-4.791817,5.614684,0.090945,0.2
129,0.3287510370492865,0.006400272907692545,0.01661798584005047,0.15974461704772203,40,60,1.5355777295123076,1.2187059357277739,13,False,-5.875520,-6.587535,1.605404,0.890414,-2.270939,0.619337,-2.181662,4.153142,2.766910,-1.614631,1.982255,-3.191358,-1.009864,-0.357872,3.304791,1.980990,2.861171,1.120364,-1.847525,2.224802,0.092936,0.862770,-2.316704,0.471778,5.421272,-2.056976,2.959186,-2.565245,0.782670,-3.428097,3.890660,3.337861,2.259621,0.406793,-4.197779,4.156654,0.240280,8.544235,2.923052,-6.587535,5.421272,0.082202,0.2
95,0.4828887883939191,0.18397754728322735,0.13189260388981236,0.1550923087404494,58,57,1.4094010006902877,1.5312836820459994,10,False,-4.486961,-7.884303,0.501350,0.890414,1.072568,0.619337,-2.278761,4.153142,2.766910,-1.614631,1.982255,-3.191358,-1.009864,-0.357872,2.389245,-1.176146,2.861171,1.120364,-3.066983,2.224802,-1.248130,0.862770,-2.316704,1.815518,0.879711,-1.980822,3.658376,0.634215,0.782670,-3.428097,3.890660,3.337861,5.614684,-1.189512,-3.104652,4.156654,0.218885,8.284348,2.878254,-7.884303,5.614684,0.076048,0.2
429,0.8884337317586956,0.5687552952730143,0.025725089877040485,0.1722926514064056,64,58,1.3138344131210624,0.7724291687172343,15,False,-4.786136,-4.306618,0.501350,0.890414,1.072568,0.619337,-2.181662,0.451228,2.766910,-1.614631,1.982255,-3.191358,-1.009864,-0.357872,2.389245,1.980990,2.861171,1.120364,-3.066983,-2.503247,-1.248130,0.862770,-2.316704,1.815518,0.879711,-2.073347,3.777184,0.634215,3.037325,-4.214264,3.890660,3.337861,5.614684,-1.189512,-3.104652,4.156654,0.207706,7.186907,2.680841,-4.786136,5.614684,0.077478,0.2
43,0.570788059753134,0.14759312947079772,0.31469931906763127,0.12551161601681268,135,34,1.4545410647677732,1.9859295922386007,15,False,1.589781,-7.316767,0.501350,0.890414,1.082620,0.619337,-1.615405,4.153142,1.339568,-2.218574,1.851212,-3.191358,-1.009864,-0.357872,2.389245,1.980990,2.861171,-0.967943,-3.066983,2.224802,-0.214487,0.862770,2.290637,0.756076,-3.882827,-1.769787,3.860587,-2.042483,3.664379,-2.218354,-2.028783,4.175695,2.406346,-1.189512,-3.104652,4.156654,0.207253,7.127973,2.669826,-7.316767,4.175695,0.077628,0.2
3,0.49613724436564116,0.6092275383467414,0.06101911742238941,0.1818640804157564,143,59,1.0343885211152184,1.6167946962329223,11,False,2.432633,-7.579344,-1.713710,-3.256878,1.072568,-3.618021,-0.104791,4.153142,-0.363448,-2.253303,1.635324,1.669526,-1.009864,-3.310710,2.389245,1.958295,2.861171,-0.758342,-3.066983,2.224802,-1.248130,0.288915,-2.316704,-5.344402,0.879711,4.440492,3.777184,0.262850,0.782670,5.174413,2.028969,3.337861,-0.148978,-1.054814,-3.104652,6.312104,0.206356,9.309958,3.051222,-7.579344,6.312104,0.067630,0.2
408,0.8737854509876887,0.6714280530745174,0.001384208876084439,0.16468766828970213,51,58,1.2978650977369504,0.24878554950081855,14,False,-4.238669,-4.306618,0.501350,0.890414,1.072568,0.043879,2.739146,4.153142,2.766910,-1.614631,1.982255,-3.191358,-1.009864,-0.357872,-3.944683,1.980990,2.861171,1.120364,-0.677036,-2.557211,-1.248130,0.862770,-2.316704,1.815518,0.879711,-2.092182,2.839258,0.634215,3.054022,-3.428097,3.890660,3.337861,1.582864,-1.189512,-3.739690,4.156654,0.201485,6.587708,2.566653,-4.306618,4.156654,0.078501,0.2
44,0.5100910775071417,0.5619263791844606,0.31006629890076837,0.09273968098799644,92,55,1.1881211597237613,0.09089276068291574,7,True,-2.544256,-4.430985,0.418320,-0.930462,3.209573,2.885715,-0.644968,2.704432,3.189330,-2.219697,2.216421,0.719554,-4.220004,-0.357872,-2.880478,0.092707,0.113354,1.120364,-1.256680,-1.713244,-3.026429,0.862770,0.565051,-2.742201,0.879711,2.179238,3.777184,1.968176,2.357082,-2.531626,3.037696,4.172199,3.634890,-0.595787,-1.174260,-1.736789,0.197167,5.789417,2.406121,-4.430985,4.172199,0.081944,0.2
41,0.5217945777947136,0.22239496461230268,0.028151637840918675,0.12984206042321272,88,28,1.1175262467771048,1.812708770189472,4,True,-3.484872,-4.306618,0.501350,-2.051510,1.072568,-1.329541,-2.017683,4.153142,-0.915622,-1.614631,1.982255,-3.191358,-1.009864,-0.930601,2.389245,1.958295,2.861171,-0.795553,-3.066983,2.224802,-1.248130,0.862770,3.074509,-2.073597,0.879711,0.395671,3.553551,-2.454484,3.502016,-4.225987,2.028969,3.337861,4.757134,-1.189512,-3.104652,5.157895,0.157825,7.198937,2.683084,-4.306618,5.157895,0.058822,0.1
40,0.9874009574405839,0.7412842941337818,0.3766890926294708,0.15542938318548738,21,60,1.0835007166986688,0.7485415915122406,9,False,5.107474,-4.306618,0.501350,-3.444255,1.072568,-5.142581,-0.104791,4.153142,-1.547616,-1.614631,1.982255,-3.191358,-1.009864,-0.445693,2.389245,1.980990,2.861171,-1.679423,-3.066983,2.224802,-1.248130,0.862770,-2.316704,-4.507783,0.879711,0.395671,3.777184,0.634215,0.782670,-3.849179,3.890660,3.337861,4.757134,-1.189512,-3.104652,3.889001,0.103058,8.304475,2.881749,-5.142581,5.107474,0.035762,0.2
390,0.9057065691355847,0.7673258082940215,0.019698975012477617,0.15541972252221684,46,6,1.0708960617878245,0.722783012383931,16,False,3.057956,-4.306618,0.501350,-1.846044,1.072568,-6.201714,-0.104791,4.153142,-2.009682,-1.614631,1.982255,-3.191358,-1.009864,-0.633699,2.389245,1.980990,2.861171,-1.417013,-5.669294,2.224802,-1.248130,0.862770,-2.316704,-5.950443,0.879711,3.254253,3.777184,0.634215,0.782670,-1.676200,3.890660,3.337861,5.614684,-3.238525,-3.104652,0.723680,-0.043283,9.098476,3.016368,-6.201714,5.614684,-0.014349,0.2
310,0.8436454260232572,0.6590721118450491,0.015718291773146743,0.1730535216270364,54,59,1.0029434550060805,0.856781129583679,14,True,3.503317,-3.308839,3.464102,-2.595020,1.072568,-1.228866,-3.235375,4.153142,-2.577674,-2.598527,2.011942,0.262551,-1.009864,-5.387156,0.287859,0.049581,1.968488,-2.853943,-0.660799,2.661804,3.464102,1.148726,-2.351127,-3.998882,-1.418446,-3.797800,3.777184,1.860765,1.116432,-3.464102,3.048034,3.337861,2.379041,-3.464102,-3.104652,3.246179,-0.117819,7.986648,2.826066,-5.387156,4.153142,-0.041690,0.2
30,0.8699145256099066,0.23214528101383247,0.35182892969001184,0.09832317502336647,60,47,1.0978341606510016,0.028786977259511737,11,True,-0.897401,-5.882401,1.001111,-1.936372,1.100042,-5.566168,-0.129120,2.772281,-1.013865,-2.065676,2.674479,-0.751388,-5.816534,1.236754,-2.640890,-0.771105,-0.001289,-0.259958,-1.731626,-0.921433,-0.228747,2.048315,-0.245922,-8.879225,4.942752,-1.164243,4.788810,0.767017,1.846285,-1.339818,6.447915,4.779334,5.908763,-0.676480,-1.204438,-2.281992,-0.169229,10.942526,3.307949,-8.879225,6.447915,-0.051158,0.2
46,0.939455635018612,1.45143901677672,0.4330319447502042,0.07529267337560992,138,51,1.0263669744972521,1.899599826583848,2,True,3.768584,-4.102965,0.534808,-1.466370,-2.360033,-3.464102,-2.538386,1.438677,-0.207486,2.756707,2.552785,-0.327061,-0.401148,-2.861775,2.389245,-3.138819,3.806248,-1.799203,-4.386765,-1.049935,0.674543,-0.352251,-2.537765,-5.804217,-1.923346,-1.093670,3.193400,0.871581,0.057110,-2.568427,4.478703,2.890312,4.774898,-5.273212,-3.104652,3.537063,-0.362137,8.440367,2.905231,-5.804217,4.774898,-0.124650,0.1
